source,sand_pct,silt_pct,clay_pct,LL,PI,moisture_%,gamma_kN_m3,e_void_ratio,c_kPa,phi_deg,depth_m,OCR,sigma_v_eff_kPa,E_MPa,stone_column_flag,relative_density_Dr,stone_col_D_m,stone_col_S_m,area_replacement_ratio_Ar,Ec_MPa,Ec_over_Es,delta_c_kPa,delta_phi_deg,delta_E_MPa,delta_e,delta_gamma_kN_m3,effectiveness_%
CANSIS,5.898700428955675,68.50159303443938,25.599706536604938,55.36193171566993,23.956579898225563,14.796683117968573,16.80852841867953,0.6873322916197104,28.7778534886515,26.853939035996348,1.5648941734925979,1.4435946417686707,26.303568187376346,9.145261825555052,0.0,0.0,0.0,0.0,0.0,0.0,0.0,26.930556899863515,5.633407721852556,58.303891441872196,-0.20970556546064925,1.4713098680531047,49.86421755919241
CANSIS,37.325397282387506,5.385315865067106,57.28928685254539,27.62695214571307,5.614672911470038,18.084289052888018,16.73489399536,0.539441538866208,32.236963813388584,26.05011956082464,3.283509667357905,1.7470620280899822,54.949186215974315,7.0746813244814515,0.0,0.0,0.0,0.0,0.0,0.0,0.0,31.2108542664621,5.889247072326706,71.91877292393382,-0.2212777292722714,1.3682145701485047,53.28586666793559
CANSIS,23.9338890579944,30.80644414237831,45.25966679962728,48.81441800834066,5.553088788224931,15.6664100556747,20.03127290260518,0.7252958921923777,33.31104778460663,21.101809086990283,1.7410814215332948,1.6882092087272067,34.876077100389196,6.593254734738036,0.0,0.0,0.0,0.0,0.0,0.0,0.0,29.28026519071944,4.999389124462048,53.84205205722141,-0.199177977906065,1.1691523787259122,39.931543764773146
CANSIS,42.179820179654484,19.893963189508504,37.92621663083701,50.3357523191428,13.09025547873853,18.87490764579843,16.74773099924753,0.6711696222848664,33.804068132163415,31.741068338690475,2.1145722524601456,0.9000698761019057,35.41428726267545,10.640481249049785,0.0,0.0,0.0,0.0,0.0,0.0,0.0,30.92904727591898,5.34507498635953,60.10328645176172,-0.22015727070225993,1.3775235998629565,55.21956298198189
CANSIS,20.230171219825436,66.18880355584055,13.581025224334008,41.2065335651193,17.216079760116642,11.735596068652335,16.859748630643153,0.8724163518542551,20.643789161644158,28.831052527949396,1.874839201294333,0.8940243106639161,31.609317656698234,17.920282639053564,0.0,0.0,0.0,0.0,0.0,0.0,0.0,18.701478868772394,4.264439447771975,50.984805360133905,-0.1920651213358642,1.2528348005108807,43.864907571162284
CANSIS,56.60615822031574,29.814143161193115,13.579698618491145,56.82221178123614,24.26018544519483,22.976494772706758,19.29699131208982,0.8331785871989796,34.31923723974511,31.406533997628856,1.7313511194752684,1.0486266780683873,33.409867510691235,13.898393314234868,0.0,0.0,0.0,0.0,0.0,0.0,0.0,28.451772173510328,4.389068298508172,45.287519384661096,-0.19645565208471633,1.1886281213925323,43.3205578082524
CANSIS,25.64944173207881,66.15595959867022,8.19459866925097,66.71835073845074,22.08238441516263,11.690314089805373,17.7486992122527,0.700526550508647,27.719306214033168,31.740228469591557,4.302843806242668,1.1693971442433484,76.36988047430566,20.91882215698089,0.0,0.0,0.0,0.0,0.0,0.0,0.0,23.20605949021007,4.749666810768624,45.09866992382872,-0.1678767179887616,1.104482803008123,40.2764588052903
CANSIS,0.4733903072375758,46.88692167514098,52.63968801762144,66.27842564533881,16.14756765941871,30.00891269555904,19.383552784775905,0.6198409048402446,9.850143087108858,29.973693658651836,2.1428302706435614,1.2309922558310273,41.53566365983511,9.876830373214858,0.0,0.0,0.0,0.0,0.0,0.0,0.0,12.456263767983733,5.201111483967945,72.6588517148852,-0.22021516833466723,1.4545377939399742,49.01263522239902
CANSIS,46.14671923014803,15.791955123975484,38.06132564587649,42.541968570206606,11.840666657041647,15.842802047760825,15.826830787821926,1.0434197813855755,19.307003194039098,25.027369619995476,4.708495127457797,1.5836063818833488,74.5205556475586,14.618254646678832,0.0,0.0,0.0,0.0,0.0,0.0,0.0,19.551772138413448,5.7221470333685325,57.10672108548491,-0.20996442292208245,1.4193423215098864,49.04104370635245
CANSIS,4.384316887928235,51.67169133328926,43.943991778782504,25.661902292037762,29.928112503942778,23.500297865112763,17.93785596836692,0.7497008916578631,26.54993526116012,27.768748080246795,4.879706101380764,0.773684561815586,87.53146521452942,5.0,0.0,0.0,0.0,0.0,0.0,0.0,0.0,27.275693404066125,5.84299993015444,65.3072191934768,-0.24627027681777297,1.606080861566128,60.0
CANSIS,21.37291551918533,72.49493729454554,6.132147186269135,69.24205994811672,15.654532555899324,32.00197718903645,15.668068000916413,0.8785508296791305,12.4202094745725,20.565846497915892,3.2850418797483893,0.7450745154938863,51.470259557756044,12.866200140023837,0.0,0.0,0.0,0.0,0.0,0.0,0.0,12.759005335819761,4.784177199185169,49.112607314265794,-0.16620346781010945,0.9923675969637618,38.11727188059949
CANSIS,38.78863507073739,2.8663230603529186,58.34504186890969,61.94490432229671,16.284675608241887,26.271934226179855,15.813266017276773,0.5773041321680984,24.218455506466622,28.77832667959852,1.5720044906629056,1.2094837318270817,24.858525191206205,11.561856410311416,0.0,0.0,0.0,0.0,0.0,0.0,0.0,25.725331329636326,5.678174096462418,81.56149650530786,-0.25651695991716816,1.635595086389482,52.240393543790745
CANSIS,42.404519514872554,6.811135241104253,50.78434524402319,26.233134060163344,9.09059552979173,23.323944663783383,20.032187266722055,0.7670743348126687,24.998014371398575,20.868052091828492,2.498192973518325,1.6063127997793747,50.044269473928296,8.680959330412481,0.0,0.0,0.0,0.0,0.0,0.0,0.0,23.724719402235827,5.303502618367329,62.21133005727273,-0.20160278087867523,1.20947676833525,48.61910502185152
CANSIS,35.35856694050531,47.9627819721895,16.67865108730519,66.04209413086862,24.870238718748233,18.10834382788439,16.196226855587977,0.5151451959282061,9.880992314256977,29.103193448162507,4.190929053392856,0.9514659458434274,67.87723768442527,14.875383213234972,0.0,0.0,0.0,0.0,0.0,0.0,0.0,11.710170444536374,4.707861612976725,57.78849279292062,-0.20325795618993758,1.2883977012764023,46.72106442032835
CANSIS,39.48970786092896,45.50991894268051,15.000373196390534,63.49481810310641,22.342055644537215,18.32504782645495,18.162103411376087,0.7780003148507475,21.952559373582687,21.673570572063497,2.469562914788282,1.5339558256331272,44.852457039284126,23.309292746010723,0.0,0.0,0.0,0.0,0.0,0.0,0.0,19.507535161913882,3.954927080424612,53.05917199012011,-0.18606297589687124,1.0561744184219715,41.60135199426437
CANSIS,28.008282126790554,56.904469831270575,15.08724804193886,45.94190285630361,10.51924031971901,26.737173879954753,17.555478013003533,1.0302095739147363,28.14880732935823,19.88082080240352,1.348068873211155,1.0377765793223892,23.66599346367288,17.095014487517865,0.0,0.0,0.0,0.0,0.0,0.0,0.0,23.304744465662697,4.248292743767012,39.53113292596156,-0.16585521905364436,1.3595455540470618,41.24849168351732
CANSIS,17.338531761483164,60.92814487574226,21.733323362774573,49.563771787246466,7.059526140396067,34.85348403052919,17.236716631294215,0.7113136921421901,19.966869936078258,20.64455184228732,3.2271396437127517,1.8519119414575713,55.625291568292475,7.550901480299935,0.0,0.0,0.0,0.0,0.0,0.0,0.0,18.380886955700696,4.8049053432695,57.49747118410191,-0.1809896307586063,1.1458318159570076,44.43517534250965
CANSIS,17.441963876579734,48.696432383647185,33.86160373977308,39.95013519350651,22.012482551867826,26.545979746234465,19.999166728436364,0.5214478069162014,5.363093503283222,18.031874163505123,4.380483405984139,1.8643969275466015,87.60601798742559,5.0,0.0,0.0,0.0,0.0,0.0,0.0,0.0,8.436284059105159,4.831507253545318,65.0879640610029,-0.20580484262080437,1.1569881575856196,49.61369767123491
CANSIS,37.406493366397605,33.836530608286026,28.756976025316366,22.738081941101566,21.36278035702838,23.944585434250623,15.609116983877447,0.517025685005639,5.271154072378765,29.499833885656486,4.183705548574009,1.0864733655657244,65.30394933378888,14.435362692902874,0.0,0.0,0.0,0.0,0.0,0.0,0.0,8.561050126680163,4.836231332279526,63.17824419466716,-0.21693455413014825,1.3696792108438829,54.60090213544479
CANSIS,44.759662585879745,34.22273470322795,21.017602710892305,36.759862082295044,11.831488174955233,28.266262755981153,18.818948430877946,0.7133927179707782,15.710880319100365,29.718416784934064,1.700492560521413,0.9989918801522126,32.00148180354407,17.617044286158954,0.0,0.0,0.0,0.0,0.0,0.0,0.0,14.825369107469747,4.2182825155294426,56.93488962253583,-0.1747887618517487,1.1360738329255253,35.189646726550954
CANSIS,40.11251239560085,21.235578394668273,38.651909209730874,60.14267242990057,28.771589056260257,21.630140307092955,20.316972171067754,0.5880137150547567,32.78582205295346,26.23893359861215,3.691058457649867,1.2346951636861005,74.99113196585661,16.54695421895659,0.0,0.0,0.0,0.0,0.0,0.0,0.0,30.047837699355803,5.18146026044755,57.76064390992509,-0.19060339919965832,1.5631109312625144,51.680396416806474
CANSIS,50.270185351201434,37.05765231293627,12.6721623358623,20.231601150230144,8.776447294522505,11.503558565019631,18.30084091730921,0.5128436529805023,11.860303388108264,20.58180481688614,1.8820170537425884,1.0126910607341932,34.442494704206084,17.61388777799929,0.0,0.0,0.0,0.0,0.0,0.0,0.0,11.663308609967332,4.10554822497431,53.34902872955085,-0.14986794757753663,0.9115814130197419,38.3243487376804
CANSIS,5.42366414550237,73.50838018506063,21.067955669436998,36.67495858455721,15.808370026065047,24.057420396947744,20.18411231016546,0.9159174876725973,24.030910666150614,19.336869400171036,1.872830138208689,1.5740989962792147,37.801413847466875,10.610114947757312,0.0,0.0,0.0,0.0,0.0,0.0,0.0,20.865251396908157,4.620762687401969,53.101989803466985,-0.17093357754983746,0.9108739379149499,37.003393231679354
CANSIS,28.39211037712592,46.45798824172104,25.149901381153043,39.90843467954717,28.59039800418997,33.9406321126345,15.761289396430119,0.7521876548850399,11.662276120799618,18.30606346299659,4.49628709322074,1.7738840899127712,70.86728208568566,20.662621865406784,0.0,0.0,0.0,0.0,0.0,0.0,0.0,13.596224155093187,5.256169762584004,63.44560395107913,-0.21613177162487246,1.4802187364614434,46.37632660774848
CANSIS,3.1633186748840534,66.75283219317897,30.083849131936976,46.86978014689615,15.493182923153057,14.382573558941491,17.59396659537081,0.65908462458496,14.650099689786458,20.65197083144353,1.9986758109609206,1.575019770184582,35.1646354530221,10.224431819553589,0.0,0.0,0.0,0.0,0.0,0.0,0.0,15.378968683266127,5.513562078945684,60.8536652183117,-0.1939663898485085,1.1214014806442634,45.21204370273675
CANSIS,25.227585673328548,26.5877364500557,48.18467787661575,65.99278082063802,20.96314869160214,27.250122270516645,16.800788954810255,0.9950457506590644,30.441262688044517,32.25368855973035,2.0529893860720447,1.7716555814241544,34.4918414018619,10.482302543250627,0.0,0.0,0.0,0.0,0.0,0.0,0.0,30.19796757493618,5.888454612035409,72.57318741136099,-0.23486939343086974,1.4940166036215483,54.82820438309803
CANSIS,27.378852051146726,56.63908993014349,15.982058018709786,37.31729971829806,14.939859949069858,15.023342216476411,19.154104824903648,0.563876428110289,26.865843268098406,21.864589467226907,1.0026135630451982,1.2160898108697165,19.20416528543787,13.677008180486961,0.0,0.0,0.0,0.0,0.0,0.0,0.0,22.519226289477654,4.113617697588298,57.82026074486984,-0.17296902119685828,1.0343492365557911,41.70033625890294
CANSIS,47.3666106339867,19.35049525326466,33.282894112748636,37.34766009481139,11.85538005871675,23.39569211182703,20.406485452486233,1.0257553559254258,7.861978319396319,23.668341235475452,4.482676136502071,0.903212061921519,91.4756653677367,15.174557575229834,0.0,0.0,0.0,0.0,0.0,0.0,0.0,9.642003928533011,4.001110116951536,47.82147983484103,-0.1873931567810918,1.1370180830087022,40.48933716631921
CANSIS,17.96986628588822,44.44733242669945,37.58280128741234,56.87506240548742,29.599441198995706,12.416911241167991,16.78265031222124,0.672681694557544,17.86106062959301,19.68552775170133,4.170379252836539,1.6593362316168698,69.99001666969812,13.776605382670418,0.0,0.0,0.0,0.0,0.0,0.0,0.0,19.403926417625648,5.628304515715875,67.02550149910569,-0.23610510553540712,1.594830446392138,53.00789680643925
CANSIS,7.752483800066967,84.69274350033315,7.554772699599875,42.61089704449036,15.233350157876075,21.25927340645463,18.770873007370373,0.9886220197697747,5.875092909357934,21.557780875970725,3.509315740362712,1.16861685668402,65.8729201051144,8.725558179382023,0.0,0.0,0.0,0.0,0.0,0.0,0.0,7.8156571687942185,3.9962587814232933,55.011127940595536,-0.1999198767357237,0.947116345639624,36.30115982792153
CANSIS,7.262907380428407,54.322125764992485,38.41496685457911,31.2302411469991,27.35248009197836,28.904083222381153,16.4904881637987,0.8316185820637039,19.42670439809027,26.307593132483284,4.001063055755369,1.5726520727978723,65.97948296354618,7.557546275951097,0.0,0.0,0.0,0.0,0.0,0.0,0.0,20.93996559096754,6.101351519269173,69.5313081943472,-0.23761316162305404,1.511130513855408,60.0
CANSIS,47.83092947924449,37.790243717954475,14.378826802801035,42.621975806634666,10.748865147277154,18.68928810597455,18.32665127285805,0.9546890478578182,24.873020351032043,27.72404292953044,1.6081942696979672,1.0518371245762954,29.472815559763273,20.041445492109638,0.0,0.0,0.0,0.0,0.0,0.0,0.0,20.575171716514753,4.151847894732414,53.00548823708127,-0.16959737778078512,1.0022183998997807,37.26441053784806
CANSIS,40.6237773534952,50.79838503231443,8.577837614190374,27.042851018989992,10.327617600627082,26.62279311218045,17.81966243344168,1.0412072397657552,8.555078707944546,21.925637026659377,2.8332943783503017,0.8055985252486744,50.488349396770374,16.36027342373529,0.0,0.0,0.0,0.0,0.0,0.0,0.0,9.45591110042217,3.592040167983905,56.846170378096204,-0.1459837543702416,1.0017070262443617,35.958965055727575
CANSIS,4.187049904603454,38.624245546463214,57.18870454893333,28.819349325311165,5.778352072112784,29.88624901974323,20.360026648157685,0.6586229908003102,13.66654816727497,18.923714547601875,2.4048775493951235,1.9903563341340924,48.963370991240865,5.0,0.0,0.0,0.0,0.0,0.0,0.0,0.0,15.139310573821867,5.302776838368306,62.72982057298761,-0.21610241439375721,1.387069417698449,50.30690583038429
CANSIS,3.443763192695926,38.446474988203306,58.10976181910077,44.91838863697399,21.291670634397125,33.17944548698632,18.542636363482334,1.0286245169741761,16.93509876506471,24.256525906038377,1.375106105028066,0.903061960309779,25.498092466739973,5.0,0.0,0.0,0.0,0.0,0.0,0.0,0.0,19.293539340911472,6.233092192761399,80.28630587705652,-0.26070766924712807,1.6618105453995144,60.0
CANSIS,31.73222273145668,18.805923122137948,49.461854146405365,40.946272475227396,14.213158593094029,15.866052046386338,17.247531860434094,0.7142150421963313,32.585930739681494,21.747253934821345,2.9445219408596963,1.9849472921525253,50.785735988724845,10.422084005180745,0.0,0.0,0.0,0.0,0.0,0.0,0.0,31.173128573246302,6.039547268496553,62.8939660049304,-0.2305462124029563,1.5756020993610695,51.96481164422581
CANSIS,4.301976054896032,73.94426664056859,21.753757304535387,65.742295053405,26.608956245990925,19.982897895232703,16.070478924439666,0.7120315476053073,34.79765046268892,21.51286277167683,4.682958601370542,1.9704639123363814,75.25738750734875,10.483414119789673,0.0,0.0,0.0,0.0,0.0,0.0,0.0,31.77572329210126,5.515583076638188,69.6439348459381,-0.22668337278454045,1.421915659802307,54.56428697563832
CANSIS,53.26805174337076,36.35998198627813,10.371966270351113,38.119694955831655,16.83024766728893,13.810400333260436,16.25623414367467,0.6872129073399782,6.347338969868476,33.35780484341528,1.160236476202778,1.7319635350804514,18.861075819184382,20.135431461145576,0.0,0.0,0.0,0.0,0.0,0.0,0.0,8.410249196872948,4.57905138838907,53.582840303941985,-0.17404915051352648,1.1596694804497945,41.51512731113381
CANSIS,34.38240827826916,22.984775263562206,42.63281645816863,49.029417513902175,29.20483569786804,34.81208755395938,16.626584649756175,0.7977741840411718,27.830237704861762,27.860807774811583,2.1658436539751755,1.5572498507065968,36.01058285095548,17.822117645305187,0.0,0.0,0.0,0.0,0.0,0.0,0.0,27.947861434518764,5.8193412200266685,75.77353149955799,-0.2363120022583601,1.3505278464830586,56.11632558853025
CANSIS,4.506381305117515,66.28523153920442,29.20838715567807,51.61321439597652,9.63813789257803,33.17502419810738,16.75483330670149,0.5847797737481679,16.151721992070296,26.910055090753534,1.8301637448228139,1.4511491653264101,30.664088468474805,5.0,0.0,0.0,0.0,0.0,0.0,0.0,0.0,16.487491061299924,5.055799024595234,56.850061059837124,-0.1937259963125923,1.2878189507903415,54.76184357595834
CANSIS,5.441825966681826,82.84607111685534,11.712102916462836,20.65472282941668,26.71557919889027,23.49892825701399,19.75308028920569,0.8045413169469062,16.773745586884402,24.65240165637315,1.9525866146627853,1.825932008991185,38.56960017106233,17.36395663920155,0.0,0.0,0.0,0.0,0.0,0.0,0.0,15.727371361679408,4.700827284259727,42.06815687227525,-0.18565781016894062,1.1553336499745568,37.4478195161229
CANSIS,53.16274025724765,14.602529686632494,32.23473005611986,53.17686860083553,24.414921319793542,31.05083235941053,18.306113941412626,0.7979376468255022,27.62794920041068,24.86310933488231,4.633738207517501,1.0762713781053344,84.82573960149247,11.175967729610534,0.0,0.0,0.0,0.0,0.0,0.0,0.0,26.025657981472577,4.814556044292996,67.64002695526966,-0.21442613835175567,1.4517897224095215,49.17815974294864
CANSIS,24.909336686564725,68.19929465209826,6.891368661337012,28.90179834348757,24.2730461161013,23.023949431801057,18.116954556871832,0.9190459969326785,32.552792964362254,26.654480061409295,2.8722762169371605,1.3079855762303403,52.03689769703428,17.452880324053737,0.0,0.0,0.0,0.0,0.0,0.0,0.0,26.743496397750906,4.192671151082396,39.25087286612928,-0.19021284083957812,1.0061687918661895,36.60898823268906
CANSIS,15.749952106564407,29.23742577910258,55.01262211433301,68.05351587347275,26.119580702922192,25.589642200068994,16.073844359346086,0.958507479065672,33.52785783507645,29.142876912577716,2.865197651759275,1.5052069601764524,46.05474111314248,9.162090327053367,0.0,0.0,0.0,0.0,0.0,0.0,0.0,34.583704031807784,6.100108036803007,78.54751141680141,-0.25431332974033116,1.6204788854423264,60.0
CANSIS,49.07972372074797,31.6873772912511,19.23289898800093,27.433136387655647,24.02559977357497,12.228110802900416,19.800698466747175,0.7422427426718332,22.313677581149623,29.234337538909273,4.042302569821129,1.2345476186303384,80.04041429638539,16.430825593150004,0.0,0.0,0.0,0.0,0.0,0.0,0.0,20.042429179439694,4.6044092042110165,60.01482083692319,-0.17942225772031456,1.078306899543922,47.466418877381145
CANSIS,46.68101346157659,11.880260898954404,41.438725639469006,40.73120618635119,20.655508040785385,28.881760512420197,19.11407151604242,0.6662832871433215,15.713634779015084,20.747102523287193,1.6179688160197032,1.2557323903173483,30.925971660127086,16.6556294262597,0.0,0.0,0.0,0.0,0.0,0.0,0.0,16.61513052062928,5.548878081165962,65.2820483185735,-0.20836742597600452,1.418313096528179,54.87439215264678
CANSIS,58.103016860731685,19.75287395435071,22.144109184917603,24.267483403932193,8.28112194205969,13.192837090880872,15.838341809500008,0.642634193524402,28.626472575763376,26.00180403322603,2.949061416400203,1.1293700677527096,46.70824273015465,25.920779586500263,0.0,0.0,0.0,0.0,0.0,0.0,0.0,24.27699908321723,4.212318756701142,64.6517123072363,-0.1804592697996583,1.2414890394061446,44.99546588887722
CANSIS,40.07831019980949,26.317948635410914,33.60374116477959,69.84371259229736,5.813154487281298,30.651690756313208,19.039175486148842,0.6070431101876795,12.530041497869007,24.59132952054563,2.719940856484239,1.4335013616898968,51.78543127854941,6.196388665938166,0.0,0.0,0.0,0.0,0.0,0.0,0.0,13.245726099969605,3.92058498594972,62.601069111523444,-0.18658878343338503,1.142407675982173,43.398631805343065
CANSIS,19.74063498777899,45.19029964834063,35.069065363880384,45.10975051656213,28.02119619539217,29.550702191759648,18.21769108671323,0.5317061702094636,21.92222086500553,31.928431460310147,3.3876427621866245,1.8057468864196509,61.71502935365586,13.2756615515686,0.0,0.0,0.0,0.0,0.0,0.0,0.0,22.005169991126632,5.274502429154811,63.30066558276037,-0.20638030277783703,1.5284060734338916,51.13443747137044
CANSIS,5.21182269032374,79.62118225577227,15.166995053903987,49.76925086600219,20.41625786301845,27.71861744357441,15.908626728733891,0.6883463883590923,15.757353845746195,28.10270273949402,4.998230813001754,0.9619868914082066,79.51498830810104,5.0,0.0,0.0,0.0,0.0,0.0,0.0,0.0,16.215620620194542,5.227771221254825,61.09170921914467,-0.20675632180582026,1.3009363075946323,42.401889283721836
CANSIS,31.735899987160323,9.936945485788954,58.32715452705072,23.353823869421376,24.913432274404407,10.904009513119053,17.79150320764328,0.6486362306719308,24.698932211236283,26.52006506265571,4.077795576328189,1.9147629503794739,72.55011307635655,6.13584495681402,0.0,0.0,0.0,0.0,0.0,0.0,0.0,26.50654055431452,6.3959478267996035,78.79010957685745,-0.25589100049267577,1.6554833635148996,60.0
CANSIS,25.789256633616453,26.57843808152225,47.6323052848613,57.49802351995889,17.038058787813753,17.578208898633214,17.923481435650235,1.031529562226524,12.211967386805206,19.846314274862678,2.5914628120697087,1.5958139498726984,46.44803560330938,15.90333689210234,0.0,0.0,0.0,0.0,0.0,0.0,0.0,14.274179655988284,5.5549672790091424,58.13251765269114,-0.23446590485289617,1.4025873138216347,53.94414111832675
CANSIS,17.67469208558728,25.652866128382314,56.672441786030404,30.49527965477929,7.932704724059862,16.577814247771073,16.32887270081638,0.8067398544375242,10.747788372044774,27.690206229174585,4.310212209096187,1.7702551764840393,70.3809064758362,5.0,0.0,0.0,0.0,0.0,0.0,0.0,0.0,13.681883309335932,5.740526250254791,67.62169991266997,-0.24887111965003064,1.6369506359973995,55.37314189424386
CANSIS,38.875576937417584,6.90891878906173,54.215504273520686,64.90271447203568,8.12964480506376,19.003410186787978,20.22849073500141,0.6910023714667792,32.54717260026311,19.875262490883735,1.6828334532499207,1.423047900419015,34.04118091761645,6.651967969209128,0.0,0.0,0.0,0.0,0.0,0.0,0.0,29.900816285167565,4.835647847183859,61.326326355492924,-0.21399507823780836,1.404876458429387,54.27720557083367
CANSIS,5.677493317011134,56.43800784837918,37.88449883460968,30.25698202410036,22.139132180724285,12.191068669095964,19.749876857403308,0.8192571805465327,8.054110488486106,23.395305209052033,1.1218547452358405,1.7133717118512826,22.15649307030141,5.9609044020446085,0.0,0.0,0.0,0.0,0.0,0.0,0.0,10.697054274698012,5.387804690124799,52.66990922606171,-0.20451134760120837,1.6430639694089542,47.52488404745913
CANSIS,20.76338878242172,23.533528291306858,55.70308292627143,29.534386033183328,15.757647372486566,33.42394557577657,18.84511168664554,0.5765581857401325,20.17873723204795,20.285471437029308,1.8177934898570922,0.7210605165413073,34.256521339614075,15.475395847552504,0.0,0.0,0.0,0.0,0.0,0.0,0.0,20.923773771420112,5.283823258467355,69.43482133044454,-0.23065063330408833,1.357965383283644,54.9227006186769
CANSIS,0.7387414298966531,89.39417095724778,9.867087612855572,21.827483392404744,10.013118167508418,23.845056017809405,17.811477805003037,0.7442240620612116,11.625583488890268,29.073178352389903,2.3616462244570386,1.7638945522133957,42.064409310185766,5.0,0.0,0.0,0.0,0.0,0.0,0.0,0.0,11.89273281128075,4.846306738380825,48.629169942276526,-0.17448740355839998,1.1194955197536038,38.635454546099965
CANSIS,29.108733346270437,55.112209220676576,15.779057433052985,43.60334725549996,17.289863668535922,17.638107766450588,17.558827707922543,0.8444288767815851,6.167898899770023,21.30003382137844,3.0423230298382395,0.7521805168109764,53.41962591277454,10.545617707560115,0.0,0.0,0.0,0.0,0.0,0.0,0.0,8.49695712581598,4.724293418017526,45.215471045205476,-0.19128307142467585,1.1024382554759697,44.99172835434525
CANSIS,3.7304438843375376,88.78205522558288,7.487500890079594,48.242056663130825,6.605223426878352,19.924537926857084,18.75486733575477,0.7688938074858482,6.0805645487427915,24.269749971008416,3.4605165621647993,1.8568873892717213,64.90152903658299,16.674544259182632,0.0,0.0,0.0,0.0,0.0,0.0,0.0,7.498746871736216,3.4862171360594973,45.0311085716945,-0.15536471782618,0.7938090496090675,33.2137386730532
CANSIS,6.957194868092278,70.14963693992819,22.893168191979537,23.28543197141762,19.549285047859968,21.18006351262089,18.227159347034526,0.7209783403598784,10.256653163174821,32.33079644190046,4.642422868857687,1.9895515714102363,84.61818138698622,17.636044271282152,0.0,0.0,0.0,0.0,0.0,0.0,0.0,11.583201486883887,4.4560063770443925,60.77038077767632,-0.1878595334121193,1.1905225289340977,39.65762079866028
CANSIS,6.676827623175265,66.94592144390322,26.37725093292151,58.776380834750526,11.724835110877443,25.014858334015432,15.811365529409429,1.046616613894834,31.003110635180008,21.269062134383525,3.0394160382018307,1.082287700829811,48.0573179759586,7.914649505454434,0.0,0.0,0.0,0.0,0.0,0.0,0.0,27.914892565749,4.956164578671736,62.71955128248,-0.22014123647911193,1.3116966497255877,47.970580725114736
CANSIS,38.9772242531714,41.098578999264326,19.924196747564274,42.664441737401376,24.938977515929704,22.891985692412444,18.062513243851658,0.9841731191819099,13.4743623193108,26.124881023340464,3.0051025785029175,0.9734141231715316,54.279705123341714,11.964376703732995,0.0,0.0,0.0,0.0,0.0,0.0,0.0,14.302131305190724,4.778819725946775,57.52342023491792,-0.1868018668397202,1.605381917373201,49.44552070328683
CANSIS,33.35545653907166,16.06398045757222,50.58056300335611,46.219513466379,12.759048973089344,32.98479933036043,19.532018086164197,0.8428732769876921,33.513775117258874,24.708346578656354,1.2009720392919285,1.694972373015453,23.457407592427447,19.605297214801308,0.0,0.0,0.0,0.0,0.0,0.0,0.0,30.249878502921522,5.437955668930365,66.58981467435567,-0.21677528699260207,1.3087741629994294,48.94382742537798
CANSIS,33.65412608402585,41.72444094782674,24.62143296814741,42.03813734691141,16.38050372704503,22.424087072645754,17.79619938798479,0.8131575486502556,22.448668789675807,18.289984656731676,1.1396462106248952,1.028934243196329,20.281371196041945,20.529474848749636,0.0,0.0,0.0,0.0,0.0,0.0,0.0,20.391865505556606,4.6467143190362785,59.8675062944619,-0.18156385965032962,1.0416153928957574,45.80889793599213
CANSIS,57.513191510671874,22.035410456522186,20.45139803280594,40.0381530437663,5.290513497702516,34.80395037058282,15.759782887771342,0.8413632639035212,18.098425693062982,30.684129817165005,3.2046398476654883,1.8252310981238644,50.504428232708726,24.187589936863713,0.0,0.0,0.0,0.0,0.0,0.0,0.0,16.561739023810258,4.060144720555815,53.22257318322009,-0.188518079400121,1.1166515587678383,36.97611583378523
CANSIS,19.70914224988366,45.44257317641268,34.848284573703666,47.982016565410895,6.811172194863972,31.285623943627392,19.431390996920165,0.6107216593023383,22.402665040083637,19.104734501033597,2.752714452993378,0.8336953698047197,53.489070838987544,6.500210199030242,0.0,0.0,0.0,0.0,0.0,0.0,0.0,20.52000524392058,5.222159721902576,51.748549645765856,-0.18477107854269786,0.9475514504011884,44.100682380712065
CANSIS,18.17831258008277,69.07085504630528,12.750832373611946,27.762012296535623,14.81233891016712,15.212762858933395,16.506818910679872,0.7173257587953752,20.50095155678803,25.588080335631258,4.356721579921194,0.8637417552931657,71.91561416401025,13.088564512236141,0.0,0.0,0.0,0.0,0.0,0.0,0.0,18.667585583955628,4.475092654239605,55.59719011916721,-0.17662639370450242,1.1270552325225496,40.19638697822259
CANSIS,39.46878220451122,11.410383854016594,49.120833941472185,29.096406524763555,16.998470867928088,33.264880366097906,16.793104174440195,0.5217027430899946,27.763287612719754,26.9708527190232,1.6427183388473807,1.9728970216308002,27.586340193527413,12.401277335289823,0.0,0.0,0.0,0.0,0.0,0.0,0.0,27.540864350737483,5.914932471944751,78.45019196796903,-0.23050300299469448,1.507207204621644,57.57064868615002
CANSIS,14.634315723705114,76.26539887390749,9.100285402387396,63.089281050675865,20.000513702982595,12.909159947136903,16.32353176716148,0.7615503206177547,13.474881979185568,28.054823305833395,1.0998866484681984,1.575990567751006,17.95403464654741,14.635493518043209,0.0,0.0,0.0,0.0,0.0,0.0,0.0,13.71880115764174,4.327391185031579,51.05989675958388,-0.19535508260403986,1.2483097871329274,42.70128200715689
CANSIS,38.87624852888058,1.8449699580909709,59.27878151302845,67.30577310668164,12.29156446773258,30.43624271227979,17.15107532435749,0.7986635211767148,15.591511748009072,29.01810606892601,2.7961550717205035,1.8009533917576386,47.957066253662575,17.53992374532621,0.0,0.0,0.0,0.0,0.0,0.0,0.0,17.534873605626675,5.822123739770028,84.27448093028907,-0.23305406191429714,1.6307913853653428,57.7131024196821
CANSIS,0.5623057302367228,51.96423195844713,47.473462311316155,38.66546581398765,22.374547153163565,19.515582336914502,19.283757528443175,0.6252623548567653,31.82282907599752,22.05235813636344,1.94991422700903,1.1216281905569734,37.601673154903835,7.641373677981043,0.0,0.0,0.0,0.0,0.0,0.0,0.0,30.54319941963945,5.672614667368878,66.63603805478822,-0.24180063143175717,1.4133561467388496,57.45534937042106
CANSIS,60.16674217125941,23.90389534436111,15.929362484379482,33.53723365717769,26.503059929730114,31.949358011126737,18.096929297519686,1.0302158659410328,33.393695394512164,18.15966042653519,1.1984574933553498,1.5794288743767857,21.688400523334433,16.876227473109132,1.0,0.40818027671808055,1.158457545544052,2.3085241439171083,0.19777950455535231,125.73047523089868,7.450152910728405,34.274359908007945,5.710603159335551,79.87566299536977,-0.2615900470078117,1.665175702333727,60.0
CANSIS,2.9067398692209125,91.78954368898096,5.303716441798132,52.19997716195079,24.496274722333744,31.70141725268626,16.524406370753564,1.000200036015483,31.776746824594234,29.57509859767859,3.898393147390516,1.4725143755011763,64.41863256044188,16.951960101176443,0.0,0.0,0.0,0.0,0.0,0.0,0.0,26.771065250533777,5.072381506063282,50.00890520706742,-0.17336415952899215,1.0484051922042463,42.97051084290274
CANSIS,40.168107172137056,9.981514262847064,49.85037856501588,40.43670855490482,5.990470633708929,30.148135002940528,19.889150390760204,0.8971787795007482,17.583439818719405,26.570505589561257,1.44637199982899,1.4840951561598312,28.767110225583373,14.298919809567897,0.0,0.0,0.0,0.0,0.0,0.0,0.0,17.508227115547086,5.294466588164245,61.60932938892755,-0.1940026994746043,1.136814468389321,43.91749009824683
CANSIS,25.362066244685195,30.760779843695865,43.87715391161894,21.269317783017243,17.012673681445726,29.750760907676536,19.897909274757644,0.7933626458209495,28.41096509020645,31.37788325131598,3.4332780000310867,1.5872921973990382,68.31505415963994,13.950462199797673,0.0,0.0,0.0,0.0,0.0,0.0,0.0,26.250671267066625,4.967947757069858,52.364009829631776,-0.20931093523766456,1.3633192790997724,48.85196048039721
CANSIS,47.118466253511265,7.786139504234434,45.0953942422543,27.80762986830952,7.623254460454372,17.61697847745102,19.852892125230035,0.9784830378062268,19.290071999032964,31.142213806411107,2.1241990006675566,1.4479669250678282,42.17149361277445,21.65593647574062,0.0,0.0,0.0,0.0,0.0,0.0,0.0,18.27971100153679,4.344113599387222,53.70000492868936,-0.2020311708227275,1.0496080906256016,42.79433611046226
CANSIS,3.416047812777593,49.164083119495395,47.419869067727014,55.798611442369875,11.051125396563187,12.022982076281306,16.693981056907695,0.5718587891029046,19.926195564383065,31.49321868460613,1.693984201420088,1.2577810800934657,28.27934016920786,5.0,0.0,0.0,0.0,0.0,0.0,0.0,0.0,20.82964933493211,5.686868305344791,63.284103598294706,-0.22365244876174661,1.4250247182924942,53.19597285959435
CANSIS,36.25739063809109,54.670153516533944,9.07245584537497,52.94619709550757,29.666564831678663,20.07450446912904,17.75619672090494,0.9347803868511868,11.140403271718519,25.76151455967264,2.51900609167727,1.0586995026947108,44.727967704979505,17.654561554362406,0.0,0.0,0.0,0.0,0.0,0.0,0.0,12.156860197525875,4.616363737166177,56.5920511413634,-0.1885709554289305,1.057685453014649,42.35523717728604
CANSIS,55.87272331500012,19.411661615064883,24.715615069934994,21.354799625174174,8.56238857253783,14.338112874662716,20.424948280704378,0.5686514476817666,22.733909097755493,23.33805433338985,4.205783104891815,1.6991557301871625,85.90290239727558,17.50656133407905,0.0,0.0,0.0,0.0,0.0,0.0,0.0,19.227595090426917,4.15862674847146,54.11897015833873,-0.18953340864490803,1.0815398015255784,34.70608896793025
CANSIS,33.642305962285555,54.98489576383232,11.372798273882134,31.098608096647474,17.472203836283903,27.373777222561543,19.36006238154995,0.936815864402173,10.58407693260044,30.66493124146192,2.5683743076182908,0.9941541590041421,49.723886814660275,11.217469600872928,0.0,0.0,0.0,0.0,0.0,0.0,0.0,11.145079236265916,4.2301518766382715,53.73898477457128,-0.16353531247767,1.267975209245992,33.08200302521518
CANSIS,27.545414751690824,19.983896825151525,52.47068842315765,31.55373982940357,20.45389335795298,18.65249316344464,15.635837106127799,0.6516721625382463,14.946940972015813,25.22070580846808,4.003078596844222,1.6000605980007383,62.59148486328289,11.12741947356576,0.0,0.0,0.0,0.0,0.0,0.0,0.0,17.67792361763135,6.232235998602115,62.65852961049309,-0.25109081591412763,1.4679185526067013,57.61617762462869
CANSIS,35.03741800532353,25.681185019160786,39.28139697551568,53.59463717993642,22.5616242636026,34.39025502149787,15.82602295630246,0.9823998195600039,30.650906048598053,20.935075142454952,1.5019451871966027,1.0033326694441245,23.76981901168143,22.76727160803127,0.0,0.0,0.0,0.0,0.0,0.0,0.0,29.267947706153343,5.915997844663717,80.66133816122142,-0.21388407647209323,1.2221796225061443,53.7163714832727
CANSIS,26.545336506807597,50.255272126296695,23.199391366895703,20.98552688771821,18.991217087172853,26.0243019336333,17.819656884061665,1.0192231516039687,11.212274276325656,31.67958431298359,4.091085678660317,1.51292922094079,72.9017430770254,7.033298379667291,0.0,0.0,0.0,0.0,0.0,0.0,0.0,12.649176192240764,5.052338670834589,61.68203885875181,-0.21186552640909453,1.2495858865467906,42.59280238109081
CANSIS,41.26329010800708,50.24100062626162,8.4957092657313,25.20542909922869,5.244271185479591,30.562014090859023,20.0461010293078,0.5818377831728136,7.134748555202984,32.120958028357556,1.9477332996265946,1.6712017472677376,39.04445850246175,19.6139170457642,0.0,0.0,0.0,0.0,0.0,0.0,0.0,7.910934306774235,3.1115937880739226,34.63295302512315,-0.17203747303808103,0.8298308668390025,30.917359785006344
CANSIS,34.44415196813704,43.45182033750153,22.10402769436142,59.99580426865947,13.161532706099797,13.313116818546211,18.193508989763572,0.7544715827859665,7.070227778384489,25.460956098242722,3.709572519555491,0.984328055578501,67.49014098271273,18.100636027867772,0.0,0.0,0.0,0.0,0.0,0.0,0.0,8.973087714418481,4.805385799701744,53.97817421902577,-0.17790153407854847,1.1452241999772783,47.080822165052986
CANSIS,52.76952293127372,24.34539435725519,22.88508271147109,28.92723310271668,17.942791084617788,31.550362056815565,17.989062540171453,1.0395430579894769,33.22353561509324,19.2111956369566,3.2631262193639854,0.7779262911197007,58.700581636611965,19.203039748333783,0.0,0.0,0.0,0.0,0.0,0.0,0.0,28.224035223326272,5.079026579718263,56.78740358619967,-0.18570278867783768,1.122494201373412,46.50996028136764
CANSIS,2.1557867763421035,52.71587341506438,45.12833980859352,52.63730539259374,7.1966624786208335,33.068929762834856,16.027368499783154,0.7658740897852306,20.207613138855038,24.2052174386709,4.716578868846749,0.8702658658924263,75.59434758929726,5.0,0.0,0.0,0.0,0.0,0.0,0.0,0.0,20.788846811770476,6.4114080508476015,64.1809472969553,-0.24214800921331356,1.4156605932891413,57.89336069104634
CANSIS,14.038935328216809,45.89540374724647,40.06566092453672,31.909139052336325,13.76567328022952,22.176547970473397,18.78390052362147,0.9749511373829999,17.28236215451055,30.856602551401654,2.549290071901256,1.487796057452333,47.88561111644902,5.0,0.0,0.0,0.0,0.0,0.0,0.0,0.0,17.81381559561491,4.829735115395846,65.13359711342856,-0.22256763401565463,1.3941362468751899,50.896869655615205
CANSIS,40.9643027426687,5.238996415633338,53.79670084169796,24.97206963796726,5.830077719784164,25.156323443774436,19.610515803001128,0.823802337172226,29.326357430237554,32.42838445673966,1.2646607553377618,1.8042803280934563,24.80064972798652,14.303161592118812,0.0,0.0,0.0,0.0,0.0,0.0,0.0,26.889250977856122,5.138032902805207,58.861717174796595,-0.18099650168197287,1.4444021967754184,52.125186039944026
CANSIS,48.53191964531467,20.496259470778117,30.97182088390721,32.1586095499727,6.964462428875518,29.120245022574885,17.40210003753781,0.7064314493557811,30.07477783731548,21.255563879961535,1.0766219422050116,0.7584958676060516,18.73548274085986,13.864579155753894,0.0,0.0,0.0,0.0,0.0,0.0,0.0,26.159619975733523,4.033094903430617,54.308258664346795,-0.19462796090767606,0.9627115018779997,42.03678804779253
CANSIS,29.258247854742805,59.1640686186506,11.577683526606593,56.11334659278296,14.923081905039902,14.370965681510313,19.37805925462664,0.6571809555392286,14.965730993468139,19.071577792404344,4.307434243891013,1.65439663675414,83.46971601352794,6.3448413494928015,0.0,0.0,0.0,0.0,0.0,0.0,0.0,14.190546958957848,4.3493199393878355,45.89680707885219,-0.16449770992265755,1.0107398250584463,37.13687711740317
CANSIS,29.695525925456224,26.076010777279052,44.228463297264724,62.784823405314285,8.317893851076509,22.56415191158606,20.32238326950406,0.611772700097348,25.808541724213857,32.03760725012542,3.0989425506457287,1.1437142397350677,62.97789824439699,16.96391259405328,0.0,0.0,0.0,0.0,0.0,0.0,0.0,23.139796280624086,4.5330928408659705,48.702638774372105,-0.1997379703701839,1.2349229343677282,36.4227361266776
CANSIS,12.919974789784334,40.236847536286305,46.84317767392936,61.51099322834958,19.188521206538955,19.966575694307828,16.518832295638447,0.9189890052577335,28.1336844755566,24.230479023662006,4.100976207339797,1.3220868808953794,67.7433382174495,11.025550341610053,0.0,0.0,0.0,0.0,0.0,0.0,0.0,28.030388827861483,6.32178857608681,73.0090456878494,-0.25776781389017006,1.4132693187385088,59.5432804965529
CANSIS,9.79450505468879,54.33524907898892,35.87024586632229,39.85917648092274,22.236624228431644,13.659349804056227,18.116648155973706,0.7125972787526653,24.639520605978635,26.66817542828101,1.9377024000460588,1.9075174147992353,35.104672612620256,8.539781649544452,0.0,0.0,0.0,0.0,0.0,0.0,0.0,24.00424182591915,5.10063837136222,69.81295383597512,-0.2214118683999505,1.607647214522414,56.145386281777434
CANSIS,21.468495414283627,31.128309688215523,47.40319489750085,53.40425682853231,25.014667477727073,19.188360557288284,16.935689790422877,0.7812015042104132,9.547852244002982,33.48905299281214,2.380334982052935,1.131562956156599,40.312614853340314,11.021606817452545,0.0,0.0,0.0,0.0,0.0,0.0,0.0,12.782282105437899,5.396775643564384,77.47265110498121,-0.2461364853926345,1.4948099808589201,56.04538260929928
CANSIS,19.052971602226265,48.78827059773224,32.15875780004149,30.24921477079105,10.003756106120253,11.70430773463734,19.464272095169196,0.7707790140006501,31.276492505511712,19.065035646627564,1.1204154888452758,1.3049380141213318,21.808071934526456,14.274503988941522,0.0,0.0,0.0,0.0,0.0,0.0,0.0,26.600484842389815,4.3831798760611385,59.76747065799657,-0.19002207398134596,1.152412577040694,42.00420069542048
CANSIS,31.006641754751616,35.24305262923872,33.75030561600967,34.65738651305067,9.187064556476745,10.645297673737174,18.387966829405787,0.8175034660782222,21.17283658208026,28.37308811923353,4.845969298296449,0.7177871391888854,89.10752271339395,14.398547601224356,0.0,0.0,0.0,0.0,0.0,0.0,0.0,19.689016552738103,4.092165140251098,59.0642037746526,-0.1938468863390739,1.2721660931059466,42.240537934769705
CANSIS,4.333132484268578,67.1521115060112,28.51475600972023,64.81679092605599,7.614196008360006,13.379157228870568,18.67291208775152,0.9760674300935037,13.474172791100111,19.18568676119787,3.6714716268032537,0.8060783360062899,68.55706691997122,10.879575935567255,0.0,0.0,0.0,0.0,0.0,0.0,0.0,13.688694462905639,4.717908730423788,51.19851467671283,-0.18204810453652673,1.0768194935652513,43.567565340208084
CANSIS,65.09052222680775,28.511425802267013,6.398051970925236,20.650096175536802,20.910756238590917,34.07787778972934,19.48957079807947,1.0394066389708863,17.756845563130817,24.007502855464004,4.732820351037224,1.0361690684752192,92.24063730613132,23.11515915312845,1.0,0.6707712028904299,1.3285370963268515,2.210559120134274,0.283682786273767,128.7084031010532,5.568138304755456,20.379282975527627,5.593609153825777,83.80738247904166,-0.25788175566681615,1.4423514545742717,60.0
CANSIS,63.64312392757728,25.422847587790976,10.934028484631746,24.2754265427234,22.66189316217253,23.738238397375426,17.479852363312276,0.7241713147155994,6.127132711967222,30.86103272309515,2.0619856297162893,0.7362079130673966,36.04320438271223,29.42198215728576,1.0,0.4647433695975119,0.8297635450096897,2.9538608785650795,0.061975281557404185,100.5109425150355,3.4161852854684702,8.425301076905575,4.521629318444227,46.54036538554652,-0.19818556351652694,1.1024890699968,37.41351455599074
CANSIS,46.52249270722717,46.748902080002445,6.728605212770384,30.394312757301364,5.789653620641051,34.1455540288305,20.075450342035218,0.9551354071584668,8.836004036672527,24.93555572409015,3.4458544449026434,1.5207879238627262,69.17707979452435,21.568353256423677,0.0,0.0,0.0,0.0,0.0,0.0,0.0,8.868717534792657,2.7238160902618715,32.76406655135714,-0.13210313692682774,0.9276807575768641,31.239211650963007
CANSIS,26.804128731220924,33.19329864927115,40.00257261950792,21.326610193690986,28.405306156092244,20.8124469582533,18.1651443362307,0.9204902870600947,27.966402515475824,33.95491766244721,3.7139998731705512,1.2543178638421093,67.46534376088557,13.147346048054652,0.0,0.0,0.0,0.0,0.0,0.0,0.0,27.39270949978882,5.483435137537622,64.00806302252425,-0.24947390417399987,1.433429928455368,53.36483320624423
CANSIS,18.217313018409726,59.493108022392306,22.289578959197968,29.071771754489866,6.299282091286811,17.79540332713149,16.28977411417674,0.8154409233005653,5.000349042660984,26.944948559145637,2.2701988010303538,1.4125887635464287,36.98102566305933,7.040417282011772,0.0,0.0,0.0,0.0,0.0,0.0,0.0,7.719969523092511,5.119028450700828,62.765548910928324,-0.2107541997378198,1.086232385012763,44.2053457187943
CANSIS,43.54967570015325,23.478936285788095,32.971388014058654,49.15207804848461,18.53240838252676,22.653546571006103,18.979495590844014,1.0258259289865632,17.496974854468768,23.138594442175254,4.39243694006252,0.9270413416652283,83.36623753697698,16.889389082333366,0.0,0.0,0.0,0.0,0.0,0.0,0.0,17.320658961192184,4.956595294028438,65.09241087830786,-0.19212490032788845,1.3656009431196365,47.65132537649795
CANSIS,29.129780111181756,15.954063822883121,54.91615606593512,41.0712275296249,22.726512986272912,20.98779221582275,19.466306752191272,0.6102609835406215,20.675305432567654,21.52178121447605,4.788645851600991,1.084711638267601,93.21724907487311,5.975083850988389,0.0,0.0,0.0,0.0,0.0,0.0,0.0,22.047873325469038,5.580194362512245,76.3964327122944,-0.2357315657787183,1.512079745677751,56.44385249370021
CANSIS,9.861817074847142,71.42711032196473,18.71107260318812,64.63358555384875,26.77422809365214,12.641617106543599,17.083808385337633,0.5600953156702918,6.639032600029169,23.60832854857859,4.539420470784018,1.5629718173085427,77.55058950335331,7.8299181117354895,0.0,0.0,0.0,0.0,0.0,0.0,0.0,9.412278232136368,5.066645613950351,69.0916735502252,-0.20957423117707688,1.2615827005515967,48.42931159663016
CANSIS,51.20728853559138,21.221650697448982,27.571060766959636,60.87217808692205,22.852173303310696,26.020657867255157,19.785896284993765,0.9696790818254822,34.19234488916999,23.960532380152813,3.95626790375749,1.9548935407195198,78.27830641939539,15.019416342809606,0.0,0.0,0.0,0.0,0.0,0.0,0.0,29.51032226221009,4.754707940795288,52.75609409393908,-0.20934210501346548,1.2427255945141833,44.55915568847392
CANSIS,38.43086776173574,15.013819618396582,46.55531261986768,37.0908675848938,25.043202076744794,15.40095456273999,20.03071627382883,0.7415323991485616,11.783759937490158,19.099418843583376,2.109858718899816,0.7655418056828719,42.261981376146196,7.964037674433493,0.0,0.0,0.0,0.0,0.0,0.0,0.0,14.101783405517702,5.678275137262957,71.27512286055664,-0.23526602746965472,1.553435835207235,56.63954730172247
CANSIS,58.135401009209275,24.28069988875149,17.583899102039236,32.971171671564626,13.486254813570152,25.48969887244574,16.884522436889043,0.9658328698138833,14.125961589088426,23.91318719082837,2.126464168422527,1.8574996171118459,35.90433196297076,29.696710422707795,0.0,0.0,0.0,0.0,0.0,0.0,0.0,13.66103979209004,3.802220457581443,49.67289128938164,-0.17563904941710215,1.349489013777613,40.63929118484414
CANSIS,47.449756702504175,43.31634825691221,9.233895040583615,38.98462040836334,25.370627843662806,26.255027309953835,20.41760736357611,0.9911996128574783,14.11827536765082,25.4278163158276,4.853441281784152,1.449945561704571,99.09565845364037,25.522895374722133,0.0,0.0,0.0,0.0,0.0,0.0,0.0,13.213719338481079,4.140429810265549,51.96897068822028,-0.17856975752371407,1.0880662213522958,37.340563251085044
CANSIS,36.5177322584669,42.54593783127586,20.936329910257243,49.514747125740385,7.002871159616879,13.800621328216202,16.20355764024379,0.5343516764904893,11.912499863520498,29.563804035820873,1.0411379837427681,1.4330954367823108,16.870139331023147,24.331941402302256,0.0,0.0,0.0,0.0,0.0,0.0,0.0,12.250967146038406,3.481299027498621,50.8707219285624,-0.1837493081210429,1.2269657510604375,36.44049043733389
CANSIS,26.37708873048236,59.7557404705474,13.867170798970243,33.403182041143815,27.37041640151319,11.533740677766705,16.51007834201245,0.9859056196423335,5.044214662589343,28.50767175554573,3.864199892968578,1.3503620957700884,63.79824296210734,10.390896141293517,0.0,0.0,0.0,0.0,0.0,0.0,0.0,8.07556016803123,4.776165902689407,58.77970230518565,-0.1978571661348395,1.2288234366410227,46.40318284467818
CANSIS,39.11239689209584,4.754232229062644,56.13337087884152,51.207445392456705,18.689809403843405,29.519039651710994,16.42112419619013,0.7465754804531822,26.88034382263989,29.340250483666466,3.8249846502210487,0.7902123116754384,62.81054798980071,12.551900450906816,0.0,0.0,0.0,0.0,0.0,0.0,0.0,27.768364692926415,5.865737067070413,79.16855672528251,-0.233736080515686,1.4805615932254257,60.0
CANSIS,39.21250586574966,11.340873258207402,49.446620876042935,40.47058260956202,25.432444249062343,21.495010594233005,19.96994855003935,0.7807378689523277,34.00536499397856,18.133818910029714,3.49075816379919,0.8168399072570088,69.71026093169966,6.706252136206095,0.0,0.0,0.0,0.0,0.0,0.0,0.0,32.664826512191745,5.86426678981617,76.39248884807371,-0.23812221177636875,1.509760384552734,55.334334424315415
CANSIS,2.264614155651971,57.89817923627474,39.83720660807329,47.60235904259901,16.307957112957503,11.454094887636895,18.77146276162481,0.8446258811012657,11.728804498551352,21.482678393288577,4.960435384347463,1.481185607356812,93.11462809872445,5.0,0.0,0.0,0.0,0.0,0.0,0.0,0.0,13.604813608461484,5.252533684660529,61.054641573066654,-0.20850780099256686,1.386583718488392,52.55749238805665
CANSIS,1.1478818517514175,45.92178568792411,52.93033246032447,41.80632645676583,21.089442379913123,34.87165792924418,16.260521416111363,1.0095104337015477,24.891415754102674,28.586948614397706,2.247517743054901,1.1432461428662257,36.54581039403449,5.0,0.0,0.0,0.0,0.0,0.0,0.0,0.0,26.445856078522787,5.729302352164589,77.52230560643996,-0.27293107021926943,1.5158698515326907,60.0
CANSIS,17.091067126047175,33.70696864450153,49.20196422945129,34.723287977095886,18.160066523402833,11.444514024909166,17.701617091841744,0.5105138519363702,27.256889808761454,25.743829890875954,2.3598874551729927,1.892448486550985,41.77382411131317,12.919355388278557,0.0,0.0,0.0,0.0,0.0,0.0,0.0,26.8707313707205,5.303600851812881,63.71992238355489,-0.22420127048711327,1.4586942932789142,57.52272176117129
CANSIS,50.55366280478215,34.18498395648588,15.26135323873197,67.42266534810784,23.289738043883297,27.37588072146383,18.57649012534901,0.7622639075747994,30.45276137271574,18.085015610693535,1.3157576117862222,1.228567698567314,24.442158282699555,17.570499524505777,0.0,0.0,0.0,0.0,0.0,0.0,0.0,25.841250377115532,4.533456398190741,39.14120949550139,-0.1919500006192131,1.1900738308042516,42.49620929580319
CANSIS,42.40807841536251,3.5011766676887106,54.09074491694878,58.18028970798804,7.0407495507647395,34.59197313158534,15.917320424946917,0.8782471233368083,17.678875910408273,30.87191427890916,2.77119254617495,0.8862658963134333,44.10995971669118,17.73522001125209,0.0,0.0,0.0,0.0,0.0,0.0,0.0,18.873238066014114,5.501792019899292,70.2308476066467,-0.22465621976869773,1.5009008741397674,52.076748232714955
CANSIS,7.922170109569774,57.41400658506943,34.66382330536079,27.005658788322627,6.508802099764095,15.97950260539814,19.91208184203669,0.8974888267340257,14.087927169212877,30.3649531726454,2.0441941049393924,1.629134483552647,40.704160318562124,10.950220100426359,0.0,0.0,0.0,0.0,0.0,0.0,0.0,14.132254922282794,4.320010968085797,58.06486498469517,-0.1872170325564188,1.2086390026990688,34.771623389077945
CANSIS,26.911385868998376,23.679405596978178,49.40920853402344,63.42339879489564,11.177580850253662,13.556234217179904,19.518017677207677,0.8808928373454095,14.758854020690933,26.774706607897002,2.373546808710577,1.0813594478733128,46.32692857009291,19.430735497783157,0.0,0.0,0.0,0.0,0.0,0.0,0.0,15.572370899053253,4.873169120319036,63.40250699779928,-0.1933549956176879,1.340141544768282,47.600220518618265
CANSIS,16.324025794288666,29.390952709919198,54.28502149579213,44.37155991247568,8.98861700282971,13.034623485560722,18.026033867883193,0.573939321174467,26.378639992955385,19.063413212420354,4.33828716102251,1.3831113995626612,78.20211129319459,5.0,0.0,0.0,0.0,0.0,0.0,0.0,0.0,26.05173967500531,5.773233240012024,57.88138660571716,-0.23809364151940907,1.4084738131468644,53.05277662191202
CANSIS,56.98722775690283,20.522581119644656,22.49019112345251,64.72761134470457,26.794589164805043,17.58187868918989,20.335633076295853,0.6646675736044247,29.50338399516908,30.264240792521356,4.741938054109983,1.607182621156721,96.43031233890497,26.057205203485026,0.0,0.0,0.0,0.0,0.0,0.0,0.0,25.049731243500847,4.283618810539432,51.5296966702106,-0.17617921129105654,1.0700098995221978,43.00946989252159
CANSIS,54.2944150869232,34.652729064054576,11.052855849022222,59.992762797365764,10.480349683951108,12.526145275266167,17.5888048963755,0.6972935389793574,10.44841903269808,27.339417403701823,1.7429322880207425,1.8703433445626916,30.65609596159019,26.263865070307123,0.0,0.0,0.0,0.0,0.0,0.0,0.0,10.62248465055071,3.848466068259836,32.33423719383142,-0.1617489680274886,0.8185938646813025,35.26629660165198
CANSIS,51.33236135477432,31.131204705418888,17.53643393980679,41.260675223461675,29.396631395478284,27.3040335423533,20.420551595182488,0.9424404642237278,16.128230244732954,30.511359634527345,2.4900357262138635,1.729848553242179,50.8479030209979,16.605866550512545,0.0,0.0,0.0,0.0,0.0,0.0,0.0,15.67460210454789,5.182892341448364,63.170284317101284,-0.18791269498943833,1.3737464142094717,41.88455127611846
CANSIS,26.13176956299273,45.377302062563174,28.490928374444096,21.12346541600587,13.422394794277672,11.557294953251567,18.839599994018137,0.6533179298280042,32.0582059024745,30.027951878333447,4.714522248461576,1.5792693882345414,88.81971332391508,17.39214690272888,0.0,0.0,0.0,0.0,0.0,0.0,0.0,27.223660700588944,4.114768905426192,48.57688320758588,-0.18858327628539914,1.1641761527017256,37.61543492046817
CANSIS,18.668783259909567,31.340404614353318,49.99081212573712,33.4338679692473,9.552947892217482,22.735553203744743,18.673356366269708,0.6158877301269617,29.200805590842176,30.848033151325396,1.2472338427568905,1.5835231371136866,23.290042017871414,10.15476244984087,0.0,0.0,0.0,0.0,0.0,0.0,0.0,27.416238262694183,4.709026081707057,72.86395609013498,-0.2253141852607517,1.3523913036584538,47.96303460866055
CANSIS,11.98340707186621,35.6764108490349,52.34018207909889,47.081710733043344,24.742462678561978,34.91742134632442,16.329774476478924,1.0265964104709528,34.54575208287427,26.288129062474,1.369442112445514,1.9297020372417124,22.362680854828138,5.55339451241997,0.0,0.0,0.0,0.0,0.0,0.0,0.0,35.13256671438852,6.469469002105172,84.7457726498674,-0.257407327270133,1.5588625810253822,60.0
CANSIS,3.7945679541219364,90.82306486666258,5.382367179215489,51.673910991307366,21.467694387521902,30.34925673765047,19.90963879152322,0.5048748068124079,27.627447790462423,20.245192291096238,1.6511639568249175,1.0845713267454968,32.87407796596635,7.214954671860207,0.0,0.0,0.0,0.0,0.0,0.0,0.0,22.74708418732923,3.91311908394906,43.66654458456192,-0.169656148985272,1.3872925489805206,43.495436252052066
CANSIS,46.22325831557098,20.685640042662904,33.091101641766116,32.894384271660115,17.454892911328475,25.38048595577527,17.637448439603077,1.048801470625088,16.79585603083767,28.73851957407502,3.380851336507499,0.7014457224550436,59.62959112961416,14.108547142670616,0.0,0.0,0.0,0.0,0.0,0.0,0.0,17.181389292636,4.945569862764588,55.36803950779799,-0.20513097756123994,1.1835129724594646,48.06870266054301
CANSIS,45.53968791003513,26.502706916782028,27.957605173182845,26.967803703641206,18.88408877344078,17.656340519665292,16.311167028912397,0.8722517143715676,22.719135019839133,27.92758056083153,1.6018890840239899,1.0535409272176581,26.128680411306785,25.65522466640562,0.0,0.0,0.0,0.0,0.0,0.0,0.0,21.316758940322448,4.642504337439036,61.94094735242827,-0.19985708399633678,1.211593624190782,47.565988438571374
CANSIS,61.374702600495745,21.40936782361409,17.215929575890165,61.74651183996495,22.980044456806596,25.59739590729096,15.563037599878795,0.9556581146970144,24.83042762741961,29.876050995185395,4.872305525802934,0.9832587935147672,75.82787409616829,22.68006182673662,1.0,0.4802287892370135,0.9542376153135252,2.333822919393049,0.13130073116848504,106.0216598792228,4.674663618166953,23.94707609458793,5.178683749435611,60.152892825501326,-0.20854604582328867,1.4268875578540867,53.55419221390528
CANSIS,63.987774886699675,24.41962990994777,11.592595203352555,69.22010903517761,10.711368533282467,23.17603659779129,18.29877841819191,0.6620406679904063,7.353674489513718,20.718096096811763,2.7868581090340814,1.5603849606481976,50.99609902015597,26.06903868434782,1.0,0.6159382804499358,1.079021800532546,2.38685808053914,0.16050816342924384,130.90830646437587,5.021600836511661,9.943054710501706,5.537653998912358,63.02121919446487,-0.19901877072633697,1.3894533254743502,46.11332098197003
CANSIS,32.33478043970124,44.09638513309923,23.568834427199537,46.28450911513429,29.908347901418548,20.65208459725929,18.136998110613384,0.507873402716883,21.334908773115952,21.119603198404626,3.0060718414006655,1.5238250796951878,54.52111930785197,11.18476973406468,0.0,0.0,0.0,0.0,0.0,0.0,0.0,20.90786343912884,5.37974535733648,60.65704773496496,-0.2221356840412382,1.4566838925511956,50.52409934382598
CANSIS,31.966793885775967,11.173172399035472,56.86003371518856,28.583964292415175,29.369829053669577,13.267759418504987,19.096768111845794,0.9058282352088416,26.279624854178287,32.24655227550926,1.986634463221626,1.4714997975161408,37.93829766714463,7.82246442291887,0.0,0.0,0.0,0.0,0.0,0.0,0.0,27.609779733686867,6.395029292634784,66.99484790001266,-0.24449403495528776,1.857821692652919,58.00578727091435
CANSIS,55.374532782868826,21.849305955989635,22.77616126114154,33.61536632596845,21.258142158673422,32.16510538101167,19.95129026508901,0.9587795283503717,10.019639120031812,29.999644775233133,2.883841009738934,0.7211164761722898,57.53634906366886,24.921631245699068,0.0,0.0,0.0,0.0,0.0,0.0,0.0,10.981902192358575,3.909456783348837,38.77012796981384,-0.18996023510804147,1.1610363886812747,43.299659733078194
CANSIS,45.22949867374079,21.23701713037407,33.53348419588514,20.919533827373336,9.988561273228628,21.24461622053306,15.897032923215148,0.9072618725744356,28.418951522766715,32.53165581920517,3.647654530548046,1.6474114707858418,57.98688416463718,11.761295772897546,0.0,0.0,0.0,0.0,0.0,0.0,0.0,26.21748495516206,4.7288883107254085,63.99509327326056,-0.20304787577242553,1.1955466335113807,49.17508215384394
CANSIS,11.914010730930304,44.41994652983492,43.66604273923478,65.71494032802495,22.005706060782284,14.865562795519127,19.15748245170181,0.5785676580154613,22.51318341542335,30.139445138622733,4.004708547816171,1.1205895362311389,76.72013372896853,6.46371472232544,0.0,0.0,0.0,0.0,0.0,0.0,0.0,22.690951169653424,4.630570901507972,65.0464922628589,-0.21973154962603794,1.4138549347914662,54.03687918494165
CANSIS,25.90637155206018,49.09400031707865,24.99962813086117,25.887554144507057,6.804960224479396,19.19398377193224,16.437059720487913,0.914385357241333,33.56665357092784,27.55448489584483,4.015472330839652,1.5645727857086205,66.00255850797815,13.642101634922984,0.0,0.0,0.0,0.0,0.0,0.0,0.0,28.476810596532513,4.3448938277560165,52.423992147993815,-0.20776767200332683,1.2132523069259191,41.1023750102867
CANSIS,5.266603372605034,36.28538207774213,58.44801454965284,48.82582377571268,5.766312555145151,20.353243813223173,19.790885265785818,0.9229075301592026,6.272668946206751,28.466123792445977,3.3115644507763533,1.4235519570527995,65.53879209556983,5.0,0.0,0.0,0.0,0.0,0.0,0.0,0.0,9.436680442080277,5.651570881742352,70.92311531710698,-0.22009353777748317,1.6575551027286952,53.987162941954445
CANSIS,39.14728900336152,2.918109774822362,57.934601221816116,33.7027610343603,11.442072212780342,30.688447389171856,19.59531756930828,0.8621972836185302,12.959784126664008,32.22604678304016,4.617439099975429,1.1455502030562794,90.48018552095952,11.652311883585472,0.0,0.0,0.0,0.0,0.0,0.0,0.0,14.893406809310742,5.592662239617902,74.82301269578439,-0.2287507230041611,1.2635368280571018,58.91123685003812
CANSIS,36.71962669427296,44.432347035332015,18.848026270395028,47.70890012578967,16.565573918482908,28.34035951403505,18.203968774927723,0.9213637630375724,23.04661637899472,27.26090807219105,4.269631389224438,0.87494914723534,77.72423648989295,18.294182287931367,0.0,0.0,0.0,0.0,0.0,0.0,0.0,20.33593128290324,4.333463291358929,51.44689300029385,-0.18841753883954407,1.2642843617003976,38.39203534136486
CANSIS,12.30685130244363,55.34448087347516,32.348667824081204,52.57101941759321,26.706812635209513,29.232622341033494,19.05121399311656,0.9652567918227527,13.896797366177921,28.1182611892542,4.028192458794502,0.8227445669586252,76.7419565379524,12.32430815714798,0.0,0.0,0.0,0.0,0.0,0.0,0.0,15.191165369955236,5.170446660858981,62.04917832651145,-0.19970550777527646,1.374730748137889,48.81637105844672
CANSIS,39.782041615158285,38.66965134491939,21.54830703992233,61.48709018536008,23.1792267441577,10.27578161071618,17.07175056591874,0.8374822628306022,26.432724922137265,20.503627456057608,1.2224220867218425,1.7809738330458906,20.868884950785183,19.13427164630993,0.0,0.0,0.0,0.0,0.0,0.0,0.0,24.00300858813712,4.630765779024642,62.281136957477884,-0.20559643481459355,1.3517690967667173,46.850329708641304
CANSIS,36.881787506888685,42.45198530235059,20.66622719076072,30.32106358803016,23.567663029999526,20.40384995449404,17.855839494664075,0.5487325926833235,27.77015847565793,25.582739521857643,1.0275118488785973,1.8939168047060253,18.34708665244176,12.347434952760619,0.0,0.0,0.0,0.0,0.0,0.0,0.0,25.039244568192235,4.90975077266322,51.29296394432391,-0.20757723212212567,1.2422575663864934,48.6327189720332
CANSIS,23.812666410794805,69.1585514847059,7.028782104499304,20.549791432924025,15.637333361201884,22.03360379088309,19.608184488552357,0.768195295316966,8.075478921994232,29.462353791329583,1.8497891087818918,1.5447244607935895,36.27100610991018,14.653619178989315,0.0,0.0,0.0,0.0,0.0,0.0,0.0,9.047405242870425,4.104605436327634,46.98251265533505,-0.15819479862009278,0.8613606701298757,34.04881562936897
CANSIS,5.76156937689295,55.71239225421272,38.526038368894326,26.844281503440364,13.648374813674073,10.479806920576417,17.79632598586607,0.5427071340693828,20.415633926203032,22.335083173061847,3.654094375653809,0.8344643493186283,65.02945469225493,11.333161319546416,0.0,0.0,0.0,0.0,0.0,0.0,0.0,20.151624913257972,4.636592782860209,66.61389910128038,-0.2040340533321554,1.426512379253165,40.732296336308075
CANSIS,36.047582357863945,31.305071364548674,32.64734627758738,65.00093209240526,14.275969074615068,16.495330218625856,17.288991326627208,0.724148667067837,20.26671666773168,21.236066888392557,2.6447899555301833,1.2226353819547129,45.7257506019121,17.486756416770433,0.0,0.0,0.0,0.0,0.0,0.0,0.0,19.526751740991838,4.992094792704168,64.27922147383943,-0.20317483945814144,1.3491918691585638,50.934740417982525
CANSIS,34.38418806652834,57.78448061472225,7.831331318749415,63.694503878125765,29.691239093401446,29.007245578053375,17.9710622362515,0.7239085690190952,16.078423106466232,23.02122893159065,2.609625037197247,1.6476209601367042,46.89773395675186,11.739244655877936,0.0,0.0,0.0,0.0,0.0,0.0,0.0,15.83808237862728,4.914096120285008,44.7829972874655,-0.1789348636682495,1.3069565335883493,46.237146331237355
CANSIS,46.2133872412995,33.46105722568687,20.325555533013627,49.870655108515415,6.002729785312062,13.427742643224976,19.641246262186094,0.5363054142771329,32.98774587709016,21.864010047885337,4.538347552918455,1.7137671492130886,89.13880191026101,19.35096822561903,0.0,0.0,0.0,0.0,0.0,0.0,0.0,25.638446867157402,3.766420383786816,41.303666712887235,-0.1543131796501852,0.9656885848973118,30.6731208386948
CANSIS,22.118750337472022,22.926625934362022,54.954623728165956,50.02584302168267,26.675787403061214,23.38275328631479,17.176040236854362,0.6918512936832136,29.825189596196637,21.438602192582334,4.582251392527355,0.8536842089784151,78.70493429343178,5.0,0.0,0.0,0.0,0.0,0.0,0.0,0.0,31.15765004461876,6.495083569484866,74.51612678258232,-0.2811518376076764,1.6134833729562252,60.0
CANSIS,51.908120457788975,29.91597555552754,18.175903986683483,53.25183372731277,19.466885214309833,15.380046800430938,16.36880796567872,0.5610489543352232,25.916281457289102,24.797613485889393,4.636701056214343,0.7000399344989972,75.89726918343227,20.038613169126094,0.0,0.0,0.0,0.0,0.0,0.0,0.0,23.16433794614003,5.522550428059644,57.62317140162521,-0.19771775691498164,1.0163917890125023,49.13454998135899
CANSIS,35.05457866998901,51.976203364993715,12.96921796501727,28.76856393117248,15.965385479739762,10.303019366097331,19.060070101653903,0.9445293655050722,26.429799072049928,32.52541622213654,2.255512306060109,1.6257781596447864,42.990222668648734,25.39043480593546,0.0,0.0,0.0,0.0,0.0,0.0,0.0,21.437127841646618,3.9155525158993543,49.548251657376376,-0.16757072740165957,1.0823813983153554,40.85098892149067
CANSIS,30.313115519545043,37.76698266518898,31.919901815265966,65.72059729624799,23.131441510378412,16.030036439988535,19.62989106354041,1.021228414280459,18.851484314393574,26.112954347819493,3.764223250957047,1.1635750287820672,73.89129235513276,9.542082812825067,0.0,0.0,0.0,0.0,0.0,0.0,0.0,18.719427317585282,5.139862770776954,70.87343006816012,-0.20195100112301234,1.3574279346258857,50.96951883893654
CANSIS,35.41208258659626,5.377142437320707,59.21077497608304,40.93852624460365,17.16672353561757,34.39684387275135,16.003187392617665,0.5397740613918662,32.629835632897276,21.006726093045167,2.0865327250974786,1.0308257311037383,33.39117420056415,6.6846646215986425,0.0,0.0,0.0,0.0,0.0,0.0,0.0,33.42045398305716,6.0032017941341245,75.96230847358592,-0.2831072921984304,1.5514917598260876,60.0
CANSIS,24.549301714226594,57.13765835264088,18.313039933132522,39.156926412474874,26.835580952041514,30.03842779707474,16.699370563779723,1.0253133640104357,25.837862817598563,19.231546710093987,1.7624393322977991,0.716766710726383,29.431627506221457,16.200925517994015,0.0,0.0,0.0,0.0,0.0,0.0,0.0,23.896347381907525,5.012038918707012,57.99813225076868,-0.17857921832642265,1.2226702301823242,47.706984263973496
CANSIS,6.5689269496948794,51.4636179429818,41.96745510732332,45.94588526414188,27.517546600281463,33.989416108025836,16.20985994880497,0.7874171296352099,26.869431849674495,29.138498322206804,1.7385298293894769,1.4023892287899495,28.181325051223215,5.0,0.0,0.0,0.0,0.0,0.0,0.0,0.0,27.774637157541104,6.155651245392488,82.89693701682461,-0.24292181229679943,1.5492598699351663,58.547561628514416
CANSIS,1.3399907524482346,51.7709304044723,46.88907884307947,22.348298338752752,15.543023171836385,22.196351098159063,17.239707057910834,0.6647611228746306,30.85072711362036,24.124780230982203,2.368430483454376,1.8064959560537763,40.831047721779576,5.0,0.0,0.0,0.0,0.0,0.0,0.0,0.0,29.964244582444508,5.703469070311817,72.50052684778449,-0.23122024730377205,1.3155467786313424,58.28906333897324
CANSIS,46.0369182805447,35.89301679987332,18.07006491958198,28.31416843780397,11.920694930876289,12.743404966937588,17.751754894527064,0.5422741414018899,13.22214768026573,31.14929514536575,2.719830479119287,1.9449211401543642,48.28176401998969,21.721992900749257,0.0,0.0,0.0,0.0,0.0,0.0,0.0,13.03631109755708,3.907915574428285,58.05175148029119,-0.16126032993334777,0.9660253635096666,36.77223462587487
CANSIS,29.448606912727644,25.499493913620086,45.051899173652274,56.90168082131852,19.808758214834057,23.698987224342325,19.244131684816534,0.7753433474387299,29.21212711600109,28.552172298252323,4.323796684220273,1.435468435797276,83.20771276950802,9.06054492152143,0.0,0.0,0.0,0.0,0.0,0.0,0.0,27.830156624693895,5.455914077230986,68.89744658403148,-0.19881369054826337,1.2821420209332428,49.76766111520869
CANSIS,40.4042961198137,34.367631580627375,25.228072299558928,24.139933396256325,27.809083640417274,21.359433363999024,18.755737924408372,0.9369835494699118,10.857218088694761,30.739863208661895,1.4795643738908484,1.3687997260618623,27.75032163898811,16.101918660616303,0.0,0.0,0.0,0.0,0.0,0.0,0.0,12.483374794914239,5.3896474684986,53.946306685233914,-0.1950837288409205,1.2357991246384403,50.416534535077226
CANSIS,10.671972673538656,49.55120664381447,39.77682068264687,50.15760547331941,10.266554725141663,31.1089270684904,18.604642837392156,0.888897562496684,15.360258567346635,22.35113663069518,3.9397033895795768,0.8105733011360134,73.29677444839128,10.4379583295515,0.0,0.0,0.0,0.0,0.0,0.0,0.0,15.928877433454902,5.0964907060132525,53.044812874000826,-0.19475770139607104,1.1999262931981207,47.37083204727001
CANSIS,6.829201611282586,53.32666429686821,39.844134091849206,32.26745548406605,20.57416458908707,12.452064519606115,17.261874733048273,0.5276243063051855,15.06831362809528,29.07774275937693,3.1258196567572214,1.4135346420053798,53.957507353043106,9.099759046894757,0.0,0.0,0.0,0.0,0.0,0.0,0.0,16.71534714730603,5.79399071972344,59.434016148173164,-0.22558453988043484,1.2563777783965566,57.52717649888188
CANSIS,0.7674666821195134,64.76492569376876,34.46760762411172,39.46478070209883,20.789005502313014,22.206028425544453,19.7072377654238,0.5400960094523469,34.355764051674214,22.224991755099502,2.15178137070397,1.193972802655013,42.40566709167266,7.0776501984842,0.0,0.0,0.0,0.0,0.0,0.0,0.0,30.756170313022388,4.991259895427888,66.43912706633292,-0.20984706946832263,1.5614198735978406,46.57773448206818
CANSIS,22.794162292559236,67.23990035444831,9.965937352992457,34.434686838534994,23.327825560382024,13.751216617349606,17.856435836990823,0.7215803054479504,30.696116712437806,33.02509567120467,2.9712783381312984,1.48927586514865,53.05644099868225,14.226006838408493,0.0,0.0,0.0,0.0,0.0,0.0,0.0,25.968502113599843,4.684297030326705,61.05537951726627,-0.188063244377532,1.2881029752733852,41.8950403027291
CANSIS,26.26855167208533,22.789811070506587,50.94163725740809,37.78363582324746,8.289192128181496,18.1168981722515,20.395524690075774,0.6624097717263688,26.035095847707794,28.18198850453399,2.1997682791080906,1.2053442522395108,44.86542824899456,11.50933523344154,0.0,0.0,0.0,0.0,0.0,0.0,0.0,24.184910323173003,5.090133144977603,72.76950408974743,-0.21435915298017233,1.2084235074713956,45.21824964185513
CANSIS,23.016311111755545,54.34078531479899,22.64290357344547,55.95229525921228,22.895624117052215,28.43392693469499,18.670710691478686,0.6278113776808263,26.811702848461703,23.192188802805475,3.384327820953224,1.0123888604854767,63.18780563014012,12.181713880241485,0.0,0.0,0.0,0.0,0.0,0.0,0.0,24.14374013872367,4.502848560535501,63.64035720269645,-0.20387521514039794,1.2691271014309344,45.64340732155547
CANSIS,27.285635039789856,57.45584688821816,15.258518071991983,34.856085781158754,27.725813016641023,21.900453234219164,16.131323707822514,0.6545524743997925,21.862183832077132,22.312189796676364,2.735375691420977,0.8234548577968894,44.125230740820605,16.375332393979193,0.0,0.0,0.0,0.0,0.0,0.0,0.0,20.871962751898003,5.053974187923734,67.97128485706759,-0.21760630491359945,1.3376211767237767,43.0305529592477
CANSIS,60.016863912539314,32.74050330194867,7.242632785512015,48.32023201484486,9.492077721756049,19.397207128644233,18.88088781037717,0.9419155088132866,33.41272001325557,21.054825361146296,1.657622116315515,1.1093939779655644,31.297377210153215,20.72859241365261,1.0,0.4685882188479825,0.9361871236829127,2.2219798468102865,0.13942317782841743,101.79532110054862,4.910865102133153,31.21670409084147,5.103379290559683,63.782486106628056,-0.22329572657317426,1.5631967894503505,50.796722874379356
CANSIS,17.84824733207595,44.65264079257076,37.4991118753533,43.80252010995498,10.93858312309694,19.861906964250885,17.125520077158495,1.0110754294975197,19.887762586470846,29.114255342299643,1.4663322982227869,0.825638284574078,25.111703213000293,9.44017349406504,0.0,0.0,0.0,0.0,0.0,0.0,0.0,19.737998347488556,4.929730717460532,56.33909809848809,-0.22766312576917924,1.2376458367785814,44.90351540441364
CANSIS,25.117114112341508,32.616845986332955,42.266039901325534,53.18355826813241,29.28487735104099,21.486169210149665,18.93163598343049,0.7228064819901615,16.415531296096837,21.499449807966837,3.1867827282885206,0.9299660360711791,60.331010570241745,6.22862232527752,0.0,0.0,0.0,0.0,0.0,0.0,0.0,18.218058872054705,5.769946559140972,76.78674027634315,-0.23363867088161536,1.6449972341638688,57.724207091567415
CANSIS,52.539103051888056,41.54856635707986,5.912330591032088,66.84148696623791,9.524423817737244,29.62541359592642,15.848205740812029,0.9983610511728734,9.89106010794773,27.524852254839825,4.609652133144413,1.9835370061534097,73.0547153996457,21.893828219226712,0.0,0.0,0.0,0.0,0.0,0.0,0.0,10.40238773390403,4.071853530565844,49.67738803458699,-0.16380831643674867,0.9290554380607097,39.045470711923514
CANSIS,21.182300637687092,45.65258115585245,33.165118206460455,56.62860486051252,26.359627334239477,32.30211722350586,16.374407185879797,0.6768226356863352,28.58616956783174,22.234160430805716,2.375830746230742,1.277334623978604,38.90282004351482,7.441085388568002,0.0,0.0,0.0,0.0,0.0,0.0,0.0,28.04707399007625,5.2708930929510265,71.11988970609603,-0.23051659836922334,1.327995361242016,49.52555916035042
CANSIS,38.11610200664938,44.426630357464035,17.457267635886588,30.747018929537838,17.30694641120087,33.883367162598205,19.77868629452893,0.7620403424890854,27.033317962267745,28.591503116701897,3.932000428890493,1.3914332964565215,77.76980299297827,12.916319545794998,0.0,0.0,0.0,0.0,0.0,0.0,0.0,22.813064824806688,4.59426446130887,53.68020255814638,-0.18097417944828356,1.1703170061039418,44.097401811003465
CANSIS,42.90927633160585,16.606220195874407,40.48450347251974,21.559156753064233,11.180776860079426,29.672584656382377,16.635897785117574,0.6243159487987998,16.530651155724044,31.03903565664863,3.634645419759068,1.8357040873583799,60.465589688257616,16.531539177019912,0.0,0.0,0.0,0.0,0.0,0.0,0.0,17.202276382053366,5.325709252114132,65.70563395025576,-0.18148586999086122,1.5011232214818886,57.07840853935279
CANSIS,59.53961778551202,25.87022861921345,14.59015359527453,33.113202214991254,26.768747531812785,17.88517239370032,19.6852056262147,0.8522618231967143,5.755802418776881,30.448403890314452,4.726219657237924,1.9942395706378941,93.03660578738649,23.560861979742583,0.0,0.0,0.0,0.0,0.0,0.0,0.0,7.954078416187476,4.101847504155102,59.55750331933157,-0.16361825911646216,1.4045288872751924,40.61506787095801
CANSIS,7.132947960891006,49.86547644347337,43.00157559563563,49.75389653501274,16.132631375066637,27.203367652163553,16.89638044227205,1.0384396133461449,30.169919831540323,30.173621294892506,4.283924069196564,1.457528784148086,72.38281085895132,10.301357463188424,0.0,0.0,0.0,0.0,0.0,0.0,0.0,28.885596376946374,5.022539818311284,76.20729631988725,-0.23843772738609872,1.3011775453629852,51.23465583949146
CANSIS,52.69019958079873,21.03935637267171,26.27044404652956,22.571290674212516,17.870433848242257,20.9400781013848,18.71440955029354,0.8319212028238583,5.342539503622209,21.003558491076035,3.266421035621852,1.7562159673574231,61.1291410243213,16.70990648189031,0.0,0.0,0.0,0.0,0.0,0.0,0.0,7.991095526585085,4.603819488875995,59.8519426675481,-0.1888084384007487,1.278057620989822,52.56864278451374
CANSIS,20.540897316845946,22.938953302633657,56.5201493805204,44.81831236006182,13.980834234994143,16.36676555115128,18.970752867549155,0.696797746262452,26.110993388871528,19.4141591517523,3.6281219929364292,1.1250233316376779,68.82820570131692,8.56808698199055,0.0,0.0,0.0,0.0,0.0,0.0,0.0,25.97661718069183,5.480853289448236,75.36549961980417,-0.23752324491298088,1.4352147718267512,50.618322210830456
CANSIS,16.454860877449565,70.98148719452081,12.563651928029628,49.84214244584446,19.823771285873185,31.021789485648064,18.063273765725263,0.8562995952947907,34.10771329178171,29.183181255798168,4.5935458663361395,1.0974671446814783,82.97447653904531,15.566330162905189,0.0,0.0,0.0,0.0,0.0,0.0,0.0,28.11036656305039,4.408668939344257,55.80967167945029,-0.1899250806932554,1.2064210859313886,41.20319309141443
CANSIS,26.68528022811831,49.55607046411748,23.75864930776422,36.712194540848046,9.088096814625569,10.960658724058124,17.026553383483655,0.5676063731559632,18.129839844446103,23.89355542070962,2.598075138347739,1.223514837292928,44.23626503737947,15.190872628910569,0.0,0.0,0.0,0.0,0.0,0.0,0.0,17.093747894122068,4.409952968239633,52.00056113443158,-0.19918771931900198,0.979207643828141,43.24348645591406
CANSIS,63.09398578244624,25.66497054932136,11.241043668232399,58.545610187291096,14.777038416294017,32.54404980338559,16.56322188185548,0.9887624941459693,12.049202149878582,24.917539622453557,2.3071788234311095,1.5742594414757438,38.21431477360773,19.994420782071497,1.0,0.683221856323651,1.2463431123812911,2.891458167614566,0.14592553371126873,127.63610800711108,6.3835861712763,12.998552131147044,4.101701867227519,61.92852282670166,-0.1891752883195334,1.0596493045514792,48.74478122040999
CANSIS,20.724899131015416,23.416951863663627,55.85814900532095,25.32991265668859,29.235308058382188,21.53693661561835,15.66594677281213,0.77669617292891,26.14613030130145,18.498385484694257,1.0432443345407854,1.5868491960316282,16.343410215953757,7.556597135326523,0.0,0.0,0.0,0.0,0.0,0.0,0.0,28.66162166137008,6.429096153843171,75.11236625406927,-0.2770471454895923,1.6705750918200775,60.0
CANSIS,14.258998751610338,32.48733681243571,53.25366443595396,23.756889086790437,11.453335817528188,25.93003692020701,17.01973200620362,0.7471423581218032,29.513844260467554,22.153223188400787,4.306204296765857,1.109811265044286,73.2904430949174,7.796414671147459,0.0,0.0,0.0,0.0,0.0,0.0,0.0,29.006431660891167,5.598482527664625,77.6840663443978,-0.22491208396746123,1.5165261637757057,53.8975878066401
CANSIS,38.26159536401676,42.55161511164968,19.18678952433356,56.409437810180165,21.418416613532305,26.483848055144566,18.765813952656416,0.8222256336494356,21.39290948233542,18.538822461991423,4.2039228016134595,0.8731729013776173,78.8900331664083,15.984773009747729,0.0,0.0,0.0,0.0,0.0,0.0,0.0,19.508852918364564,4.733785846647893,47.9517691669592,-0.1768824919886821,1.0861765097801002,40.11972856367262
CANSIS,11.851291646766164,46.849585821354,41.299122531879846,44.77456581030992,13.129751605617372,32.37794351766341,20.191524092242414,0.8436311245341714,34.01105825768438,32.06697236161996,1.4178180724006055,1.522115133405161,28.627907767293525,5.0,0.0,0.0,0.0,0.0,0.0,0.0,0.0,30.284327579825852,4.794996158805658,63.36128058761217,-0.192279858697426,1.380423339626302,46.93947520214212
CANSIS,3.415851759767215,46.636927229165906,49.94722101106687,54.420119821386805,24.336828142165015,25.916742054180183,19.85602241131526,0.5394766934245822,6.550061649738833,21.894346931496486,3.307429524530801,0.8668236208453939,65.67239476292936,5.0281565732729225,0.0,0.0,0.0,0.0,0.0,0.0,0.0,10.023487411981668,6.203635780453912,66.42954911070673,-0.24352525842916364,1.6332373677235925,52.479579516954445
CANSIS,6.7316427583724225,57.73231260365716,35.53604463797043,41.74136693018731,8.271841517958745,25.348339619001543,19.330323882676513,0.8754394716728713,20.143867949135846,26.91739471316813,2.8559267926675496,1.452040260698129,55.205989887477266,16.586126680695216,0.0,0.0,0.0,0.0,0.0,0.0,0.0,18.618815636647913,3.9763276783633357,58.52611501553045,-0.1823221707080325,1.2368952580171015,43.183190931241725
CANSIS,6.778056431497873,59.09116175892177,34.130781809580355,32.32010166195534,29.245526126963618,11.666301014017249,19.442236716266493,0.6330624241735413,26.553618419676503,18.623669130578087,1.4748363820364458,1.6014487664732018,28.674118057314622,5.507546182229723,0.0,0.0,0.0,0.0,0.0,0.0,0.0,25.710421857271765,5.790226705584836,67.00219844122326,-0.21604531017707906,1.613317453632519,50.52357306972908
CANSIS,9.243136415532685,72.45498758494247,18.301875999524842,60.955115883709986,16.34473853459098,22.9602005486301,18.824924517379976,0.8926739478786244,30.87921413447537,28.66955826089053,4.922272908242894,1.610794945312787,92.66141595161689,7.999265971369292,0.0,0.0,0.0,0.0,0.0,0.0,0.0,26.194024834974016,4.420808058661856,44.76293404162824,-0.18924610466459327,1.1963303205122273,37.88901057765469
CANSIS,9.015391318276176,80.86395645239938,10.120652229324456,59.970793948448964,10.901261583661599,13.754225020426041,16.801434287830016,0.9523941369113083,10.377668357233702,23.168437532065504,1.8587835498534218,1.6795137438574756,31.230229668161673,12.840101520608787,0.0,0.0,0.0,0.0,0.0,0.0,0.0,11.058552649600687,4.469610882628021,52.940449582547714,-0.1807066954458018,0.9174930210366661,43.1425710918117
CANSIS,27.446464976643558,18.206668335923474,54.34686668743297,54.73482354272134,6.837418683250316,28.43584421803714,20.03597515352915,0.9421771791538862,29.000104452910442,32.36670699132265,1.2689367203622446,1.834717248035364,25.4243846005787,11.56317863944597,0.0,0.0,0.0,0.0,0.0,0.0,0.0,26.787113326902883,5.137134128921646,59.71938585814412,-0.19445453016324138,1.4975632867358089,47.64991400317317
CANSIS,7.773282610579311,37.70372424543751,54.52299314398317,33.607256861498136,9.243947627188518,22.805548020316863,18.853661559529172,0.803875532074339,21.581212271556357,32.209891022944575,3.3793895180076383,1.349946689554225,63.71386625033643,10.713030718588811,0.0,0.0,0.0,0.0,0.0,0.0,0.0,21.65608567785677,5.7089202366578125,72.07013931609097,-0.21885227356976994,1.3374973244823318,48.08866999011758
CANSIS,17.31437395224996,42.865045897720314,39.820580150029734,49.51153334345435,17.994348713900443,27.00569448020883,18.3022031549022,0.7860934407709131,16.8966104596989,23.204649893787966,3.9554667085321307,1.6493239463884426,72.3937552720074,5.0,0.0,0.0,0.0,0.0,0.0,0.0,0.0,17.906900868713365,5.245545108372944,66.71613151703926,-0.2145467265653321,1.5177763292839048,51.33088765537424
CANSIS,52.172173019959175,24.181188472362287,23.64663850767854,38.04869484700134,13.425079410782157,11.041822515059607,16.054947346067404,0.5785817787366765,8.951450857372807,32.41537433104749,1.1297737841887479,1.5049245559755877,18.138458618117667,22.982714603341694,0.0,0.0,0.0,0.0,0.0,0.0,0.0,10.626082023848271,4.309072854325854,58.8368614889502,-0.1989982176965792,1.3804458005503721,44.20725366826096
CANSIS,27.440832291323677,48.35264110497998,24.20652660369635,24.579103666331708,25.722084147065235,12.119800401145081,17.735277719032126,0.9264403827217247,30.958872767267373,33.93852277598046,3.6348705549080886,0.9426319217369873,64.46543876402737,17.08238035769723,0.0,0.0,0.0,0.0,0.0,0.0,0.0,27.806149636283465,5.3873879088513,55.28877175773347,-0.21641103727647118,1.3431735480886424,42.257329902187706
CANSIS,31.733170740708697,23.339266921428134,44.927562337863165,65.86567877311214,15.772188091545148,27.908084701567056,17.80179135600963,0.6492751592456929,9.71819624539146,31.20665062598317,3.1291675038058178,0.7333965383302306,55.70478702075664,11.867650763010866,0.0,0.0,0.0,0.0,0.0,0.0,0.0,12.21811865573835,5.354202500425519,63.547501445796435,-0.22770477666951117,1.2369349506772904,53.1176155217707
CANSIS,7.380368383771073,38.27856731883719,54.34106429739174,26.84093154594807,11.217856814690748,11.802108399966833,19.82281804761335,0.7731824825498705,14.293635776272977,31.517941564083664,1.4130600355001937,1.069903801380014,28.0108319740744,7.152834302171591,0.0,0.0,0.0,0.0,0.0,0.0,0.0,15.844038627946782,5.435588238282177,64.06071137948811,-0.22245357621535472,1.3005507488772994,48.77400150270744
CANSIS,8.288641871273407,37.92160479414514,53.78975333458145,67.51186769104012,20.42862466510075,11.781418194131465,18.23324110093894,0.6563507511101342,13.701365958873106,21.98413977774544,1.6900955077854483,1.2759438182389053,30.815918877065904,9.048862444561628,0.0,0.0,0.0,0.0,0.0,0.0,0.0,16.165112079776176,6.197583931658012,78.44162494525345,-0.25094046496169736,1.7068768432595882,60.0
CANSIS,1.882139651457509,50.22470532637318,47.89315502216931,42.30028864789779,22.669430422136145,10.302711880872186,17.402002744852048,0.5736055996498313,31.14242102572563,27.2272383817241,3.271897189264322,1.5022377277572532,56.937563868451434,8.465559146137641,0.0,0.0,0.0,0.0,0.0,0.0,0.0,30.81250612644826,5.519570265882194,83.39398440573204,-0.24047998302444237,1.5284523292760197,58.47108062009422
CANSIS,8.4204211998426,51.26783826167158,40.31174053848583,29.256646441930982,9.176047697523746,33.912534957487004,20.384001642553297,0.8462567332904551,25.18108982626694,19.076094623477886,2.1854304540531535,1.804947129654167,44.54781796510548,5.0,0.0,0.0,0.0,0.0,0.0,0.0,0.0,23.00458683081556,4.994666052966834,54.14590225827271,-0.21505250120047903,1.2543544592955769,44.7238368528185
CANSIS,18.160231896869245,72.21207002840306,9.627698074727686,47.0950473689179,9.190480407207941,28.437708986475172,16.05360296663158,0.5298826191525972,28.90044191574117,19.518686989146715,4.753262914605264,0.9551194317180153,76.30699562708693,16.2702484725689,0.0,0.0,0.0,0.0,0.0,0.0,0.0,23.786890431836266,3.9936492295701433,56.29483900182373,-0.18247620991257416,1.1422442268923363,36.696187967895554
CANSIS,11.161433322420235,74.948987402376,13.889579275203758,63.647291793820415,5.916785673338574,18.831285212551606,17.61274214155972,0.9117548787694101,12.51403696377497,33.982281792532646,4.274960917936204,0.8632147268680201,75.2937843128558,12.330093627377767,0.0,0.0,0.0,0.0,0.0,0.0,0.0,12.315046868006439,4.032952390782118,35.42714745788102,-0.16048268741204078,1.1053397026922673,37.5549648499596
CANSIS,3.7955601144911624,41.783959516519474,54.42048036898936,56.61124432047806,23.410050376641014,17.41338953219138,15.710123375857027,0.6746727373936142,23.74622298820997,23.226227990814575,4.934268826054652,1.9525239317166259,77.51797202696379,5.0,0.0,0.0,0.0,0.0,0.0,0.0,0.0,25.968731162051014,6.368917260272202,73.50400584441921,-0.2559301602412592,1.7376260486833297,60.0
CANSIS,6.131101107789852,55.515300610932705,38.35359828127745,60.328057393072484,21.595113190545128,18.742580743646236,19.199520603834653,0.5000740811524669,22.15237949431246,29.97094259278154,2.038683355801656,0.8404579271893292,39.14174309440867,7.868639559475486,0.0,0.0,0.0,0.0,0.0,0.0,0.0,21.857973139457872,4.815161444991436,59.58805931140752,-0.22080326779659856,1.3545281964811993,50.71348765135418
CANSIS,30.98602717408928,63.50813498699608,5.505837838914631,52.93916833553587,16.865771893745347,29.366338279529547,20.09038276099575,0.7811210265804764,29.984911303648133,30.906640848429063,4.878894531191908,1.3220383911393458,98.01885858217436,17.153933627470042,0.0,0.0,0.0,0.0,0.0,0.0,0.0,23.21481382755548,3.524058159336091,35.8691625526038,-0.16424886276502876,0.8897925681667835,33.80704069389683
CANSIS,13.351758471713161,76.06730667065507,10.580934857631766,54.613828225892625,26.10426122422993,26.534265276760358,16.90018664775245,0.5257685496901817,32.18261181443782,31.72837233611567,2.7249354791662315,1.4612328474312926,46.05191820099206,18.03029065247059,0.0,0.0,0.0,0.0,0.0,0.0,0.0,27.590464623477143,5.028681834651999,46.746069192755336,-0.2004140341372625,1.2899558491133785,44.01151051417431
CANSIS,17.94163894669614,40.56576375236079,41.49259730094307,62.459782578265965,25.14175382375133,14.629889196686698,19.791708383995605,0.6518932568014947,5.364703144321604,33.9620527584345,2.3900751812550185,1.4037867471796697,47.303671003224764,9.878771437756413,0.0,0.0,0.0,0.0,0.0,0.0,0.0,8.718659516899189,5.636892127327063,69.31765272514146,-0.2250257979073975,1.4777387749536226,50.12463322276507
CANSIS,33.910593342736014,60.81101954572196,5.2783871115420276,32.483400442959294,19.633859109918802,14.35273338335211,16.96109115230949,0.8888370681006439,25.22059757176378,21.863943764109884,1.201398107877413,0.8118418041428261,20.37702281792095,12.86684507794655,0.0,0.0,0.0,0.0,0.0,0.0,0.0,21.675077617599346,4.306558967590326,50.74139739146987,-0.1712777667830678,1.0667292521624143,39.57834966134627
CANSIS,43.54857213721549,42.60698503482209,13.844442827962427,44.47124818215703,26.706782012831464,12.459891242834933,20.053850808219575,0.5344792918920263,6.55507397359187,18.645613229755195,1.2110610314384105,0.7741349882047052,24.2864372441144,16.30581803796438,0.0,0.0,0.0,0.0,0.0,0.0,0.0,8.58421869068968,4.4486801972940055,55.016127148615944,-0.1705401747423958,1.2425764254812184,34.89650691380315
CANSIS,2.060342204038506,62.75929938079926,35.18035841516223,31.060472090980113,10.146030250919207,26.507567992533453,19.26980951798392,0.9616361707958013,21.465759952320678,24.579064287913376,3.7680450237866188,0.8371284556993464,72.60950986355533,7.192291688557265,0.0,0.0,0.0,0.0,0.0,0.0,0.0,20.147753790075217,4.696443473008908,62.67631596664355,-0.2018284933839799,1.2199307735943796,48.50560446013876
CANSIS,38.749725986614294,18.196038140287577,43.05423587309813,69.38340039983234,7.797990484943197,29.109316555543398,19.524533884207194,0.5021009574622207,13.628981871310346,20.08129071726315,2.8317159777361116,1.4612639890343964,55.28793455775962,17.823960718081185,0.0,0.0,0.0,0.0,0.0,0.0,0.0,14.207813025040583,5.135715988467655,59.33419907255805,-0.20606579812315035,1.116422830895651,45.87442054542394
CANSIS,31.125691249332966,28.01643947802401,40.85786927264303,67.20296698433066,11.74374028792474,16.6261607081251,15.590032778002273,0.6357531280610462,14.203297985664236,18.358814226592884,1.9060865041444228,1.4076483539246174,29.715951077319318,13.742986823669709,0.0,0.0,0.0,0.0,0.0,0.0,0.0,15.77649653563806,5.311583344952181,70.79550823268335,-0.2186419435501046,1.3204302516187278,49.62293124937937
CANSIS,5.014493511522077,77.65069446814714,17.334812020330787,21.971340568425294,6.427171402232871,10.52362402577282,20.31405178537013,0.9074972308836393,15.588755103570698,23.766829234263778,3.4558812253009306,1.0038630296477675,70.20295017485148,6.126193282812023,0.0,0.0,0.0,0.0,0.0,0.0,0.0,14.215197248906028,4.03948809374577,46.57355871903835,-0.17114932746064665,0.8735317394744226,42.45383916020663
CANSIS,41.85758215889651,13.972560666989018,44.16985717411447,55.27875862578442,18.2792382000258,12.054291686910684,19.133354960351618,0.6739485823511188,23.638773471488303,30.539812017203783,2.0114324730004447,1.529106384399269,38.48545148469538,24.630425179361225,0.0,0.0,0.0,0.0,0.0,0.0,0.0,22.430438114351574,5.380641313941254,54.98316350506286,-0.2125505376677218,1.278360479217148,48.5767323737457
CANSIS,56.150793275900476,25.80050691177552,18.048699812324003,66.26241587078329,28.415142307374037,34.196500871125764,17.023755476930667,0.5560408134363074,15.021498970063076,27.058891059601134,3.3105270173776904,1.7660877526723442,56.3576024436104,22.132524718036798,0.0,0.0,0.0,0.0,0.0,0.0,0.0,15.461529119714962,4.615639833671079,65.78894487252683,-0.18628270905916505,1.4027022971377985,43.17079147459362
CANSIS,3.576206673426998,73.52680992781328,22.896983398759726,29.028767256366677,5.983588516712741,17.386119436935505,19.646973324294237,0.6981286553402354,26.98097151770841,23.004447827365667,2.4368349879307614,0.7540526478005718,47.876432003582536,13.443284483607517,0.0,0.0,0.0,0.0,0.0,0.0,0.0,22.206439550756542,4.551058817422156,45.06380641601531,-0.15937143163405432,0.9284151968982652,40.557284603536495
CANSIS,13.005354673128801,40.937618045379864,46.05702728149133,48.39726152763147,8.05274785025067,29.23057869595334,16.90760599207465,0.648716307511489,17.13582156721609,28.469472087883517,4.294208906447276,1.347568926612455,72.6047922378683,7.222673124916654,0.0,0.0,0.0,0.0,0.0,0.0,0.0,18.11346939535588,4.910344022791445,61.204090188380285,-0.21964869211558793,1.43346182503651,53.113537811434426
CANSIS,40.01587733432426,19.254313218078934,40.72980944759681,65.77441487940209,16.30497570708588,25.616589221356595,19.86376919783064,0.9634915461883052,7.050596009298759,21.71229088494097,4.282784643067117,1.5961035357334974,85.07224567389869,15.8402315759025,0.0,0.0,0.0,0.0,0.0,0.0,0.0,9.565182633684394,5.4196818848989645,59.53534039067954,-0.21566874190967408,1.2004340521942478,48.350623450074835
CANSIS,33.03293883031642,15.259773592503791,51.707287577179784,21.697298929289943,28.34687543819762,19.548490991322396,16.062901952059686,0.6723413546718288,28.512795274523217,18.23010313715336,2.9094015924896053,1.0280055051905932,46.73343251932684,13.573712676396465,0.0,0.0,0.0,0.0,0.0,0.0,0.0,29.796931677670653,6.1062203747731045,73.3617943586358,-0.2544703280735725,1.634169830035037,59.83464956059778
CANSIS,9.118225272753708,49.71306565072741,41.16870907651889,54.871013362342,12.903902624418762,15.142181554888879,19.01842988730398,0.933912859476804,13.57274973778118,30.229654182982838,2.4032764373400624,1.100102176881094,45.70654442336168,12.742727638268136,0.0,0.0,0.0,0.0,0.0,0.0,0.0,14.63033823152064,4.925555034239787,59.05558370471783,-0.19513862119993186,1.1183044521379812,49.250437639363966
CANSIS,10.859266232473368,52.88376058407569,36.25697318345094,34.86745036862754,17.68087021720981,13.034660453985161,18.20349238322455,0.9905296796459042,17.98300638797788,27.979889357824145,2.450239186236378,1.497729273886199,44.60291036373223,12.900122269912806,0.0,0.0,0.0,0.0,0.0,0.0,0.0,18.220407387483007,4.533733538148226,65.0747585473415,-0.21378702788695156,1.3037563893521482,48.22270484895373
CANSIS,24.052510012484667,65.79537775697024,10.152112230545086,66.21980976882652,6.039321476259802,25.375324200971665,15.982672350977204,0.7385995807670913,25.563316496657045,30.196841992015358,4.2228581026728715,1.867315881476858,67.49255743968976,18.98266552980407,0.0,0.0,0.0,0.0,0.0,0.0,0.0,21.119460830665197,3.9043450522130203,50.08448289068307,-0.15235483690956314,0.9889903946513029,39.19297858538941
CANSIS,27.8057156388865,46.96991519284466,25.224369168268844,68.55291225826838,8.708580024052221,29.3658445159447,16.709469141294196,1.0004687291199157,14.97368471446136,18.62300826700265,2.312717931190448,1.752901746393769,38.644288903744545,11.560259824261273,0.0,0.0,0.0,0.0,0.0,0.0,0.0,15.081170076006517,4.350491437937879,51.41415939576376,-0.1788406053233989,1.2635645724580664,38.54486177479914
CANSIS,37.22322477418511,43.190645003319986,19.5861302224949,67.2133244556717,29.66575307397117,26.097606338528266,15.562020181386574,0.7075249296797561,6.6975696844014685,31.393914045290437,1.836237494827384,1.4580692848294585,28.575564952322477,14.927336736782044,0.0,0.0,0.0,0.0,0.0,0.0,0.0,9.663941144494272,5.080949899492247,62.386388306284964,-0.20016449680791062,1.4057668505219312,49.466854144692235
CANSIS,22.426365218661154,59.15420439548926,18.419430385849594,43.71071083287319,29.12796741090114,23.25755333122896,17.84383982732253,1.0302431290695595,16.217631410384406,27.912419200580853,1.3387533675012273,1.649288233084424,23.888500657980554,15.035000439453002,0.0,0.0,0.0,0.0,0.0,0.0,0.0,16.484492602415294,4.871035439215435,66.78590502210953,-0.19912376577435725,1.1298615636913842,52.13227652373899
CANSIS,18.844686418720553,22.639733069894938,58.515580511384506,63.10213254946567,5.12349952336024,11.048780585790906,17.0063263038,0.5491092384890651,33.333457480829104,27.014325611402242,2.8667724835376336,1.1742692112701383,48.75326829379612,10.927881103257235,0.0,0.0,0.0,0.0,0.0,0.0,0.0,31.822740962688712,5.879520162408946,72.9509886456872,-0.224633694588068,1.6077585927053475,52.03077664619241
CANSIS,42.37398738556858,31.005637757759594,26.620374856671823,62.22746992675352,28.795294635580973,34.212219439859595,18.491787421488795,0.8778605965767836,24.252031918956746,27.993824769832507,2.9285283956793675,1.533255186528385,54.15372455069649,16.063800914164503,0.0,0.0,0.0,0.0,0.0,0.0,0.0,22.97314316524697,5.1257766757351915,74.9332455655538,-0.19433711337981427,1.3442850659211407,46.793021535932986
CANSIS,1.576230263901281,44.36120920135749,54.06256053474123,35.95502366216278,20.97799844538751,29.967854791364363,16.986189038543085,0.7715977222513108,25.14437446001621,31.830931949893824,4.363634841611629,1.3060360684658239,74.12152631478814,8.858411880039313,0.0,0.0,0.0,0.0,0.0,0.0,0.0,26.298701232230556,6.110493797139859,83.08847205830911,-0.24378401067595712,1.629264462397156,57.603182996778266
CANSIS,12.658119322605,47.62925624754554,39.712624429849456,61.44577370753387,26.697957363000555,17.32055091752412,16.999595557534924,0.7132068430006059,23.968464609129196,27.39098410494251,1.884954785784256,0.9469169773948292,32.04346900257223,14.322403905331996,0.0,0.0,0.0,0.0,0.0,0.0,0.0,24.289300110677104,5.312413415634548,77.53090586877605,-0.23755689242324451,1.4912188872802483,51.21716494212309
CANSIS,32.55919340566789,18.72618489954145,48.714621694790665,21.850381735774633,16.368496390846477,34.49925823397126,19.215965993658017,0.8479915333117305,10.969764168783104,27.295206078210867,2.5239650946735996,1.6122597560404344,48.50042742842773,7.953116565067866,0.0,0.0,0.0,0.0,0.0,0.0,0.0,13.269575371243674,5.157823621873463,59.23516155461752,-0.22790417206337374,1.3644840609596185,45.86403103281997
CANSIS,48.05244707175385,19.30251280746058,32.645040120785566,49.81349392410265,17.889900714481257,25.047039740908055,15.740714179891768,0.8871214003988822,17.550015923068404,33.85086651305225,4.233622955574764,1.4234040285534686,66.64024888913097,14.715653905257017,0.0,0.0,0.0,0.0,0.0,0.0,0.0,18.244740275266814,5.813230249920679,70.04267598901707,-0.21484831481289945,1.4082201040944324,50.189045535594744
CANSIS,26.420537981921775,36.84974836362848,36.72971365444975,31.500441864385152,17.221164506423005,24.56056645518116,20.014474975959935,0.50239979830767,27.52819395089955,30.107682673097088,4.2944944429958944,1.1662080565396689,85.95205156374033,11.72178012955013,0.0,0.0,0.0,0.0,0.0,0.0,0.0,24.981359157622176,4.6693792051254865,59.705502326840055,-0.21415309403423136,1.324052466977768,47.131923024084955
CANSIS,28.710589323557045,39.20093751640544,32.088473160037516,26.02834428886394,21.67160643865261,28.7018294857383,19.761319371955906,0.5918241988109593,8.041186926594774,25.076700887218166,2.538444303915073,1.8847409471022198,50.16300859758805,14.063598188000263,0.0,0.0,0.0,0.0,0.0,0.0,0.0,10.250966727862725,5.373841774821551,56.5346492508323,-0.20214005995382367,1.053466306799842,46.4264272024313
CANSIS,6.65868471362153,77.60295095748603,15.738364328892448,23.847660081460457,8.491281368907822,30.29424470225344,18.839023416132033,0.8921753278488753,13.335583282691367,29.318352000526843,2.8364960931467236,0.7272143531747532,53.43681631855815,8.681473815946811,0.0,0.0,0.0,0.0,0.0,0.0,0.0,12.970669012105247,4.055978225816621,50.250793670840984,-0.1585718865460675,0.974017675162733,38.04507732353255
CANSIS,21.311399463424753,33.95373419719246,44.73486633938279,54.81443879390699,5.749339746816949,26.411965183287567,18.466107850536922,0.8665119774680136,13.289573253975608,24.227687547068616,2.2131435633971317,1.1105050966243448,40.86814773041303,14.741759815556666,0.0,0.0,0.0,0.0,0.0,0.0,0.0,14.26154509862335,4.90931090172094,65.96011658677233,-0.2239385602148982,1.241993719814936,47.05588825539496
CANSIS,31.83919976078145,47.71832030497148,20.442479934247068,36.9937481884033,12.698248539779772,13.202393659155,19.96151249069826,1.0313261278207726,17.960567827835177,21.662007399735984,4.730219513677248,0.7739458171109405,94.42233590601305,16.43838509061945,0.0,0.0,0.0,0.0,0.0,0.0,0.0,16.15137031879557,4.452455381863622,52.28238885811606,-0.15429458872349833,1.0701442228217066,41.5747709474276
CANSIS,16.204621618101758,77.45800022816829,6.337378153729961,56.238338576438075,22.617019068416166,18.45668764986246,16.426650897643572,0.9185707846379307,34.41106222826555,27.54963003020415,1.4745750629663212,1.6964855110881154,24.22232978171855,14.14152761104765,0.0,0.0,0.0,0.0,0.0,0.0,0.0,28.789692782491418,4.88538423893378,49.283224450270225,-0.173935279160976,1.29434227441691,41.97000699269433
CANSIS,13.394719312028295,46.10430441307747,40.50097627489423,23.26781703994712,10.046336303073709,33.20209100815124,15.894845810954143,1.0229249892522359,7.025076400514658,32.85091356982322,4.73499769200588,1.6127396903479303,75.2620582296572,5.0,0.0,0.0,0.0,0.0,0.0,0.0,0.0,10.109150978013806,5.395075584070294,72.10594430373767,-0.22827761916472225,1.3358869078945919,50.834545250406734
CANSIS,23.62910201199509,61.62981062061722,14.741087367387692,35.76451689153052,21.835810833122935,15.615390296096297,16.69755084954769,0.8863972758441439,20.56102983141785,32.866232320247406,3.735465807341373,1.1307578843572121,62.373130264829285,9.815334823924301,0.0,0.0,0.0,0.0,0.0,0.0,0.0,19.49866910411565,4.679093894246439,54.8616712268353,-0.19188137548390274,1.1789146214727289,44.85859732361716
CANSIS,0.8357122681680627,42.43906559242165,56.725222139410285,46.97456461876686,29.24780115268176,19.304175595937835,19.47289139350095,0.6639287147516937,10.380940460366315,23.470484449687845,3.1262886107469248,1.578361772869195,60.87787858181384,5.0,0.0,0.0,0.0,0.0,0.0,0.0,0.0,13.815749235050797,6.115725557191026,78.92720601354466,-0.2529894265537571,1.578246414246721,60.0
CANSIS,13.29122937392363,29.242698890934065,57.46607173514231,59.53615824194818,7.34751789473546,20.8019220736049,15.673351333632416,0.557950707237971,34.12029636229232,26.44283945954712,1.1306362431379835,1.2147183940547348,17.720859069239857,5.0,0.0,0.0,0.0,0.0,0.0,0.0,0.0,33.619117744653245,6.016326942482639,72.72487845198808,-0.23165591648282163,1.478298594391356,60.0
CANSIS,8.952968542700633,35.7294899951747,55.317541462124666,35.937625146603494,21.815052955628158,20.985124742361304,18.41403417541745,0.9300031248397146,8.399105141823926,21.38617437711778,2.902384767288033,1.6831299288491646,53.44461229505286,8.842087838527105,0.0,0.0,0.0,0.0,0.0,0.0,0.0,11.809868042065903,6.17075524859405,73.06779450880548,-0.2336466745111807,1.5293468633464655,55.818680326601296
CANSIS,18.772356430979137,55.868915054971424,25.358728514049442,51.294568821850454,16.093755482614277,25.323489562363136,20.47718758095655,0.8542820718117539,17.10803007084774,33.93009775198213,2.630992420010929,1.2904387615577178,53.875325308638615,12.018692775597062,0.0,0.0,0.0,0.0,0.0,0.0,0.0,16.15446144727877,4.421199150551885,57.96313558233629,-0.19566446526739842,1.2184753242546484,41.92937845033442
CANSIS,8.033038170778687,86.11684792013361,5.850113909087709,64.29888741180935,26.703556359437634,33.576895943617686,19.7784804691877,0.5265023068163129,27.136549545038186,33.69788652588697,1.6448752479004902,1.2359636461811652,32.53313296485012,25.9643707117844,0.0,0.0,0.0,0.0,0.0,0.0,0.0,21.98379885927534,4.1573301036912005,40.77408071679821,-0.15711338479386883,0.8650390048415548,37.79143464722063
CANSIS,37.37653380689849,6.565945250776608,56.0575209423249,50.79315940911523,9.428744736184647,16.017317795812623,18.10722844521795,0.6980277562455381,26.13663284082336,28.39214287531916,3.6256384140026277,1.9151488901347913,65.65026302210327,21.01350665309492,0.0,0.0,0.0,0.0,0.0,0.0,0.0,25.17330782461809,5.817134499179108,77.86754698854746,-0.22145738601550852,1.449025701267696,48.4665539243733
CANSIS,33.077901437651086,38.371970404896615,28.55012815745229,31.64797373768169,22.315648805654114,13.037534407522951,15.818204546433211,1.0262398985163574,17.681859106817967,30.870624954839574,4.884603629473143,1.0261428298579103,77.26565933925625,14.2587990918306,0.0,0.0,0.0,0.0,0.0,0.0,0.0,18.37777217071803,5.401836389353677,54.72893324795145,-0.21698182036457908,1.1820047841000723,51.09188947977638
CANSIS,27.78682448307234,14.047160469525835,58.16601504740183,21.2200390778269,25.952882241202754,14.936762246498432,19.65686757192855,0.7752206301406107,15.395725038581547,29.4416025805392,3.2487552442581005,0.856581541995535,63.86035160998988,9.077503579179103,0.0,0.0,0.0,0.0,0.0,0.0,0.0,17.855102935020927,6.0626083399238295,71.7264207447048,-0.253494739139798,1.523373185363654,54.018363661799675
CANSIS,32.35637640717207,9.644524852919027,57.99909873990891,63.50494369504649,28.615355486850582,32.17312250523174,18.494892540886053,0.7380010248108375,16.92837135658612,27.49053150463149,3.8590131057757833,1.4599060472372956,71.37203270519406,14.279718822554505,0.0,0.0,0.0,0.0,0.0,0.0,0.0,19.434863029960482,5.648650916972194,79.44919700338932,-0.23436546949625892,1.5917585333236062,54.5730275375233
CANSIS,21.95251093872458,26.13196901057062,51.91552005070481,21.063470542519358,22.081200707241145,26.14527031638015,16.074664985297833,0.7517347828376117,12.928287894759178,18.853567951822363,1.2738018102640671,1.9601183559694326,20.475937357660793,14.636498193311569,0.0,0.0,0.0,0.0,0.0,0.0,0.0,15.794461983988578,5.205236076797959,79.1773325014398,-0.23686834504458584,1.7993196961036912,59.790169667015796
CANSIS,5.163295926444044,73.64201500972874,21.194689063827212,63.73508363420997,17.429369100210682,17.147669730979004,15.969286424116781,0.61488549820284,11.159988161203994,25.276229480842577,2.670667983267979,1.1911909778453427,42.64866196852468,5.0,0.0,0.0,0.0,0.0,0.0,0.0,0.0,12.84923365827249,5.157620641363828,61.56284124666245,-0.21494387508117874,1.2793561002081106,47.2103782707844
CANSIS,30.566632567784136,43.25299235910997,26.18037507310589,46.4468567013606,20.446181005030347,30.398673474215432,20.048134097182963,0.7027889439756374,19.4911909267667,28.79658083467857,1.4654339406579835,0.7806477927174159,29.379216152874513,7.369494493420366,0.0,0.0,0.0,0.0,0.0,0.0,0.0,18.560900826804843,4.705445765565382,57.469140443777356,-0.20809164919200412,0.9560186936707826,45.640682434818125
CANSIS,25.876020579117483,22.311462487455394,51.812516933427126,66.95338492564481,26.722624611967955,31.5342499090859,18.84600131469039,0.7033972907929471,13.05601268202822,28.840505822138955,3.4511833421460416,1.1410968475024377,65.04100580332188,7.411693633165197,0.0,0.0,0.0,0.0,0.0,0.0,0.0,15.787249138717888,5.7705570670909205,77.15068533080806,-0.24823138754166776,1.337630892046253,57.88372698926616
CANSIS,43.82039475321095,33.74889496319378,22.43071028359527,59.93916178868327,19.265243665970743,31.16285846725695,19.646433996583777,0.5287952611031098,13.623849946917503,23.969961894758136,4.753928632856619,1.357711150615426,93.39774510988731,19.707533166069506,0.0,0.0,0.0,0.0,0.0,0.0,0.0,13.62567287352205,4.466753432639549,51.60758672985556,-0.17622557234673883,1.1221918617766953,38.419155543998095
CANSIS,27.125032412100488,58.552866520164415,14.322101067735087,69.89670552666686,5.759676492420922,32.97316334098886,19.894894501411336,0.9221621956848551,24.702681904236712,33.06707178652849,3.647110929886554,0.9104999086218778,72.5588871850372,17.917955957593,0.0,0.0,0.0,0.0,0.0,0.0,0.0,19.56144580477858,3.6650268791932596,51.287017518600805,-0.1485624414752183,0.9785969020804888,33.515007071923925
CANSIS,6.65815641301237,57.71777415177838,35.62406943520926,37.53559077258551,28.273717387674445,16.306025504334038,18.35886176024161,0.7290774375471334,34.05611995099677,20.677712515788496,1.3072121932576861,1.5555328834734397,23.998927947320098,11.237836011763445,0.0,0.0,0.0,0.0,0.0,0.0,0.0,31.887866502334614,5.782909715397819,72.91758292166465,-0.21182599009430297,1.4784273949775655,49.03359885387164
CANSIS,11.849273993768815,31.66221342738823,56.48851257884295,58.35941444655634,22.238168775789028,28.87604821865696,18.087231758775207,0.9521989377490329,23.109116016781254,26.005751139448968,2.4186648199403313,1.9970742057132609,43.74695114505708,5.0,0.0,0.0,0.0,0.0,0.0,0.0,0.0,24.68722016487102,6.095189238763647,81.96948913175149,-0.24249063520677286,1.640915206181905,60.0
CANSIS,17.5583623410957,39.159998841780784,43.281638817123515,40.09654568046211,21.912834644431165,21.5134874318535,17.652137051604953,0.9676914006159425,7.309384011948988,29.054143624813165,3.202653517763406,1.2872613187758768,56.533678824364365,5.0,0.0,0.0,0.0,0.0,0.0,0.0,0.0,10.638007949939764,5.463691655944221,65.52978208053551,-0.22479466980352392,1.6458017441402615,51.29958258129388
CANSIS,33.47357448458743,30.173061160497497,36.35336435491507,43.99378101519544,10.391878809942929,31.049963822251538,17.084732938955597,0.616596730084262,7.267508415622009,29.154172894268946,2.612831024533009,1.1611471237492763,44.639520268764194,17.20527290544198,0.0,0.0,0.0,0.0,0.0,0.0,0.0,9.721938001683982,5.221053182818771,60.0303830279214,-0.19939825062435335,1.21245004685084,46.50601339101327
CANSIS,37.002214120027475,52.653078722580254,10.34470715739227,51.3752731609185,21.47213675581643,28.21226692904033,17.672979804293558,0.8615444151935707,33.54269662536698,28.37822330830105,4.334576041900689,1.2209154168848066,76.60487484868558,14.784829809506313,0.0,0.0,0.0,0.0,0.0,0.0,0.0,27.879147145458653,4.357677794322055,51.60378012909291,-0.19567703383568974,1.2342344017649935,38.537037334589
CANSIS,18.01397235274968,43.16063017879599,38.825397468454334,63.68385570931694,14.846610141353962,29.411186162493117,19.36939827865078,0.7597549922896399,13.918723709220009,22.404611415229763,4.258684018839957,0.8496900319137615,82.48814690383625,5.0,0.0,0.0,0.0,0.0,0.0,0.0,0.0,15.051124383097626,5.245427226264497,56.78882987900295,-0.2114347445265859,1.1303980801456714,50.57548091601278
CANSIS,39.73044073653963,0.8165975077258949,59.45296175573448,69.20417345996475,21.280824426037302,26.404045942026787,18.50961715507566,0.9840862058568168,7.762009582474263,20.49930509898595,3.4473240804128857,1.848255681854091,63.80864893791577,11.457453911951731,0.0,0.0,0.0,0.0,0.0,0.0,0.0,11.335980099474964,5.814611845312705,77.31364841359067,-0.23514222998301942,1.4787567771985957,57.298919005503066
CANSIS,38.55616765841083,48.73921150358035,12.704620838008822,58.41367069322591,7.664825757699768,14.43571923674267,19.96261644977423,0.6186573735470497,22.971337614511448,28.175045229227372,2.493831780530821,1.2392733521777575,49.78340732499433,21.257418147911142,0.0,0.0,0.0,0.0,0.0,0.0,0.0,18.28792512706999,3.428125830521502,38.85100564907316,-0.14897664162569366,0.670077201459402,31.44396704965264
CANSIS,12.631362228652856,53.860506891341615,33.508130880005524,40.88833910836669,21.4461326150759,23.62567297242346,17.71690007189594,0.8727972601705243,23.709463348707985,27.588833858231006,2.0213454950529766,1.2034567348522938,35.81197614663061,8.910192901605466,0.0,0.0,0.0,0.0,0.0,0.0,0.0,23.11154727069075,5.300060098067426,69.40889272343408,-0.21225283085591745,1.3494614526231403,53.45337561611494
CANSIS,4.41453388341412,42.32994716054833,53.25551895603755,41.06785011385351,29.985343144266665,34.616743488112704,18.53544789359377,0.8342636672389974,24.455144603560644,20.869696164627854,1.4234972728525173,1.5575973548096167,26.385159527630666,5.0,0.0,0.0,0.0,0.0,0.0,0.0,0.0,26.106203315307134,6.169365365004266,71.6736715584671,-0.2575840153166763,1.6441036855103868,60.0
CANSIS,7.204077430713844,47.05364859280492,45.74227397648124,56.879115079444574,6.205300971513901,33.43470166242797,18.656537765459944,0.6624158126645081,13.02206083572624,29.282226329129013,2.419590733946216,1.2746434472104604,45.141185904824525,6.057396908961526,0.0,0.0,0.0,0.0,0.0,0.0,0.0,14.370243998366195,5.2386663132399045,73.2394182143072,-0.22007804359499572,1.342107639856139,50.49271386629799
CANSIS,11.88764543760968,44.77648880765059,43.335865754739736,31.938857288415115,29.429354605532932,11.079343394925292,18.458485811531627,0.575130497008145,5.453320526434251,25.282751867738504,2.652690068830878,1.5427035094501997,48.964641997905616,6.099859965136054,0.0,0.0,0.0,0.0,0.0,0.0,0.0,9.230059595853117,5.735181741720827,67.76215650772575,-0.24105741846186735,1.5521586426605813,53.81025642401323
CANSIS,7.7418997440491895,48.621475636659795,43.63662461929101,25.52370565656973,15.172699018071766,14.120370393235929,19.01316886542758,0.8584018682625021,33.95046108363415,28.68416946565045,3.7032917004162944,0.7798801771700237,70.41131045795146,5.0,0.0,0.0,0.0,0.0,0.0,0.0,0.0,31.28725912679078,4.7486684862245285,67.14314665907429,-0.21522520979282542,1.2785665267092867,46.94762706623699
CANSIS,10.748871281427329,64.47911540148614,24.772013317086532,37.73110788203883,26.768836258431477,13.293219336364048,16.68716734187403,0.9062286019727819,12.526791370733076,31.39787327632241,3.632639297190294,1.7578403468388957,60.6184598448821,7.805691902718859,0.0,0.0,0.0,0.0,0.0,0.0,0.0,14.358800389882905,5.193260722401904,70.91163843493936,-0.22585241417288196,1.3740989649139403,51.73846350046996
CANSIS,16.942129436722283,61.91031912873058,21.147551434547136,34.361949582704085,24.559637101456836,28.14949774963239,18.061818887728954,0.6735950390698425,25.280788641576425,20.71565485723077,1.2804325585650278,1.9226551387432234,23.12694097075293,13.33760947816525,0.0,0.0,0.0,0.0,0.0,0.0,0.0,23.178759449136848,5.090036088862259,56.06127352565345,-0.20201921864519645,1.0758735643830446,45.355608544639544
CANSIS,7.843866713422209,42.641269735259534,49.51486355131825,34.81540602279951,19.175406524666695,30.444633246423628,16.02112401404174,0.8546579322122726,26.19889609636129,18.306317887949387,2.581037261724631,1.5433950020072018,41.35111805495302,6.277042091828257,0.0,0.0,0.0,0.0,0.0,0.0,0.0,27.10335601183506,5.8944464575336,80.63331834577356,-0.2562137691409653,1.7586852614078294,60.0
CANSIS,40.55341989697037,9.890343395674691,49.55623670735494,31.680387552495496,23.461230231283164,15.337784157766798,17.422556638224062,0.7173219991863268,23.300222512384572,30.46564138233259,1.7271154688694477,1.940935707516454,30.09076707713086,14.311995428050983,0.0,0.0,0.0,0.0,0.0,0.0,0.0,24.144539781750602,5.7231021523758425,65.49930836587545,-0.22784993303811768,1.5026700231913024,56.311294017589596
CANSIS,3.5026451854826712,43.80837729261162,52.688977521905706,22.104659481818093,26.9628890325337,22.646317323795724,17.93833534310632,0.8922637858054399,14.387221826409446,27.755158802441855,1.6272508212672228,0.8968620086809522,29.190170919236607,5.0,0.0,0.0,0.0,0.0,0.0,0.0,0.0,17.272265274336636,6.419149220622451,86.20855333714653,-0.25557940211132496,1.5783045463699583,60.0
CANSIS,22.23187933707639,22.539890272317685,55.22823039060592,20.89369673667069,15.103508041275825,31.01757570028,18.761121297727364,0.6095684011917292,13.132887612921973,29.19423311395395,4.309208598948984,1.3206410463244598,80.84558522209167,7.93635652460378,0.0,0.0,0.0,0.0,0.0,0.0,0.0,15.388448651742817,5.435525550907335,70.8640604434989,-0.21835234117728033,1.6854080951387935,50.07862553359723
CANSIS,21.930820126862354,44.94534793578606,33.12383193735158,69.38611948680158,13.175829039080968,28.320038619156264,20.252655262931018,0.9896182514498959,22.930048481081094,31.41047959981828,1.1676608668650301,1.4823487541290814,23.648233000632647,5.0,0.0,0.0,0.0,0.0,0.0,0.0,0.0,21.109560905534476,4.2711665151652225,54.23663752789302,-0.17946283318784473,1.07113266016552,50.70039185908877
CANSIS,52.76188733320258,14.654716459001442,32.58339620779598,41.38865668679311,21.689834639089618,23.555930137296208,18.50325533274178,0.6580752780560688,30.982869008350747,30.844974957192008,2.6767315036084853,1.4562576416475426,49.52824646846163,19.461243394617735,0.0,0.0,0.0,0.0,0.0,0.0,0.0,27.801026808785178,4.905932634702938,59.13830394837703,-0.20473220842057518,1.1511661374843396,46.92692872597692
CANSIS,5.103022721262659,45.990742435564705,48.90623484317263,39.216332357984086,25.196148548531465,24.75869226146932,19.217969580882798,0.7022822932658841,33.402011867701866,33.37472235086119,1.6728146230660728,1.2219003128157562,32.14810054053971,11.996189633991229,0.0,0.0,0.0,0.0,0.0,0.0,0.0,32.069040671551214,5.501178089828456,75.59461118173324,-0.24285241545893502,1.3623826435766953,57.0124222257176
CANSIS,19.743978737050462,39.508005070172445,40.74801619277709,53.982364134653494,24.057128369415395,22.709013672907,18.031330297476014,0.5319505736441924,8.177174132112729,26.57496126163389,4.5173208627138965,1.1395097321761398,81.45330453527357,5.0,0.0,0.0,0.0,0.0,0.0,0.0,0.0,11.282498378744263,5.338762285541298,66.98228081968375,-0.2528854863384698,1.4804462886362446,52.2186169552366
CANSIS,46.72451059848786,9.667311152338456,43.60817824917368,30.912694393253208,24.945341221465863,17.438711282970516,18.670520156881658,0.561331716776702,9.644858377931595,25.815930122558484,3.2281620531001405,0.8648712293155444,60.27146468208665,12.928448298219012,0.0,0.0,0.0,0.0,0.0,0.0,0.0,12.339434124932472,5.467195016490452,64.45114170131417,-0.2422123937827704,1.5077383615345297,54.47195570030267
CANSIS,39.48071477923737,11.750688401777076,48.76859681898556,67.49805919751127,15.889582870323325,24.125549821475403,15.854661080668867,0.7837240464917805,33.34208776349239,24.43019519825168,1.925522545507392,1.2092651857309615,30.528507362206497,14.106204235404961,0.0,0.0,0.0,0.0,0.0,0.0,0.0,32.29346347198079,5.872078951323992,70.5196665574553,-0.24976448396356815,1.6061492333191274,51.858260995216966
CANSIS,35.154405824719376,10.895300375314477,53.95029379996615,59.3172507207776,25.44585540437554,27.222132551252265,16.771957904209234,0.6471759722003844,27.096056850043777,20.45905668550727,3.0097091486655057,0.9114590596371306,50.47871514533127,15.647385489413809,0.0,0.0,0.0,0.0,0.0,0.0,0.0,28.104446765611737,6.060956466635289,69.59125365404333,-0.23637126352145305,1.9277623486310862,60.0
CANSIS,15.011268397346942,61.39899797581859,23.58973362683447,24.470550115612976,8.00522638426521,31.833072896520193,17.309265466025693,0.959514124158207,31.48981474489319,27.16171572611236,3.9259454388124633,1.6546753794398839,67.95523180553765,9.466423761592386,0.0,0.0,0.0,0.0,0.0,0.0,0.0,26.83376862136378,4.640414051470123,66.1077929512278,-0.18585507619707436,0.8945640243951838,41.955541484871894
CANSIS,9.769894371188816,64.57304323361427,25.65706239519692,40.87903878924642,18.61222744902124,25.907283849481203,17.86246677503257,0.5080813637602246,11.078979024060295,22.43220038921566,4.8324720356777355,0.971480216142967,86.31987117856755,6.480250755976263,0.0,0.0,0.0,0.0,0.0,0.0,0.0,12.655866177235298,5.497564224393211,57.5268095795916,-0.20000153454402111,1.3591108451465053,47.50094225589136
CANSIS,43.40530670597566,46.425686602776544,10.169006691247795,63.95591537810824,5.143966512453039,29.02803842607895,15.728243727511918,0.7085017267695649,22.627576133282055,32.74092019540761,1.8817840169816757,0.776134896869894,29.597157661624223,12.178724392324538,0.0,0.0,0.0,0.0,0.0,0.0,0.0,19.45930606486712,4.0689066124530555,54.83977955512035,-0.19352797137769812,0.9846754125674296,41.03810002536048
CANSIS,47.953288120255166,15.241304124955263,36.80540775478957,67.2366011145705,13.114645747506758,14.001790873864325,16.20012048776659,0.685540050723001,26.03418783252421,27.33105286843356,4.54472708851738,1.4180759791624045,73.62512641799822,17.090445162230047,0.0,0.0,0.0,0.0,0.0,0.0,0.0,24.579126519022296,5.228760185282717,64.89794142948527,-0.22386531407922744,1.273206860600142,45.79264801097341
CANSIS,37.0311838590745,55.99199108210468,6.976825058820815,43.37007556249348,14.161538371784946,21.538936860494747,16.88407153895653,0.5106301970046806,25.40335656340918,27.48544288812976,4.737216456669961,1.473798652535222,79.98350154993778,26.636662247912025,0.0,0.0,0.0,0.0,0.0,0.0,0.0,20.756644384934905,3.7967672011219764,40.79448783738252,-0.15319300264810867,0.9104867075800498,34.48311291543021
CANSIS,31.264958816913094,38.1271501858016,30.60789099728531,50.67056946053539,14.904317290231385,10.233290495677332,20.357663454505253,0.5684026194502806,17.244550726000945,23.67879457403216,4.6656821781282645,1.8334869796646571,94.98238756801824,14.5440753968435,0.0,0.0,0.0,0.0,0.0,0.0,0.0,16.452780906108217,4.263979127061142,54.71767152094277,-0.1828775523356422,1.0463137524112134,44.065749142722
CANSIS,14.720537114430492,50.43400797665279,34.845454908916714,28.35169730460376,22.386680167246553,16.166971613040577,17.156735035515254,0.7275034712052494,5.461846750739254,18.83182963164332,3.5416574274476393,1.4500760961429864,60.763278069283736,8.530858116988714,0.0,0.0,0.0,0.0,0.0,0.0,0.0,8.853199690897508,5.2530285174752835,72.35777820045652,-0.22515958668271488,1.6306932242025984,58.85342323656356
CANSIS,45.877257604486935,33.362973528457424,20.75976886705564,69.55843130684883,14.713952531758643,28.16154287782512,17.910205290560413,0.7710755214460956,22.487781704127894,18.507900245967818,3.5192826177388308,1.1491251098404793,63.03107415920331,18.695906304183417,0.0,0.0,0.0,0.0,0.0,0.0,0.0,20.01502906627376,4.286570243024172,52.3815676946251,-0.17644315201736036,1.2301350235858717,41.329562652889564
CANSIS,9.586382162327304,52.9177885063771,37.49582933129559,31.58358506917217,16.217340565563266,34.79524878373408,16.480488563691964,0.7223593609901781,12.593046175388263,24.773362306451162,2.612842532735291,1.7439154459842168,43.06092147947191,7.788023430310356,0.0,0.0,0.0,0.0,0.0,0.0,0.0,14.552314720889685,5.517200506037631,74.54124603773066,-0.2065319288875374,1.425590847458933,54.12478416048465
CANSIS,21.57686027300017,71.74562598035212,6.677513746647719,67.13658870675629,10.938603271858186,12.479452489680398,18.553900355378843,0.7920157231266516,18.50762738428671,19.353046049555807,4.009591529215152,1.4023625611436472,74.393561698829,10.882365372435535,0.0,0.0,0.0,0.0,0.0,0.0,0.0,16.054516973437394,4.617853508154515,52.31511162873526,-0.16275754014138247,1.1360611219417263,35.82133562198768
CANSIS,28.280004395326547,64.66584522346666,7.054150381206793,52.482332449618426,14.331294790733502,20.037357896532207,16.90341607757987,0.8273224211981249,33.72743045251452,27.709551288642224,3.1251760734037277,0.8030643700205492,52.8261514844405,19.85228573095078,0.0,0.0,0.0,0.0,0.0,0.0,0.0,26.80736598490882,3.867594833767654,54.09760054383074,-0.16690662966718622,0.8432188835592569,43.802821984648304
CANSIS,22.780784553382123,26.976184610336674,50.24303083628121,50.38683974394296,10.681740681578788,30.00177421747899,16.534962892192134,0.5054581016203096,16.97105952927304,32.09556809023452,3.709752284913178,1.4356057284072206,61.34061637026438,10.732262547939857,0.0,0.0,0.0,0.0,0.0,0.0,0.0,18.39752235272949,5.449474517271977,66.96360590991407,-0.22784328535254594,1.3126540169272736,48.89834117946757
CANSIS,13.961529720437605,61.227985001942926,24.81048527761946,45.634425550825426,6.8298980942110905,15.100890865722471,18.082863142229897,0.7552523376994271,30.1940481999328,32.12663706429956,2.713831615395182,1.880424109048161,49.07384569224775,11.523718055080126,0.0,0.0,0.0,0.0,0.0,0.0,0.0,25.4518963104313,4.3916080584080674,46.75366561314817,-0.15735161041148682,0.8618073608390702,41.81476689270703
CANSIS,7.350226959772598,80.66144484437373,11.988328195853663,31.533490585887932,20.086214834534445,23.877123732557155,15.527528995802104,1.0299245824881735,10.656218172477534,28.54472656211572,3.9259858561725562,1.2152064131476867,60.96085921882832,7.462587062071345,0.0,0.0,0.0,0.0,0.0,0.0,0.0,12.172725965284222,4.9615967037157125,55.6756158967794,-0.22027927302347308,1.168927369916042,41.33765259792736
CANSIS,32.44731732027336,33.8293033767124,33.72337930301424,28.826401600275414,21.705319963875407,28.32678240074187,15.538320163246127,0.7854677540712518,25.173814940750866,21.379709303566898,4.297886070418196,1.08522354246974,66.78192978731371,18.19673355220521,0.0,0.0,0.0,0.0,0.0,0.0,0.0,24.604224872202572,5.475449124625126,68.37621729204844,-0.215517098228724,1.4383189875161775,44.691110666308994
CANSIS,13.3708615501045,39.279493029471894,47.3496454204236,31.024310453508768,20.487258650240364,25.399636256504476,16.59534404550929,0.8726482471024243,34.3102086331683,31.807949301741953,1.5857450264112645,0.886510294123426,26.31598428175015,10.78840407970516,0.0,0.0,0.0,0.0,0.0,0.0,0.0,33.36412185412952,6.1842468954919685,76.17747750971753,-0.2402737790420712,1.5520484765441402,57.4650828635184
CANSIS,35.78388561641002,47.34595787126361,16.870156512326375,29.321913107212726,16.58735109501431,14.700618365385402,15.683606812504106,0.6715251218542858,8.056793026188103,32.177494965011334,4.331718862296912,0.8968791785159644,67.93697545857238,15.16024897021666,0.0,0.0,0.0,0.0,0.0,0.0,0.0,10.069864862178038,3.9916329351330573,44.58087111893026,-0.1884802225837257,1.2337861962152716,45.29695774828993
CANSIS,7.775328988947486,52.965694841007505,39.25897617004502,58.97922367833767,14.494644504480746,18.884614217143486,16.040128770653457,0.9256952579840194,5.24959826681576,21.14645735924734,3.161186127161229,1.2626029296443644,50.7058325476694,10.759190011599573,0.0,0.0,0.0,0.0,0.0,0.0,0.0,8.664464274419185,4.693727123515512,67.34024032179752,-0.22948231239720612,1.253615005644334,51.501721769660705
CANSIS,31.347694455196002,58.95819497014676,9.69411057465724,37.50626295833651,26.58334123929563,29.59479461213493,17.194303246693757,0.9251068150318633,18.007483778978433,29.798817372330838,4.378663636360898,1.4743837714099883,75.28807037886007,15.12489203082998,0.0,0.0,0.0,0.0,0.0,0.0,0.0,17.23543337861248,4.478575835958513,57.25250859239451,-0.19079545395698275,1.2845803553821502,43.560926678464284
CANSIS,35.1928453870939,56.96465994863268,7.842494664273423,22.89213382816982,17.97704462840545,23.855662853300416,19.512928397899064,0.7867128262097765,7.778764491541016,22.58431278283397,2.7252068253640584,0.8048000267204822,53.17676565279469,14.226580296058305,0.0,0.0,0.0,0.0,0.0,0.0,0.0,8.99991680887959,4.328565750038481,45.742556790591074,-0.15702654811265207,1.0285680103212904,46.3714683181136
CANSIS,2.740830136855744,63.034665126896115,34.224504736248136,68.45513150704056,16.979546940743276,10.130740338572819,18.360243216846506,1.0368076028035675,27.45153049028694,30.842244997646873,2.51616194153214,1.9214391657327154,46.19734521950281,5.0,0.0,0.0,0.0,0.0,0.0,0.0,0.0,25.66532503296544,4.669973986207552,71.30961197302605,-0.1805237478099462,1.4298670324826892,48.6552155392057
CANSIS,17.7163361690037,47.54873214244044,34.73493168855586,64.18929424817128,5.641051645160892,29.024769000702346,18.06333862978208,0.5690526181194594,32.436459915456766,33.95580639845764,4.66024293006889,1.6816737026787547,84.1795461428822,5.0,0.0,0.0,0.0,0.0,0.0,0.0,0.0,28.436052673957526,3.9140930144240187,61.512768926877285,-0.19010225128648534,1.0177833535888376,47.4578525106818
CANSIS,6.716792500649862,53.22456291694878,40.058644582401364,66.38761415976064,13.53119569065391,10.882783873505977,16.967444116040607,0.5093212156892696,18.020629181262763,18.480416085270285,2.004677070193605,1.4626110937687615,34.01424615921801,7.9733035605120355,0.0,0.0,0.0,0.0,0.0,0.0,0.0,18.749861780733653,5.507889499258928,74.21207354488857,-0.22833630920502032,1.4383396062736844,49.61437537958432
CANSIS,3.012370043943651,52.05260660130997,44.935023354746384,69.74539113232177,14.504890469646426,28.643344568280803,20.158768597164084,0.9235870164664028,12.76134926466323,32.35785385265491,4.376849301144572,1.7769702722206882,88.23189224643278,5.0,0.0,0.0,0.0,0.0,0.0,0.0,0.0,14.295933379115192,5.245070176276332,62.723854507743425,-0.21723647220212358,1.209060073959552,50.66540532441491
CANSIS,40.2558100238404,1.0723256057202022,58.6718643704394,28.694762460974367,14.970569522422512,15.062014004130935,17.485075206185957,0.9439355455506855,18.03209957019829,27.96208853757853,2.9360822900376164,0.8042427838557472,51.337619652858415,7.083892492829743,0.0,0.0,0.0,0.0,0.0,0.0,0.0,20.031556614791036,5.6089263496324095,80.46804063706492,-0.24936701073684847,1.533117871195508,57.34184508461573
CANSIS,17.182020968785128,49.42145987464913,33.396519156565745,39.81210094513294,19.504309230683305,33.951837002984504,15.935463833978858,0.566113976016317,26.70343453550003,33.57412190663714,3.056381770205039,1.3198905410530617,48.70486116193468,5.0,0.0,0.0,0.0,0.0,0.0,0.0,0.0,26.155430342279093,5.2131723043532086,78.60221598189953,-0.24499118941669548,1.5167740432072125,52.197481551313594
CANSIS,47.47378474483023,29.763609243401238,22.76260601176853,57.911923785204564,18.34006366817196,19.198518782552114,18.585332580589007,0.6460705581272334,5.271624847411129,25.440152280422843,2.233873125957936,1.5191210649201623,41.51727498876824,17.966007304702224,0.0,0.0,0.0,0.0,0.0,0.0,0.0,7.8371385563148825,4.251735642111592,62.974493100664226,-0.19007835016709748,1.173728860151308,48.41883214162258
CANSIS,11.619859030941324,39.64490025677997,48.7352407122787,54.80103090268961,20.197627319836116,18.173290408451976,16.069191967383006,0.5096537998516459,22.683619684540915,31.558206889141978,3.2921688024760627,1.777248777953776,52.90249247601727,6.919138272697621,0.0,0.0,0.0,0.0,0.0,0.0,0.0,24.07924375910564,6.007486619433729,68.8334357821412,-0.23910196018976368,1.490113009683946,60.0
CANSIS,40.92567854633391,39.178547634252006,19.89577381941408,27.694795316992753,24.122081538553207,13.722201258311117,17.22611571400846,0.6613197359293106,23.398750546621372,18.998305097572434,2.3008447851048452,1.718510428064048,39.63461850818899,15.191252704438726,0.0,0.0,0.0,0.0,0.0,0.0,0.0,21.810119317107425,4.681660474821008,58.21330685182111,-0.2131404485939309,1.2616192960449033,46.91375306702005
CANSIS,42.138127190369865,28.718444670820148,29.143428138809988,60.79165624953089,25.324643467902337,17.64010538725537,18.037059693589043,0.9252280306552694,24.130647406878065,23.36446480125273,1.1570776569666092,1.0601900246274196,20.87027876882488,11.823733039915993,0.0,0.0,0.0,0.0,0.0,0.0,0.0,23.156897276840464,5.315506769096208,61.88225267385154,-0.2023188232146421,1.1664020401918285,42.81631312070658
CANSIS,38.9204943362072,51.764404689968174,9.315100973824627,31.222028591833034,22.95307690566236,31.916269045705015,19.87111262342588,0.7848782902419185,12.260662399426316,19.07226460401936,2.087994421377424,1.9231442204269655,41.49077230427575,12.8581313563659,0.0,0.0,0.0,0.0,0.0,0.0,0.0,12.334494612750989,3.336038109070127,53.07823040629509,-0.16730667295338345,1.195759919890229,38.08492183294127
CANSIS,31.502635535824393,62.10307357632544,6.394290887850163,31.190880741131153,28.88809239887337,34.908358440681184,17.967732901700593,0.6914525762425585,26.421581701343804,33.60549013566513,1.0255161736263627,0.8616495938601314,18.426200694092497,19.925517364048453,0.0,0.0,0.0,0.0,0.0,0.0,0.0,22.7590619274283,4.1510465269219985,57.31623422160865,-0.1885132534888911,1.0977965435985513,49.613521963202246
CANSIS,16.8966666195978,25.157670573116327,57.94566280728588,46.84872114467068,5.455814566909041,19.207738262671207,19.011293830158323,0.7044566121984817,7.741744589953292,31.071582516349388,4.913419148227426,1.8376737042074978,93.41045513767783,5.131256038419469,0.0,0.0,0.0,0.0,0.0,0.0,0.0,10.693924233775691,5.097936112949824,62.723134889840054,-0.22540497559100928,1.564951683677581,51.945331596664886
CANSIS,15.528317265195998,33.49277610663268,50.97890662817132,49.64699674208516,9.894449642088652,21.215265773863564,20.46408419499535,0.5007444941435075,10.978110094004023,31.640758739935528,4.86298883927899,1.9622223244860042,99.51661304632796,9.341507205335976,0.0,0.0,0.0,0.0,0.0,0.0,0.0,12.786488401037147,5.015995243198243,63.306411578559825,-0.1937208422031726,1.264685431561472,52.23270838885254
CANSIS,44.95268876098528,11.768729903861328,43.27858133515339,49.004310391890556,5.189071874453553,28.051773455068425,16.157445599489908,0.6648902901608797,31.324101399634458,33.00744370294231,2.58062118988922,0.9302995801894132,41.696246488525986,12.250488640351472,0.0,0.0,0.0,0.0,0.0,0.0,0.0,28.83176032775858,5.025024727997593,52.10498929394551,-0.2062661491793011,1.2931025980546005,54.262250307591344
CANSIS,46.72549308185492,25.782094975360234,27.492411942784845,24.574341869887743,21.186867853865074,32.154894511626864,16.8736576275976,0.8555523079008618,27.161694521796992,19.361655777916567,3.913483417358584,1.638685883464921,66.0347793157894,17.478320470452523,0.0,0.0,0.0,0.0,0.0,0.0,0.0,25.086344662902743,5.258931101619756,70.51235790986753,-0.2065612454364779,1.2141709758987662,48.78565306378737
CANSIS,60.540390205803995,24.928422190299486,14.531187603896518,63.87304313151902,27.450763723749674,24.826108354669604,17.472880377988233,1.0358069440989963,5.412366620340357,24.169561480213332,2.3832243936417,0.752371174411398,41.64179474400496,27.397979107621225,1.0,0.6082747191495801,1.351524818632235,2.4827465799382207,0.23274113464691537,136.45953935446622,4.98064250718797,9.235261796285586,5.298029390443021,70.63335220010454,-0.2438697674171531,1.6618899983854805,54.66269800875679
CANSIS,7.855333608780863,78.5406290443094,13.604037346909733,33.2800021294353,11.087057414407482,19.788142454445733,17.609140892694157,0.9658834548411448,12.451287811094005,19.136558224704032,3.684372628343904,1.2270496726809013,64.8786367136937,12.464658353900045,0.0,0.0,0.0,0.0,0.0,0.0,0.0,12.533292898398873,4.247307760072344,51.06203813235282,-0.17313642251102995,0.9849663562725184,32.308716440693445
CANSIS,44.303958709092974,36.93268189185429,18.763359399052742,26.47574606414021,28.175863619907666,20.315546021215596,17.555105376327727,0.5129772305550411,11.432194489794938,21.372689624800458,4.221720172183916,1.371168288956976,74.1127424920571,16.035068082243203,0.0,0.0,0.0,0.0,0.0,0.0,0.0,12.857990125069781,5.077476148156623,58.45008401630737,-0.20719993646246934,1.3503440182477546,48.993887855418905
CANSIS,49.16553685030756,15.62699659085581,35.20746655883663,64.43740399344887,6.506684757239022,27.39045366242017,20.038055012782774,0.9942083325711617,13.124189841109178,21.66985243260276,4.787024978768963,1.4548387936825242,95.92266987213777,17.516550962166573,0.0,0.0,0.0,0.0,0.0,0.0,0.0,13.234101994276049,4.928920458637262,59.561787008720074,-0.20071108787671832,1.0656835805802882,38.66826612460668
CANSIS,8.671750687320749,47.02547356417582,44.30277574850343,67.78257491148767,28.36090067013786,10.080456590106968,19.070163222334283,0.9307591273142444,12.426793108396591,25.50571537676126,2.600849103398688,1.9167184227231273,49.598616918474754,5.8034216935105825,0.0,0.0,0.0,0.0,0.0,0.0,0.0,14.951390801814338,5.59378315483483,55.01772808892307,-0.216174593651439,1.2843782878618673,56.44350827242752
CANSIS,3.2812298621381277,55.407914418386646,41.31085571947522,63.106380863272534,13.79056718099086,25.489733436496017,18.53952607045352,0.9292068679640393,6.875788872285372,22.296994679258283,4.133191931824191,1.573925893482453,76.62741957424274,5.645510869233763,0.0,0.0,0.0,0.0,0.0,0.0,0.0,9.764128451251981,5.32449631741557,64.70175337426693,-0.21374503067924827,1.2997099326985686,46.628091955754904
CANSIS,44.32036206184996,35.28327360612318,20.396364332026856,60.475803736243904,7.535520711230413,18.887325261033936,17.04686358931391,0.7518976674519644,18.76821549790461,19.615649709084177,2.063713802528475,1.325661336585008,35.179847679087224,15.94642240361932,0.0,0.0,0.0,0.0,0.0,0.0,0.0,17.166639827651668,3.8005710531368915,51.62292757617649,-0.17442393946984133,0.9610259815481385,39.98969453006673
CANSIS,23.69196330226918,18.79044626125514,57.51759043647567,52.76209903195109,17.146793979658142,29.854933281927106,19.618951921106472,0.7189029111249765,26.982004243584953,20.679857425505723,4.961329215174594,1.7525775471456562,97.33607933729127,6.984011332911745,0.0,0.0,0.0,0.0,0.0,0.0,0.0,26.937453545208104,4.981168092638054,68.76054352181934,-0.23552720057926746,1.5136948130214687,55.58766916563274
CANSIS,39.740913815401626,14.674755766331103,45.58433041826727,47.542868530456964,11.419414193012699,12.324765995578304,20.275302557424943,0.666603650858256,23.201951741523093,20.356409016833453,1.1030783950574046,1.9356926672407315,22.365248204347598,13.652337275147653,0.0,0.0,0.0,0.0,0.0,0.0,0.0,21.774029727376448,5.166319463843504,70.70659391452455,-0.20955479930345397,1.1310172170517594,47.778724880146996
CANSIS,7.303842378446373,57.206684733426584,35.48947288812704,24.349337995570508,12.12182254904807,24.705056673709763,19.60599141275113,0.5361321724249012,25.186150057942392,33.56922876659677,3.414115226004484,0.728685993286978,66.93711380318679,5.0,0.0,0.0,0.0,0.0,0.0,0.0,0.0,23.12575652031852,4.8567767378471665,54.25399161437119,-0.20179444589038717,1.3686504598682303,43.038685718976616
CANSIS,40.302301930207804,21.05305702690282,38.644641042889376,40.42266065353493,12.682249123157163,22.024322247153094,15.507825525957365,0.6255294499215345,7.434475356087175,30.14868011069558,3.6380239266053085,1.9772776539328503,56.417840313053446,11.01058298396476,0.0,0.0,0.0,0.0,0.0,0.0,0.0,10.397147312640222,5.7468243322462715,71.78544283859286,-0.23821355284305748,1.40705205434966,55.76783020377379
CANSIS,11.283266111045263,60.63873045542629,28.078003433528444,38.6344258506157,25.075647445816585,26.058138147630686,18.682006850917034,0.6356319992379136,33.54472130530362,33.48418344431299,3.7521822282965154,0.8119717807827844,70.09829409492464,5.015329861728689,0.0,0.0,0.0,0.0,0.0,0.0,0.0,30.50749008826702,4.75728122797479,66.11929640666746,-0.19011672229720505,1.3294791090286657,47.96008833801599
CANSIS,9.931853305178743,71.4429422722576,18.625204422563662,32.98768918801631,18.47903191688136,11.621339862074208,15.755676907210503,0.7662423883406109,30.154755015290746,25.03584778412654,1.481550315156356,1.7587028130493898,23.34282808737944,5.0,0.0,0.0,0.0,0.0,0.0,0.0,0.0,27.384423022458055,5.176517286574901,69.44352631536033,-0.21903456351406878,1.3848710499493926,43.11584693639991
CANSIS,9.479902617584257,65.94160005659636,24.578497325819388,56.17100568442925,12.782692478900092,24.499594685703283,16.78803610166861,0.9110944236281817,29.15270955486988,22.453895706602506,4.754119133892521,1.0644351783168362,79.81232365142115,5.0,0.0,0.0,0.0,0.0,0.0,0.0,0.0,26.20906664815946,5.4509192745190145,56.02574605804297,-0.21158107626996592,1.3827510087958612,46.40089723229808
CANSIS,38.007430821844544,15.311033102615156,46.6815360755403,44.79378675393854,20.25834458277296,24.03711469898809,15.797623501738858,0.7605954056188706,29.689514151253025,30.772691155346987,1.7247331162003312,0.8718335550800332,27.246684410713648,14.156792696088313,0.0,0.0,0.0,0.0,0.0,0.0,0.0,29.52933608156639,5.935121083112907,68.64931978050525,-0.2439529837357693,1.5403509699693598,56.786227766974754
CANSIS,44.63751340959602,49.57084471576741,5.791641874636573,24.052310795382397,22.90376685557984,24.016502360404274,18.518977264746937,0.5318144471959383,32.98131524398284,23.22006268865835,3.4910136129593643,1.2718123316279852,64.65000172931653,16.22468054833347,0.0,0.0,0.0,0.0,0.0,0.0,0.0,26.663289819477214,4.270645236185269,56.65175555872708,-0.15910552543930767,0.9637571994064715,39.598201798351454
CANSIS,33.63729258411791,54.978712188001694,11.383995227880394,31.009160097490565,11.815600018338344,25.08719166491137,18.932949567463034,1.0267843905435123,21.327618983410932,22.79013397928557,1.8907043164923398,1.5371435532818976,35.79660947113413,18.595718971041336,0.0,0.0,0.0,0.0,0.0,0.0,0.0,17.906757141023995,3.9036260981513844,48.56693423028845,-0.1598990464200434,0.7574414282377683,40.097872678349425
CANSIS,23.76711104487671,68.70274364392688,7.530145311196401,54.162938182979794,15.338727538133789,26.911698430659055,16.072438190329525,1.0184983755017618,11.008460536028776,21.7200958753253,2.2288656680850836,1.1952373985305176,35.823305684845025,14.91981058635466,0.0,0.0,0.0,0.0,0.0,0.0,0.0,11.673692519772093,3.859426739866991,42.83183426084027,-0.19030682366883644,1.0168813822572076,39.9564745740107
CANSIS,58.228535000810865,34.53138087164578,7.240084127543358,23.80654297451501,8.04715233342369,30.124724992019242,17.419194415224897,0.9318542487316246,23.503508235576234,20.074863651587766,3.1858341669124974,0.7709350307675086,55.49466472811484,14.331632706760635,0.0,0.0,0.0,0.0,0.0,0.0,0.0,19.39555141086608,4.322813306892456,42.99284011742787,-0.14812917581656626,0.9007769582560503,35.81600657717
CANSIS,17.257708429357063,30.691959450037537,52.0503321206054,62.56034570243843,9.528733738367007,16.74551800320536,17.78118254477771,1.0452303458603214,27.28644481003817,22.103408976268256,2.668773674258306,1.4792994815563316,47.453951872684065,9.781960771612745,0.0,0.0,0.0,0.0,0.0,0.0,0.0,26.4601670778888,5.268750903302029,70.30507868903867,-0.2173570018672931,1.4484493529321405,49.50386897143917
CANSIS,39.31878029172028,16.980037442378418,43.7011822659013,44.75732635069872,22.02794634912457,30.62623525450155,17.345265108804583,0.7994652830401446,27.13752180062076,23.685115975582203,1.6409024039060252,1.8731242589438772,28.461887213424742,16.61737464638898,0.0,0.0,0.0,0.0,0.0,0.0,0.0,26.560217078898486,5.678134345310651,74.07276804821927,-0.22239854077765822,1.4166191847821605,56.085211999617606
CANSIS,23.915383598716787,45.005055801480324,31.079560599802885,44.0293288663324,9.535958692390674,22.45639205658634,16.105125002425964,1.0295225926392635,20.643470725006402,28.783907330331687,1.6837456096833932,1.1981799757314273,27.116933516236966,8.388864088045679,0.0,0.0,0.0,0.0,0.0,0.0,0.0,20.080796287394147,4.547435176728921,57.73951022076316,-0.19935705211747068,1.3874555972562608,48.64666976982087
CANSIS,24.429602834897707,65.18951832929721,10.380878835805081,49.62038923297588,18.129084591676502,11.92645697835828,17.594738950937376,0.5415827723392129,7.053761580007341,19.001037475511225,2.6725791526511986,0.9812326109200751,47.023332516615255,15.882080255306098,0.0,0.0,0.0,0.0,0.0,0.0,0.0,8.854052023543337,3.948198861201903,34.20998483561672,-0.1528079126839354,1.0170530356137886,39.09531505745509
CANSIS,24.975715520100554,42.98541134847367,32.03887313142578,61.234048296257455,22.726156543060817,11.46377323109948,19.255890239042092,0.7011244115437543,16.133388152903834,21.368111034645487,4.0291319131020025,1.2753505497126598,77.58452187731383,8.147395550543173,0.0,0.0,0.0,0.0,0.0,0.0,0.0,16.76077529695716,5.516967271767801,65.94725401777154,-0.1875840948830193,1.3190873755779862,43.13908731628252
CANSIS,16.41892382282867,52.54012878424021,31.040947392931113,37.390460395109656,7.6719230773685965,18.355957967401523,15.855038322666278,0.6239596974037213,32.62299825390072,30.944378244666822,4.591858587391155,0.7628715243634151,72.804093875351,11.370437502365313,0.0,0.0,0.0,0.0,0.0,0.0,0.0,28.9633643984522,4.825022258070478,53.258592577738746,-0.2097510261282759,1.4208423766109761,51.48304348670843
CANSIS,46.90273124015511,38.57116591479405,14.526102845050834,53.90080762795318,19.182805490722586,29.62242442778669,15.900900070409516,0.6077081962738485,22.53346729272278,20.35075077734033,1.3365106490375314,1.7666338598243572,21.25172227338395,13.669042939987985,0.0,0.0,0.0,0.0,0.0,0.0,0.0,20.806442094784966,5.166339789473885,45.6593601222981,-0.1783593645161019,1.2601261696729327,41.31249586212732
CANSIS,27.93570939669491,43.202449895216574,28.86184070808852,48.28659819978955,11.414069592534094,27.692023368522893,17.27385645917992,0.5774416218909718,21.149958297671404,23.482322344360345,2.5724156302376042,1.7742430542352428,44.43553835007523,5.750651239325423,0.0,0.0,0.0,0.0,0.0,0.0,0.0,20.204993052671572,4.883031573670315,43.26480537808999,-0.19810585024357227,1.2647457264137336,45.12992432859282
CANSIS,13.1295658163227,59.952673791821766,26.917760391855538,33.35141350847107,29.073171880939494,29.71537411681016,20.208628558094624,0.8423275028612982,13.065605431465805,31.83454274973024,1.4009822548915065,1.4644006024585168,28.3119300055843,9.408894396246973,0.0,0.0,0.0,0.0,0.0,0.0,0.0,14.222410711209985,4.4338395332877525,66.27467741783383,-0.2002760778875854,1.2236893265203115,48.84446290595836
CANSIS,45.48619874423172,15.642045862896374,38.871755392871904,63.9314993177579,17.08864116799812,22.931726411040234,18.84286323361457,0.9297270206610178,16.053467597497367,20.47880497829508,1.0663699225303915,1.1590337556199062,20.09346260668033,14.527458781024976,0.0,0.0,0.0,0.0,0.0,0.0,0.0,16.633502862602374,5.320376096984242,63.10241211084675,-0.2249542006941302,1.2398389775136207,44.89851423235114
CANSIS,19.2079683164481,40.86188088583149,39.93015079772041,59.871301080346406,25.149813744378953,21.004974948887266,18.893349783362822,0.8180641196811984,31.86038267459508,19.32378936989104,3.6468747305758265,1.7397183737795183,68.90167990087615,7.36366786786623,0.0,0.0,0.0,0.0,0.0,0.0,0.0,30.251299596715327,5.306518139160744,67.07877770429836,-0.22768243409085803,1.342972159991994,48.67390053885435
CANSIS,36.01262721157713,56.49565225096042,7.491720537462449,52.922591732921276,18.755663553906544,13.686313167657099,17.309599954189324,0.5808294902735154,24.99389142580507,25.752607921280173,3.409797767866351,1.4210931322248772,59.02223528645425,13.228127828965608,0.0,0.0,0.0,0.0,0.0,0.0,0.0,21.489711301044995,4.525609668833154,60.22752236213216,-0.18546169526911738,1.0298800835394648,34.13485668699346
CANSIS,51.84853058181076,22.547775613733318,25.60369380445592,62.52908645471209,6.085313321370479,18.20481884023279,18.468303956042693,0.946118073463409,28.621610802569986,22.838712180456582,1.6520764552595448,1.7737120011150211,30.51105013435484,16.96320880850478,0.0,0.0,0.0,0.0,0.0,0.0,0.0,23.868733419001423,4.267368339507959,54.92118672078918,-0.16671129015298083,1.1686214244230981,42.060879217214534
CANSIS,31.392212387714707,29.18549224800229,39.422295364283,63.364710047990116,20.828784389850558,20.85048415434688,15.550655920138716,0.8497750889400507,18.630362692029653,27.014533831741666,1.9352513323722564,1.5208964303579267,30.094427588710968,13.70608844442955,0.0,0.0,0.0,0.0,0.0,0.0,0.0,19.882054853101977,5.170962956667774,80.26136127788217,-0.22153496270641507,1.4635429349601183,53.148340870536245
CANSIS,6.273187569787475,61.05431820830769,32.67249422190483,55.41814883575174,28.785083555166427,12.215010741990431,18.68048023204771,0.7134911383698476,23.907416583684736,30.860878247735602,1.0948310145780735,1.7197271151766365,20.45196912525844,8.329685343524693,0.0,0.0,0.0,0.0,0.0,0.0,0.0,23.54532100501248,5.428727903575176,58.602313048154755,-0.24238817492533,1.2518590738634539,60.0
CANSIS,41.30236002073137,6.5906987139109035,52.106941265357726,61.8506664181836,20.040295503658278,15.51529881778028,20.066434737881185,0.8707716625448347,12.451508262296226,20.19437581044389,4.339788822777615,1.478131891183088,87.08408918845323,12.94487664706094,0.0,0.0,0.0,0.0,0.0,0.0,0.0,14.506472096483588,6.109966629118267,67.76660848130227,-0.2248495022430605,1.647510221108902,49.82051473989201
CANSIS,30.999942912783787,27.771907348174246,41.228149739041974,54.87357308346418,25.479721485669756,24.955632351593472,18.562867341724097,0.642947738583558,26.163824908504587,27.29118535286856,4.898762384194206,1.238383388680366,90.9350762764251,9.642527917873853,0.0,0.0,0.0,0.0,0.0,0.0,0.0,25.795983060386437,5.684076020865006,59.478937597213054,-0.21695555509000197,1.49924984793062,50.960931165578806
CANSIS,21.105518491964386,64.93308801855697,13.961393489478633,54.00703858801502,27.105161583710196,28.391577855979747,19.868492967331726,0.6898557146718158,17.82804001110012,26.08814016623782,1.5418381471787632,1.9453296179039787,30.634000383985036,18.506067458518334,0.0,0.0,0.0,0.0,0.0,0.0,0.0,16.57391872156894,4.358122604619717,51.35822669125306,-0.18167420339485757,0.9437801710948263,39.45374866979181
CANSIS,9.130587872596426,81.98813102037994,8.881281107023641,50.93056891075922,10.701994298723312,34.95868778482374,19.11986527733047,1.0046172137225948,18.27636544444237,20.305260576211193,1.9259008550611925,1.4034479723424982,36.82296488626555,6.497287899914125,0.0,0.0,0.0,0.0,0.0,0.0,0.0,16.056294804873875,4.308498748830094,45.72516102750946,-0.15628835222676907,0.9427468472040086,37.65994102138156
CANSIS,39.56903032910692,20.097909369545718,40.33306030134736,57.63583197788206,10.301120997705667,33.327833283588944,16.10279208201845,0.6597774781192812,24.47966973730645,27.98397576846372,4.473638095787736,1.4866163741026999,72.03806410666685,16.36687651077741,0.0,0.0,0.0,0.0,0.0,0.0,0.0,23.494664775469946,5.254722853548536,68.05624793840279,-0.21030177507321263,1.3707630601356913,48.58088171850977
CANSIS,41.40284013692711,52.13903778328369,6.4581220797892,27.930255264653685,20.274524721274794,26.06412998837979,20.01226653642921,0.7584935474868651,33.0884186440678,22.378246685772346,4.705855191824739,0.986633931239174,94.17482838063587,23.617441713086006,0.0,0.0,0.0,0.0,0.0,0.0,0.0,25.357626698701928,3.8538134797375094,44.72855377118256,-0.15203978145791835,1.1418370143932866,36.65565642414313
CANSIS,27.415190474323534,35.36715255563598,37.21765697004048,64.04353795994642,15.275711745167618,20.5312013323518,15.832219221778875,0.9895776255678082,6.920190398258628,25.805349096704198,2.6785095312272413,1.5133460262554594,42.40675008601385,13.841144191145595,0.0,0.0,0.0,0.0,0.0,0.0,0.0,9.924396447034592,5.011348381846472,70.12395188751402,-0.22266464700960809,1.2686772850571963,48.65162410955456
CANSIS,37.224966278765166,6.062370442862168,56.712663278372666,63.5921763872616,25.99653257166801,25.90443411770582,18.169837362738818,0.8892467426471402,29.742297120410228,19.31635718843299,1.2024898890762965,1.4430899443278271,21.84904571485415,9.757585676708803,0.0,0.0,0.0,0.0,0.0,0.0,0.0,30.503860696444917,6.17220551910186,81.41636487650393,-0.26391793768156463,1.747740219732208,55.710778551063214
CANSIS,40.75033513302801,22.598585083798646,36.651079783173344,21.462364151727957,27.50057808495028,29.641290452005798,16.21068561896729,0.5342117743905865,13.771493312365793,25.35334491541797,1.1575673347712776,0.9402899173311324,18.764960146763045,12.763135762820133,0.0,0.0,0.0,0.0,0.0,0.0,0.0,16.002064803321854,6.010212394335154,84.42361313094152,-0.24619777519966984,1.677812182059702,50.10079895038177
CANSIS,8.618974642946464,65.03167941569482,26.349345941358706,61.290837528238136,13.835534482567953,12.958404773084684,15.55853305365452,0.5810166743534337,18.317583635191333,22.903415488685127,3.2957994642760418,0.7774632265590868,51.277804903155655,13.100026452485242,0.0,0.0,0.0,0.0,0.0,0.0,0.0,18.238853313052747,4.737965509707794,59.5326622689021,-0.19827248132785522,1.221196729992392,41.12443917901459
CANSIS,15.526743401061976,44.092404584608595,40.38085201432943,26.44349337367226,10.921763974362051,20.247622242407207,17.610171300638196,0.5043128749245542,5.6573998632502684,31.15809937896567,2.571580435572716,1.4856671156292025,45.28597198380532,5.0,0.0,0.0,0.0,0.0,0.0,0.0,0.0,8.813124768982387,5.660426234581702,59.23912821227629,-0.2153503127867952,1.336621612199057,48.88746573049068
CANSIS,13.641568106643875,56.15452291632271,30.203908977033414,36.75594271295709,24.513137881096547,30.99505714089043,16.975203538270783,0.84700698462604,14.031382335029392,18.911659631957892,1.114609710310618,1.6927999501554167,18.920726698255777,5.161499840993348,0.0,0.0,0.0,0.0,0.0,0.0,0.0,15.752493743335268,5.408428523859115,69.23565638251935,-0.2253826362420161,1.3064249896459434,51.73641264976574
CANSIS,39.05386109028827,25.93721549733531,35.00892341237642,57.17541281458039,11.870150888703403,19.5958237983261,17.930002468988015,0.7462203839757301,20.078937278903915,24.69771639869328,3.333009569250227,1.3804217821986107,59.76086980581725,13.06409506800703,0.0,0.0,0.0,0.0,0.0,0.0,0.0,19.37693767217045,4.63248198277844,55.33616835056277,-0.20585610193322362,1.2452285139423642,44.926161310150476
CANSIS,1.3952751451159826,41.82416037217513,56.78056448270888,28.03799480241541,25.56535796284196,24.296806780679663,18.385999433672755,0.5738511679962516,6.685282320423171,25.334902786103008,1.0452101463560899,0.9948044129155393,19.217233158972086,8.348484868726624,0.0,0.0,0.0,0.0,0.0,0.0,0.0,10.563415461324851,6.387790352583934,85.89552494531392,-0.2542394188509684,1.6221594219312068,60.0
CANSIS,32.41656618774651,41.347788733210905,26.235645079042584,60.89835120595311,15.59345634121907,24.694234021554955,15.718695361544738,1.026863766581224,19.732871881494955,29.600097220785898,4.149487832597092,1.5664785697009453,65.22453514703024,16.52973646089616,0.0,0.0,0.0,0.0,0.0,0.0,0.0,19.251897480511374,4.872770508043415,59.300482798831304,-0.19364791450365595,1.3668006333993534,51.15451906544412
CANSIS,31.3120887014094,10.822430288275314,57.86548101031528,61.606708897887096,21.68874748228676,14.611906328340984,16.115016475618727,0.791312848170091,32.81331886575282,27.188601201443376,2.2257312908134863,0.8041374445924829,35.86769642175947,6.177941282998152,0.0,0.0,0.0,0.0,0.0,0.0,0.0,33.93462761517976,6.554867211166075,76.98922234579283,-0.2644779718570237,1.8289258399985264,60.0
CANSIS,37.352721349018246,7.852993343398246,54.79428530758351,45.37338668804181,7.388382845866705,19.05588604130721,18.293211982252128,0.633041311762089,8.161796543234157,28.6753973951069,1.1610320120369284,1.274383816242541,21.239004714372236,10.746215619595539,0.0,0.0,0.0,0.0,0.0,0.0,0.0,10.969576684928999,5.2978742364411895,64.21529820977561,-0.23530238988796365,1.3258490200810278,46.71008977671058
CANSIS,21.248662259599406,62.9828253269893,15.768512413411305,20.319293585841677,20.596483116914325,18.362782218548304,17.21583676586329,0.7753319641350892,27.93322184226513,30.432788570428098,3.3534088839326133,0.9123767859179462,57.731739954979666,11.66175601130048,0.0,0.0,0.0,0.0,0.0,0.0,0.0,24.673101934848688,4.668244617694004,61.448231068163665,-0.1853215014426389,0.9697787305187735,42.81696966732541
CANSIS,53.86837250271559,37.31675594915031,8.8148715481341,34.35190665874564,16.294191968430727,10.65491771330162,19.145867437747242,0.8737911830043092,17.29013160127978,31.79524757853102,2.5907376577322188,0.9397967663778484,49.60191976092084,19.593233674348234,0.0,0.0,0.0,0.0,0.0,0.0,0.0,15.258950164622972,4.069332720757299,45.35476744291875,-0.16293479411602266,0.9738300243239545,34.43090296236644
CANSIS,7.161037997646866,82.29617192659467,10.542790075758466,50.84634591878711,19.665211579386852,10.60479409728388,18.761458242959698,0.5419315698854604,24.65521143573014,23.02200794755953,4.8952016534285985,0.9629821339056648,91.84112141166793,14.777636936810385,0.0,0.0,0.0,0.0,0.0,0.0,0.0,21.015383417159374,4.316442635381128,46.81329058569283,-0.17340160459901083,1.1039765590274748,37.59464155929386
CANSIS,56.7113722748156,37.28642731434916,6.0022004108352345,69.05930890137117,9.200355193621586,30.792426091894338,19.728021814949535,0.6510870982763406,12.807097939556881,26.60836328582245,3.1767946500148088,1.2027191741571712,62.67187415710712,17.34222492018717,0.0,0.0,0.0,0.0,0.0,0.0,0.0,11.669762784615699,2.9626309800424506,51.193727123262455,-0.1298113216934204,0.8983172767755967,30.237490525233294
CANSIS,8.274373522239069,81.53126363618486,10.194362841576062,51.59067635083342,23.421843623604552,16.82677024932031,18.962464133346128,0.9438310199861966,9.78476787624075,31.441729255027198,2.100956724148033,0.7664952673065168,39.839316527369455,18.601282310612703,0.0,0.0,0.0,0.0,0.0,0.0,0.0,10.69380184883022,3.909227619105764,45.758991455429,-0.17460563645409183,1.0344794326391393,37.783619341778135
CANSIS,19.354769575588303,38.079857886512066,42.56537253789963,32.99017905320799,26.569926938580714,22.951969155970385,17.64965538695074,0.7528156787214637,9.813878428136793,33.8312180954409,3.837755458535899,1.2171314732078278,67.73506130254773,13.671562083514878,0.0,0.0,0.0,0.0,0.0,0.0,0.0,12.66722971403192,5.936414418251884,71.11260826740535,-0.2303411392194227,1.512247678804064,53.88094889946531
CANSIS,52.256581753499994,38.82804258118741,8.915375665312595,51.70028515498056,10.418495002269392,17.468139339719325,18.86483311197216,0.8006174281177623,7.114758369294339,32.23230897670021,2.0859680101708453,1.365219681249111,39.351438388785645,26.47961915224505,0.0,0.0,0.0,0.0,0.0,0.0,0.0,8.13700429027896,3.596027430373241,46.16913934278054,-0.1607754185398043,1.0725538991153811,31.229784446526796
CANSIS,8.804376184325887,68.65196414951724,22.54365966615687,46.999268985792774,7.392863888004043,33.51698112788351,16.876905871277092,0.7380488012152081,10.56940114703729,23.94347620199003,4.61697316563026,1.3282825704562229,77.92022152655413,7.802309503427505,0.0,0.0,0.0,0.0,0.0,0.0,0.0,11.727378472563455,4.423783253065442,45.85811012603652,-0.19056763801921242,1.2200788934445614,44.00141283475951
CANSIS,10.14802597267592,38.38383192400408,51.46814210332,58.99226975755718,5.59096465115841,16.482418971644343,17.031567493891064,0.5241449684536528,24.92658154966905,21.12266427549841,2.4988878820295057,1.1976193305239526,42.55997762245202,5.0,0.0,0.0,0.0,0.0,0.0,0.0,0.0,24.657557817136468,5.0804086475884995,71.37795841411689,-0.22007060838815323,1.4015900446493523,54.28423204617679
CANSIS,48.28982244422331,45.43022109030627,6.2799564654704225,25.34903194134792,21.04928751108165,20.741420318473377,19.444925799603965,0.5911623789010858,31.45071835530524,25.830280598505418,3.199474251104821,1.7908905904919783,62.213539410476706,15.111593446285074,0.0,0.0,0.0,0.0,0.0,0.0,0.0,25.12395119178044,3.7195300847784956,41.70157618023501,-0.18153086155346448,0.9530115562968554,34.822117034366066
CANSIS,32.47517192030498,17.729061537303558,49.79576654239147,58.0513951251014,20.17735090221952,31.818256262115046,17.73209758200791,0.74504790130804,29.423770567734856,29.866263229376678,1.2022924152969154,0.8889247001466554,21.319166430152883,9.658432465790279,0.0,0.0,0.0,0.0,0.0,0.0,0.0,29.09746300160994,5.136209777247125,77.04231274917656,-0.23477277278699746,1.5024425278493851,59.776314144741285
CANSIS,38.307925874014515,41.19006151344849,20.502012612536994,47.063328933805515,18.66743531785175,31.048339169795216,19.49190170259176,0.6150520059743603,25.55402929623452,25.88110513205276,2.704484951808923,1.3574057669157862,52.71555483679815,18.637813932946948,0.0,0.0,0.0,0.0,0.0,0.0,0.0,21.982789229120442,4.320997113344793,46.61866275535223,-0.1777996446466875,1.3018231941062528,37.94977749149341
CANSIS,44.58651179776304,43.91442268304587,11.499065519191094,68.14960019294973,10.798677402899386,14.652535446156932,19.612111868341394,0.5274884657628233,8.31295590233308,25.730893813018696,4.32945415864398,0.7806538420435205,84.9097392881816,24.471122927508944,0.0,0.0,0.0,0.0,0.0,0.0,0.0,8.953587739680307,3.493863543340999,46.94637410589343,-0.15014524284059702,0.8800223601114504,28.691708681636552
CANSIS,26.235151944587123,30.444303960384588,43.32054409502828,37.0936083019343,14.772649897637868,30.06608274489276,19.78781168830642,0.9640073152285031,13.675623388878495,31.41168673730881,4.222595221453368,0.7925023825412826,83.55591907806178,7.047632395772457,0.0,0.0,0.0,0.0,0.0,0.0,0.0,14.950771634335855,4.848063209265718,70.17389239905353,-0.2012133933701389,1.3390365516259088,50.55442962684271
CANSIS,12.64133801076986,47.766805416336524,39.59185657289362,51.63109465669741,19.861908379654324,21.454672168447317,20.083176179206035,1.0396558910402638,14.29420625967407,23.782460465074983,1.897274235414105,1.446025604580225,38.1032927300899,6.630105950032198,0.0,0.0,0.0,0.0,0.0,0.0,0.0,15.465668945977304,5.136632395548211,68.97710264769361,-0.209033507480623,1.2892431984172228,47.16602768032511
CANSIS,14.992669175591285,31.746370080420796,53.260960743987916,66.60140527550087,17.419171471479235,22.07422180213388,17.65492610256648,0.9362285806982067,12.498708391928638,31.75671479698633,1.9043162840422507,1.4358239523541672,33.62056327067994,7.0474616091800435,0.0,0.0,0.0,0.0,0.0,0.0,0.0,15.146581788483351,5.930831423103296,74.73113653560117,-0.22528762409341363,1.678370073047278,57.781643612286466
CANSIS,8.586947244951507,45.98414534583478,45.428907409213714,25.125486399533962,29.694638005372184,13.336999310398594,17.094334091605695,0.969581706937567,20.450169791291692,24.508876815227577,4.269221248852947,1.841443566697794,72.97949433887437,5.0,0.0,0.0,0.0,0.0,0.0,0.0,0.0,22.4414524401845,6.716212282896653,75.61244380489879,-0.26111309945734323,1.861656341539462,52.49506731506317
CANSIS,41.24753857872292,9.561010250110414,49.19145117116667,66.86142436182256,8.410993813918328,12.015037843928116,18.410993732970567,0.6330874216743749,21.066614446390176,23.25172969085343,4.721593680677302,1.4252357783580951,86.92923166458323,15.34325985329172,0.0,0.0,0.0,0.0,0.0,0.0,0.0,20.694537909234167,4.683571243856468,60.06757969643456,-0.21018809889970952,1.3952144468493963,53.57967741314138
CANSIS,34.8541881210552,44.633910387522945,20.511901491421856,54.394286115040664,22.378613851189844,28.19848267434413,17.35586211718814,1.02834483653226,15.706579255133306,25.263838579195184,1.3814436850920142,1.9477283265263052,23.97614612111727,12.931954480366072,0.0,0.0,0.0,0.0,0.0,0.0,0.0,15.991937854958731,5.204839605629317,68.38406645729073,-0.19903138599606554,1.2670403362459992,48.38465422771211
CANSIS,25.101481087410807,60.13934400470444,14.759174907884756,23.391852955258596,15.107969202607304,22.411528808882494,18.505370834001166,0.6083091374493856,15.61367476209308,30.199151338797897,2.800234557704901,0.7633033029199087,51.81937891251443,14.298378108074163,0.0,0.0,0.0,0.0,0.0,0.0,0.0,14.775823972342685,4.547329198037578,46.83784401687911,-0.18550082534309484,1.0810335589008253,35.34872325795244
CANSIS,21.64871152810712,32.06747713164566,46.28381134024721,35.04817834734081,15.704990373140369,20.921267565379488,19.027929313219122,1.023286395699008,29.85666793718244,20.01603244582391,2.349817115856916,0.8274099902149633,44.71215397951782,6.877109354400316,0.0,0.0,0.0,0.0,0.0,0.0,0.0,28.256034076420832,5.132022566519334,60.54240072662158,-0.21150998282626757,1.123608301845414,47.44263116872821
CANSIS,42.92334499977968,7.700744340520799,49.37591065969952,55.40860443226408,22.939944141454404,28.237705716309918,18.942025092460685,1.047150611681273,28.678785449590567,21.142707453952276,4.482753821829757,0.7572856200414958,84.91243537642329,9.910279279189169,0.0,0.0,0.0,0.0,0.0,0.0,0.0,28.225831760026086,5.721957786009749,74.93952943834445,-0.21012772525955262,1.5877142036043599,60.0
CANSIS,6.174097494049286,34.348119695913674,59.477782810037034,23.367530073438584,22.31090378310924,29.137822474777742,17.372764435100606,0.8914475431603268,14.233874950422368,33.22311721060947,1.334099658720075,0.940859905433602,23.176999103891976,5.0,0.0,0.0,0.0,0.0,0.0,0.0,0.0,17.3834222188383,6.122927011055086,74.65958648051296,-0.25851243515552047,1.6941650656764127,59.356877636283485
CANSIS,32.918571897002785,39.38745587286877,27.693972230128455,49.10852300881366,29.78139984255471,13.97270419173384,16.334301008493764,1.039629052485502,32.41365331619778,20.807866038101718,1.8445037702321496,1.4036511442241815,30.128679794273552,12.999435315422744,0.0,0.0,0.0,0.0,0.0,0.0,0.0,30.638529164581637,5.521605836829027,62.48319190350148,-0.22019559172990422,1.4911708248903086,50.46135413308902
CANSIS,28.97199303127338,45.56701225012354,25.460994718603075,37.29415284764784,8.20985723635313,25.255628736941034,17.652646692311038,0.813246878761907,33.584450510075186,27.08363708689687,4.009873350345977,1.5392438358556564,70.7848775345711,12.571904127588676,0.0,0.0,0.0,0.0,0.0,0.0,0.0,28.227373547965936,4.965959417998216,46.025659374986816,-0.18470565332421557,1.068590570903011,35.845061618968046
CANSIS,28.217783576307383,24.079503582882793,47.70271284080982,51.04577588837385,7.602741234604158,13.383852056942139,16.212970720409544,0.6427479807468497,14.802276260901225,27.269031466591006,1.2051753959248623,0.7592607053332694,19.539473407087772,7.887969878343799,0.0,0.0,0.0,0.0,0.0,0.0,0.0,16.461419793326336,5.666168332755302,65.5494325219206,-0.23315611598931793,1.3992111134125216,52.112935398659346
CANSIS,1.0527070019854117,75.20309828409862,23.74419471391598,22.287101690625644,23.108470428218528,28.784377150726144,19.95048517591904,0.7403477371160915,15.632748463791646,25.833991392803917,2.970141522857157,1.929762156799279,59.25576442214332,9.285585930756845,0.0,0.0,0.0,0.0,0.0,0.0,0.0,15.676169096325676,4.873139309097167,57.128264482588776,-0.21239746932498407,1.1668440467577594,44.20620645770335
CANSIS,36.54563163392613,7.26271545787781,56.19165290819606,63.576840307618816,19.459672925160227,26.42387890667849,17.229387303689286,0.8264585144583323,20.169024602658766,28.315923977229097,2.76842813871888,1.7948149896454955,47.69832062441923,18.18558750355293,0.0,0.0,0.0,0.0,0.0,0.0,0.0,21.601423377862925,5.701120324438303,74.80323623864737,-0.24748328151531596,1.6716586942161733,59.05712142824266
CANSIS,40.9140730201205,6.87322562851385,52.21270135136565,68.67444845886985,11.854016663995147,33.91536552708645,16.272298736116618,0.5401948591148582,33.233624376010205,21.677227612761897,2.3376047159549946,1.085596226804221,38.03820226497471,12.852134120123253,0.0,0.0,0.0,0.0,0.0,0.0,0.0,32.01688894815569,5.225979998311442,76.79979493447075,-0.24771945871738155,1.4559079189442514,50.990732191491276
CANSIS,31.479423980413593,39.92590451396039,28.59467150562601,68.44389276428458,6.985484224724665,11.723950408910529,15.627238799528754,0.8422887955394853,31.289582994269345,26.84259628442797,2.578289261275695,0.8003437892944083,40.291541980215875,18.12780367867922,0.0,0.0,0.0,0.0,0.0,0.0,0.0,27.290816143518338,4.667345552152593,60.918106092286564,-0.17753756319085529,1.4688850432475904,40.42957145585426
CANSIS,32.638819541627846,21.063271729839805,46.297908728532356,57.48259158714624,7.141456239910763,11.426368028781358,18.72911193143242,1.039647810219262,8.077038877507693,23.954772083950353,3.1197623477209317,0.9208531951847744,58.43037820993372,6.012518026623788,0.0,0.0,0.0,0.0,0.0,0.0,0.0,10.595043341256913,5.497367616154357,62.356056586696,-0.212625479009865,1.3923190411903592,50.73622724269391
CANSIS,43.12691153305887,10.373230392283595,46.49985807465753,26.5043120065316,27.354771866602956,17.054676867330002,18.684511587273718,0.6045592073810502,16.781922298142486,28.586676154067025,1.6454694335535325,0.8650277378814645,30.7447926977357,15.039387302484018,0.0,0.0,0.0,0.0,0.0,0.0,0.0,18.39927030629138,5.194017048651929,69.63319752146333,-0.236466168525006,1.342568302489159,58.00200377466011
Provincial,36.43100896210079,25.931392773549035,37.637598264350174,30.66203795851574,11.640382681745582,26.821072659698274,17.475544300921428,0.8828424149318201,23.719498296784607,24.035570147689903,5.462320050281265,2.1426790569061542,95.45701602450161,13.302249114085964,0.0,0.0,0.0,0.0,0.0,0.0,0.0,22.474578096275167,4.7833955798260845,58.91227469140424,-0.225815277552344,1.1481549415858998,51.60505807403297
Provincial,24.695554353892504,50.268009638833696,25.0364360072738,64.54625512384806,21.150739457148905,30.83193110636604,19.667009246674528,0.5291698175966757,35.38581598463121,32.971687443686605,4.053593556738477,1.1335005097015138,79.72206196263592,17.849287861787076,0.0,0.0,0.0,0.0,0.0,0.0,0.0,29.746499378362422,4.186644341070423,68.2804546663306,-0.16759376468493145,1.133498624503252,45.706754975220555
Provincial,24.97107735800549,28.223234684534738,46.805687957459774,52.71388382352004,28.730785235463248,26.374442214419396,20.356384940605786,0.559432006874987,23.56970432902888,35.154729869494304,2.5032424313120725,1.2328910481694229,50.95696653144648,14.14918817476438,0.0,0.0,0.0,0.0,0.0,0.0,0.0,23.616759107731124,5.239516725479166,52.160503265541294,-0.2370410855365783,1.4702125814999814,56.36535870403523
Provincial,37.974893251061324,50.29873298793213,11.72637376100655,63.982109779011004,30.786303751933776,25.689946059952632,16.96290816229264,0.7559236078148396,22.731670542175312,22.17492395787713,7.956823869116087,2.1929491550879048,134.97087255535416,18.56527982773321,0.0,0.0,0.0,0.0,0.0,0.0,0.0,21.12632999387029,5.224176001308927,57.64875504671852,-0.2080211752646866,1.0194570970053407,45.758582162593754
Provincial,8.27272314068976,42.54140410409514,49.185872755215094,38.691893863828,13.710421571147993,36.17987270863912,16.488093802675746,0.7278225751623277,14.70288842797884,27.96239287208349,2.763094721795065,1.5499583839472804,45.55816495863528,8.090086585658243,0.0,0.0,0.0,0.0,0.0,0.0,0.0,16.76821302509896,5.422187516965905,81.80926328753935,-0.2238307425999821,1.4090173937519292,51.21909291093297
Provincial,30.502111143987737,36.42414336528543,33.073745490726836,42.84410257492864,10.546820715905358,34.63391707785333,20.488979031960127,0.9704809887461061,22.792181694759186,23.426820043833388,2.434090303016344,1.1592902580695317,49.87202518039934,12.473924690483203,0.0,0.0,0.0,0.0,0.0,0.0,0.0,20.344636975408257,4.512172885541424,54.866064315623625,-0.18777135453638252,1.0606839111786226,45.15449728138492
Provincial,26.604676419519084,45.474063011627344,27.921260568853576,43.38184354930631,38.09270508625741,39.497952307182985,17.749477318236995,0.8565159978581462,26.12250815799421,20.96117069367972,7.271184495242935,1.8592054868970935,129.059724275031,19.561356212856456,0.0,0.0,0.0,0.0,0.0,0.0,0.0,25.50327672523747,5.294438049787187,72.41223608227993,-0.22502134334903454,1.3380731579044824,51.9296214580511
Provincial,29.480678975916586,38.146793391787554,32.372527632295856,26.41583253609689,16.341324241987255,20.248646380903352,18.75658695331407,0.7216931567015745,10.675129822860594,25.208053410018167,3.811007965357371,2.108645196167311,71.48150228199806,7.061777841951341,0.0,0.0,0.0,0.0,0.0,0.0,0.0,12.371109461080426,5.322604165466837,61.7423366689718,-0.19971144810755329,1.3137100607093242,43.41089040094267
Provincial,31.66064091311438,28.305660212863224,40.0336988740224,43.7576330056843,35.30708792347916,32.1144408218841,17.797715722600017,0.5695321984152699,23.323390155262192,22.299002002947404,5.901781844441046,1.657491976699213,105.03823552416372,12.595110095739303,0.0,0.0,0.0,0.0,0.0,0.0,0.0,24.348896851976104,6.261533423437905,69.87861678417273,-0.2311718662379342,1.5411882671968302,60.0
Provincial,31.17306915771845,58.25248664897616,10.574444193305382,69.18175154349184,35.63172641481019,31.311427917964178,16.62901168173026,0.6087859716278465,33.44068655185601,31.35892917494794,3.974034377973397,2.4408674044515557,66.08426409491726,17.40082305338418,0.0,0.0,0.0,0.0,0.0,0.0,0.0,29.78790456799795,5.246621306460306,47.953342143710344,-0.20864295325759366,1.2295857612334624,54.07839260620927
Provincial,23.72662101992405,27.0535454394548,49.219833540621146,74.35141726623561,32.72072293640142,24.20134775879873,18.94665822473864,0.8528507129283414,30.401381691228096,28.53960661874311,4.348725624766827,2.2875412162024893,82.39381812562009,13.006954347203873,0.0,0.0,0.0,0.0,0.0,0.0,0.0,30.495009836371725,6.015152487895865,75.89632251672252,-0.22910515168940027,1.6283491517758275,57.79547026768364
Provincial,34.949232497122196,34.947488863865125,30.10327863901268,53.502007359976005,13.402675412882243,28.03989888278847,18.62570425884815,0.7464071634298547,29.05470966591805,22.301351535844972,3.572677832100779,1.665636722183344,66.54364071285185,10.775118814506909,0.0,0.0,0.0,0.0,0.0,0.0,0.0,25.682166841162918,4.67555999585613,53.31546334525464,-0.21656124252519804,1.4302323231900698,51.630206913650866
Provincial,26.775414660528167,47.791091952968316,25.433493386503518,50.05259323705711,34.29764669613441,22.354810729089046,17.014967795955986,0.8104492562024704,37.28666285311607,20.14786541448823,4.058264034758061,2.5097450578171214,69.05123185889481,5.772955591358149,0.0,0.0,0.0,0.0,0.0,0.0,0.0,35.05458678222449,5.233829751865207,65.15937654057808,-0.2228768010939101,1.6741284309457845,54.59735928632867
Provincial,37.44065279886196,46.33829674760547,16.22105045353257,26.695354028465363,32.61601789573078,16.68086512136051,18.259345223261388,0.5694742047115635,10.5409602947569,32.9305127843874,4.464202403519259,2.2973900850660707,81.51341283237139,18.54495015077433,0.0,0.0,0.0,0.0,0.0,0.0,0.0,12.079493394751724,5.421297480932104,56.297793032560804,-0.2074885596049868,1.0207390323311532,45.0228861339516
Provincial,18.096194408247605,52.12786374562249,29.775941846129896,73.35623856719604,27.095135683398947,19.055439951870184,19.98473752007823,0.914034376641196,26.711427585767026,22.81911049862796,6.322496414554058,2.274890757435804,126.35343131649856,11.675746140066058,0.0,0.0,0.0,0.0,0.0,0.0,0.0,24.681622938469424,4.771196187321074,72.03972475223784,-0.19207304069420505,1.3689780898542687,46.01552064111766
Provincial,42.047659790788344,25.61781550141461,32.334524707797044,25.715561738423,18.790465125406488,15.481950331239636,18.95213051553946,1.046777118599177,33.620465452291214,29.699466275532256,5.069217165408751,2.106855401574136,96.07246533043963,22.245985285736317,0.0,0.0,0.0,0.0,0.0,0.0,0.0,29.051207480004447,4.938603326407183,72.32207540273602,-0.19355911447408333,1.2004900318815386,50.00593263219931
Provincial,32.9192356865986,38.9166630611949,28.1641012522065,76.96125441156164,16.40027533652941,34.5412959812741,16.484586635334974,0.6305576547508305,26.24006148103802,25.39075060922793,7.661391302941862,1.0227793361771056,126.29486868054703,9.264699563549787,0.0,0.0,0.0,0.0,0.0,0.0,0.0,24.56904235740252,5.403624092357352,64.10143524991679,-0.21613548751052455,1.3443449673149426,46.50524124534862
Provincial,6.291741243475831,53.168554534313806,40.53970422221037,51.90689367784499,11.900454786571487,33.804003972602004,18.740107486145675,0.7940599580822786,19.716866577411373,29.36777501304057,2.251282363032653,2.3930143669537784,42.18927346489595,11.85153255088698,0.0,0.0,0.0,0.0,0.0,0.0,0.0,19.326781624793718,4.830504769569903,58.753489670617576,-0.19908362734651291,1.2513327115673447,50.09093788187457
Provincial,18.410983159307825,52.64867304652701,28.94034379416517,43.80639714660997,24.312226140827885,43.37001026213581,19.513691496447933,1.1328691303146312,14.087516952759335,25.050458031717184,5.018409935792169,1.752083582218313,97.92770328975747,20.474480583779147,0.0,0.0,0.0,0.0,0.0,0.0,0.0,14.629045634783353,5.086328744028227,51.33141212793311,-0.1875233242709874,1.2465881313364957,43.80086250801795
Provincial,15.431920634178587,31.30428836272562,53.2637910030958,75.83201391634631,26.72834801631509,36.07938765035897,19.96351702890376,0.6832692183855094,36.62689215448574,21.391032971076065,5.505348732990309,2.885219420317311,109.90612318110577,5.0,0.0,0.0,0.0,0.0,0.0,0.0,0.0,35.586158028530704,6.1028725906033054,76.77069655529978,-0.23581475167148233,1.580251476409137,55.99983986629478
Provincial,6.8608296578866,56.17168204005177,36.96748830206163,26.34150462105532,19.49884769650519,13.717512678952337,19.145587893171335,0.8665324414466329,24.12287177162809,23.567200136924058,7.521181916445643,2.6359695421544105,143.9974494418409,5.0,0.0,0.0,0.0,0.0,0.0,0.0,0.0,23.268369306901384,5.7296808202558,75.27406558697554,-0.2249341152980502,1.2939132900105106,53.296408836355795
Provincial,5.565183391599217,48.09830950406488,46.3365071043359,56.978369217799795,23.211490165787794,41.18009073965548,16.76329082270392,0.5131369901401711,36.34345590957104,23.008937063665208,2.2949511417285655,2.1753889390626244,38.47093341269234,5.0,0.0,0.0,0.0,0.0,0.0,0.0,0.0,35.61260872625946,5.80322919300973,73.47309372780043,-0.25000821844196014,1.4756458341423013,57.00358173462416
Provincial,29.786878050605786,55.292106309467655,14.921015639926548,55.19128884746357,19.632462635816534,40.468280377208956,19.550866332950804,0.8742105017356102,27.57556367299505,26.8483096390343,5.440997509611297,1.5043639636385389,106.37621502832867,15.741988007713195,0.0,0.0,0.0,0.0,0.0,0.0,0.0,23.108822502437665,3.8641961374132556,36.68372444227389,-0.17462220097942976,1.021143120864813,38.57679673987513
Provincial,19.013539757737405,53.10835205969684,27.878108182565757,37.06262206662601,28.51219383426244,26.629570585499057,19.386709230407583,0.5127422413132325,30.225763498450025,30.532540534818516,7.1217795711677425,1.4074347865553332,138.06786974928582,14.199099965348903,0.0,0.0,0.0,0.0,0.0,0.0,0.0,27.419710290034924,4.862948278960355,65.810396776804,-0.20685406342623844,1.3324896734129243,51.47319548545626
Provincial,24.654121942134324,50.18773149274381,25.15814656512187,48.58880872426158,36.840294649490026,31.333480667421412,16.122134414703165,1.1214648047266753,34.1278346313535,24.22089719914172,3.4515663687154197,1.6807696753550982,55.6466169376989,10.442695052697305,0.0,0.0,0.0,0.0,0.0,0.0,0.0,32.83815566316452,5.757142585682126,77.33429067675951,-0.22727281703402594,1.5802255178786595,60.0
Provincial,14.029633987191612,50.34365854666176,35.62670746614663,60.87452032690736,13.245448385502236,44.21058497159312,18.058738337951215,0.950963856450618,29.77466633800403,20.193118964809887,7.2577540911436245,1.953135887160037,131.06588205315765,14.74274884428818,0.0,0.0,0.0,0.0,0.0,0.0,0.0,26.762395332363194,4.934052568494366,50.88660012124361,-0.2225068769237681,1.3773785023914722,48.94711420551523
Provincial,8.500234266679271,42.74965733055657,48.750108402764155,64.992215828506,20.20508191689995,29.566044006989486,17.664751234811867,1.0017118516949945,21.94164522036813,28.30299782823611,2.114260455645751,1.5921310200778942,37.34788499458218,5.0,0.0,0.0,0.0,0.0,0.0,0.0,0.0,23.02974657963328,5.687863990876876,74.05908936523363,-0.2360690361111,1.4824658051597428,54.682890403853264
Provincial,43.91921961224379,42.55556058846591,13.5252197992903,25.03942722886189,12.507795326427562,41.87562033641096,19.347060321268216,0.9428730525401458,25.40900151785953,29.69215182974355,6.394727774802378,2.0298589907849656,123.71918399719088,12.374935153671018,0.0,0.0,0.0,0.0,0.0,0.0,0.0,21.05910867252906,3.4839481231341654,50.92737704187056,-0.16942928691217216,1.05107355632453,36.16583757773675
Provincial,34.19374670814307,52.540387379844944,13.265865912011986,76.52693865500584,27.998200653050624,14.740279007736152,17.080679061554605,0.862810325253526,34.091365740276395,35.40592790402896,7.598679327011919,1.3307408510263719,129.7906028763603,22.34095609374254,0.0,0.0,0.0,0.0,0.0,0.0,0.0,29.149541148473055,4.810348961920399,56.45841374826998,-0.200435175458909,1.316261529958896,44.57278980793817
Provincial,9.350492516517601,42.385210616390445,48.26429686709195,34.04889548160468,31.323856303635065,18.304711667386535,18.954359614871294,0.7649389467598537,21.209508891189525,29.43153284949195,5.943185969840373,2.955425625651,112.64928413041206,5.0,0.0,0.0,0.0,0.0,0.0,0.0,0.0,22.872131425772654,6.58672227503912,70.93480934577606,-0.2547173232491319,1.7383770668116336,59.6588286083503
Provincial,21.11425691616235,59.30748921211157,19.578253871726083,37.84692388222976,37.82120744311859,26.54491313356349,20.566029809070862,1.0508613658327437,21.643643703054913,27.538760950050268,4.634175463882688,1.2158491099299877,95.30659073067615,12.392313218029232,0.0,0.0,0.0,0.0,0.0,0.0,0.0,20.658056093256164,5.078272211355688,66.81474524023082,-0.20543691164179576,1.2746391094798535,44.29220136870087
Provincial,22.698668568145273,37.207434981613105,40.093896450241616,39.49103951316165,16.923901640350877,31.296974675131054,19.98901186104304,1.119784967280144,12.870703481740033,29.174426014363263,2.269286098836308,2.8638882793087443,45.36078674573905,23.352217220513914,0.0,0.0,0.0,0.0,0.0,0.0,0.0,13.721170144471083,4.956663525306558,55.960295510053385,-0.23242430394419952,1.2056650538843978,47.636611572636724
Provincial,7.56923288021763,58.001251163546144,34.42951595623623,27.08010751036194,38.406758587693766,38.9355191114724,20.60728868108265,0.7993253210328569,37.43753305665243,34.846410077792434,7.520682879935773,2.82715602280539,154.9808831857125,8.97849399727017,0.0,0.0,0.0,0.0,0.0,0.0,0.0,34.81290823546974,5.668763207331839,59.71346924317561,-0.23355579635313667,1.4720437927059595,53.5576941566763
Provincial,8.320610542561603,44.199177687513064,47.480211769925326,31.76786679746787,10.024405498261594,44.61264979972517,20.89252983466345,1.1020745344086833,12.731089448363253,33.25405032962634,4.821777336149449,2.0507209636389963,100.73912685160641,5.0,0.0,0.0,0.0,0.0,0.0,0.0,0.0,14.00658396455409,5.129625944731147,49.435405622672974,-0.21502947923673074,1.1651886863822396,42.88342110155525
Provincial,8.982436671878807,75.38856238548304,15.629000942638159,79.2492457619289,27.29644362766682,24.83209938364584,16.053350635030814,0.8583330369919622,29.446275323456675,25.167659733820926,2.173980466015688,2.4498205436721685,34.89967069465753,10.57860524875533,0.0,0.0,0.0,0.0,0.0,0.0,0.0,27.01199755090711,5.35428855350068,70.20793793539943,-0.20362169971678426,1.2992034877078147,45.94009882322054
Provincial,48.99491709820875,35.16484944427374,15.840233457517508,42.33692055575074,9.82824701898656,13.564715992622803,19.11370638188739,0.8268689308275032,22.39583436408393,23.796069818514198,6.138926427972572,1.8720965959451756,117.33763724427651,19.21357430129704,0.0,0.0,0.0,0.0,0.0,0.0,0.0,18.72621256103417,4.062572102557423,50.3227505000178,-0.1698869334168437,1.0725383672772926,34.963847292897015
Provincial,31.291566595428915,33.65160719204724,35.056826212523845,31.341559968647715,36.60077400838223,38.43865960874572,18.06419698879453,0.7681379130687497,22.16858170766327,24.202137797857176,4.891023521457549,2.260069155084876,88.35241236843667,13.52304527839635,0.0,0.0,0.0,0.0,0.0,0.0,0.0,22.95273035734389,5.605052520698373,72.01162996369506,-0.23710345765146976,1.586690357011551,55.2690300424157
Provincial,18.117408401435238,29.29555219743807,52.58703940112669,30.884519364604284,24.95388982624173,31.944563729732668,20.29927245167561,0.5965014330710838,30.38655509718052,28.07073663544341,2.7460719046544644,1.6811518748422374,55.74326176447274,10.641184657049703,0.0,0.0,0.0,0.0,0.0,0.0,0.0,29.577803296344506,5.404858301062026,68.06013097814441,-0.21722952430941414,1.460664379695729,60.0
Provincial,34.60221707725964,36.72288379605642,28.67489912668394,64.57029822184845,29.419147224409475,18.551914342650655,17.25907351004566,0.45260376257264145,12.012811978896362,31.904791219657245,3.2856308558615575,1.6023180395708907,56.70694446818886,11.27013215214928,0.0,0.0,0.0,0.0,0.0,0.0,0.0,14.070745709527099,5.324348675881225,64.06242045804146,-0.21251651698790525,1.4458384158700883,52.95412228679435
Provincial,35.31486298693939,39.97274250159934,24.712394511461273,72.00127652179525,34.61036562913448,28.329339068506865,20.90514744557538,0.6190543587992429,27.811173488543037,28.05150731492739,2.3869440827350776,2.1564595723390276,49.89941799392048,22.425907724260547,0.0,0.0,0.0,0.0,0.0,0.0,0.0,24.82317557512835,4.860349128469844,51.815475736091116,-0.18706521431450895,1.1308750430255106,42.860545691929424
Provincial,20.597149318666332,42.1018311374288,37.30101954390486,39.132376472965845,12.809939919487,36.49623810261291,19.068539847718736,0.8068062201224956,33.160953579170645,21.0847423332498,5.445761238251441,1.9962593483679607,103.84271517275972,10.81985633144036,0.0,0.0,0.0,0.0,0.0,0.0,0.0,29.269289155107067,4.805062684531549,57.576340081610276,-0.20666070650696025,1.3543853296475354,47.49400778566294
Provincial,16.644382982614644,31.485429992858954,51.8701870245264,26.150023178437923,9.234929982020283,37.42358897326524,19.967687011144154,0.7159719665818267,34.846382736597825,31.577291207039693,5.732176875512056,2.159072738299962,114.45831374274296,11.096389203193501,0.0,0.0,0.0,0.0,0.0,0.0,0.0,31.382465819971298,5.224928733392546,50.71336102903145,-0.2058458075593167,1.3298495661995584,48.27553064921379
Provincial,5.856929906182232,46.4813176158097,47.66175247800807,37.269951014494566,36.12419666921127,28.487407595959144,16.42799776411384,0.7639396596018436,15.115911681813259,32.89552205873526,5.034453790132666,1.573321162574046,82.70599560783388,5.0,0.0,0.0,0.0,0.0,0.0,0.0,0.0,18.530612819616636,6.592126450459787,77.85568805914245,-0.2690215367691052,1.705000248901362,60.0
Provincial,14.448271226019546,30.754966290985564,54.79676248299489,28.108362993821654,18.07786327868584,22.07207949425235,16.917289423794326,1.1364537536948347,36.92257150234521,24.631965841915516,6.9026127980156895,1.7339156636339905,116.77349848441818,11.60843737111701,0.0,0.0,0.0,0.0,0.0,0.0,0.0,35.946188953377444,6.15248937285164,72.5036284343934,-0.24539991308471046,1.5273538027099696,59.43583811537153
Provincial,50.88266043487189,38.10175332102114,11.01558624410697,30.686721514652284,12.127325053669288,44.13350520727029,19.792018365171018,0.6951906594685293,29.684382755423265,30.626011828533606,7.166052927848082,1.1677959212578186,141.83065115375678,20.298915005668615,0.0,0.0,0.0,0.0,0.0,0.0,0.0,23.016771650289144,4.1419995267639464,47.635728294732765,-0.1499515230672117,0.9196010468056929,38.080269832887886
Provincial,32.48037339206083,52.44101009586487,15.078616512074301,48.73294659162033,22.99075958678677,33.890966161564265,16.10993261019662,0.7665280575520755,36.45564402462048,26.825470416870296,5.6937463800987596,1.1045527445444114,91.72587048294196,17.363942338561543,0.0,0.0,0.0,0.0,0.0,0.0,0.0,31.30290599380796,4.802386640975311,58.212720438374916,-0.2025942865271949,1.1799500072376612,45.44947168016618
Provincial,16.645621516370504,45.928329132131495,37.426049351497994,37.64551039738979,27.1457944222726,25.471838138427856,20.084389929468912,0.5434608859469737,24.558421513305948,34.22590969163909,2.076538878244583,1.5069142593460325,41.70601653436618,6.797074678640046,0.0,0.0,0.0,0.0,0.0,0.0,0.0,23.922380787756154,4.934273704401656,70.97979989748771,-0.20451191370331606,1.476959166504094,56.371787217214
Provincial,11.401361188203584,41.672699041773186,46.925939770023234,53.37702331889829,8.991059309520324,21.25528639875353,16.069745093459556,0.48357041270589135,26.26100035291606,33.52360893057184,6.171377934486414,1.1484937186610915,99.17247028259762,5.0,0.0,0.0,0.0,0.0,0.0,0.0,0.0,25.995427254521047,5.474700916404094,77.86976602455346,-0.23152764078972315,1.4260356178730138,56.90491622998196
Provincial,35.31711884828835,41.84688574790716,22.835995403804496,38.94215642914547,16.796661064226807,36.12639843911755,19.285594195306366,0.9927866602147462,37.57114831086014,28.406911972954276,4.50799530152211,1.2075494172694814,86.93936801950318,18.73437745265685,0.0,0.0,0.0,0.0,0.0,0.0,0.0,30.620943995657402,4.402361240203588,59.27853888768405,-0.174197330586637,1.307898432517768,39.17672479036419
Provincial,39.11041413458931,40.125086903870844,20.764498961539843,76.72955156066212,9.049595976860672,19.992053704594333,17.82546960115903,0.849478222550385,36.997286300640155,31.064088733017513,5.393344899358322,2.625856810787874,96.13890555207787,15.650524582126627,0.0,0.0,0.0,0.0,0.0,0.0,0.0,29.908608807769237,3.7588036168273526,54.62479420307814,-0.162507922027447,1.2686855335219096,47.066187970450585
Provincial,26.413686950589785,28.17240207725618,45.41391097215404,74.82691823594455,21.450732454255967,17.66642963613171,19.057474263595996,0.9824933642307265,23.44482620107006,34.13359521635366,5.894483612113307,1.0777473940333786,112.33396973503771,8.133802668973118,0.0,0.0,0.0,0.0,0.0,0.0,0.0,23.49503081368445,5.918408370844306,68.76347045161017,-0.21642550453814666,1.343557485661528,54.33391453362388
Provincial,24.671480588376138,62.79133598822844,12.53718342339542,56.17433577557563,36.64320093011982,29.48451833574832,19.48015703494557,0.5549039592205861,18.23237894907045,27.931472161252408,4.10141968596246,2.3178855878694855,79.89629954876587,12.451563341409559,0.0,0.0,0.0,0.0,0.0,0.0,0.0,17.79260295618909,4.853463866346576,53.01757059459233,-0.21203712821829845,1.2515896601095446,43.361090157845524
Provincial,38.39101446093219,34.98676639785148,26.62221914121633,44.493319559306244,39.44487716779422,21.569583957256683,17.71237609593152,0.8502801398278836,21.795113036927923,25.01201184782115,7.502591031030765,1.545115497630801,132.88871403557957,18.516166210243018,0.0,0.0,0.0,0.0,0.0,0.0,0.0,22.08701208886125,5.587175367943967,72.72056580718254,-0.22108310428197955,1.363752060710621,57.99707559403164
Provincial,25.904096564970427,41.33448841837473,32.76141501665484,45.96307851191045,28.38552171211608,32.7538697824793,16.539812240554177,0.6275497320389629,21.632929855892492,32.058658206553304,2.8038492004986875,2.743091361416253,46.37513932707623,10.44319068193377,0.0,0.0,0.0,0.0,0.0,0.0,0.0,22.27861111899386,6.01425202696503,80.22690054293048,-0.22251755973069146,1.4421805188795118,60.0
Provincial,35.708857865804845,29.0754517884306,35.21569034576456,47.65187557294733,13.172406201106938,15.891976270849705,16.348229338741326,0.609643271830014,18.60600624948382,23.521060076555067,6.029070843686225,1.969984569154999,98.56463285210106,13.27765956484798,0.0,0.0,0.0,0.0,0.0,0.0,0.0,18.80600957365245,4.959225156790008,65.73643298719925,-0.20309253668808883,1.5847716978671893,49.42382760536236
Provincial,19.362990905804956,37.84932703852008,42.787682055674956,65.01686271742193,36.98718047997778,33.613056450721615,18.94468011281274,0.4580682098370897,18.057388129988997,26.216498368096673,2.0261574797394823,1.6111529186556515,38.384905311847355,9.475673316802585,0.0,0.0,0.0,0.0,0.0,0.0,0.0,20.02794800390371,6.096397829626896,86.17951260401396,-0.25547400043954993,1.5403470050546104,56.417722764458155
Provincial,27.792246812155646,46.23969563346474,25.96805755437962,49.84014475353608,24.519930342401935,21.348785423924173,18.603276768670558,0.5412385064983504,35.83188809439159,33.851635793708695,7.547906632431085,2.0352778713788693,140.4157961071996,6.871566992264944,0.0,0.0,0.0,0.0,0.0,0.0,0.0,31.877171271979037,5.024969464986976,53.25055969546555,-0.21481738161673808,1.3606057350245584,48.02710273174588
Provincial,23.740094043925133,38.689110445717546,37.57079551035733,72.12014705782435,12.919977987293379,12.00801683633892,19.711005045605663,0.6664876780497868,12.09585762053985,31.59075744430904,2.6750247994285488,1.7639160380905377,52.7274273186564,5.869294590036515,0.0,0.0,0.0,0.0,0.0,0.0,0.0,13.380199305838225,4.867265651624943,53.5603189408271,-0.1926582389646554,1.3417060687999092,49.221188726291714
Provincial,30.220535631634448,33.43757034277252,36.341894025593035,76.92521322617006,37.49525342245316,16.18888990324782,18.548677550019686,0.5318151324136573,30.328335462987823,26.460976083959988,2.5693053808854476,2.1286021293396606,47.65721703757468,14.081081362442001,0.0,0.0,0.0,0.0,0.0,0.0,0.0,29.703580205561593,5.46577797677357,76.59488136561708,-0.24251075758661328,1.3891551832364764,59.30578997383611
Provincial,39.10882700378495,26.248448466796432,34.642724529418615,43.477038435841365,32.239009623139296,42.8093074685581,18.112228950154396,1.1401009082876563,15.184601543693569,23.43591203853372,3.9980457983134654,1.2290657366526965,72.4135208522563,11.61815250672734,0.0,0.0,0.0,0.0,0.0,0.0,0.0,16.929492233269237,6.069307021343357,71.23877707178265,-0.23256471295153475,1.368276360242115,55.799077612662536
Provincial,7.293576781624411,53.88467502697604,38.82174819139955,55.83819647566241,31.41456872714085,40.62270309080681,17.990435891181153,0.6660428539667654,20.335176801821895,25.695494253315786,4.241397716234483,2.993981005625102,76.30459370291862,11.479901100681001,0.0,0.0,0.0,0.0,0.0,0.0,0.0,21.426832389290762,5.582760614078268,79.31767692919415,-0.21905001799251944,1.3639005032613076,55.75545140817549
Provincial,7.582215795109455,70.74257150682712,21.675212698063433,30.228109525791044,30.69378252142095,19.709098057195817,16.132234512988337,0.5412267626916297,11.846291024045106,24.545666387638928,3.285800433937272,1.851111755393435,53.00730316315491,13.446266080714048,0.0,0.0,0.0,0.0,0.0,0.0,0.0,13.812742730043995,5.529300962842719,66.01621074660468,-0.21962222953609828,1.2895220185644696,55.87153693929839
Provincial,57.68170920764323,28.509096881048464,13.809193911308304,36.02579762714974,14.410874275086154,37.68627285000121,17.677786008483285,0.5893576189795704,18.09920910566386,22.81742860710166,5.510729965562748,1.6964612794147373,97.41750508175473,24.371454976372295,0.0,0.0,0.0,0.0,0.0,0.0,0.0,16.220317426623062,3.5565018941721704,43.89470569569149,-0.17639291264557808,0.6936976200060636,37.43403511032775
Provincial,33.9485756988026,50.68419905940895,15.367225241788454,47.74061716905881,14.752214134640834,32.08286257474115,20.88010078762247,0.8613922598390336,33.052632133517264,31.893326617050505,4.657484588251782,2.4204196966325298,97.24874761949555,24.42356146318264,0.0,0.0,0.0,0.0,0.0,0.0,0.0,25.254440964305758,4.122011878953057,42.84865758075645,-0.16327681190388407,0.9957544841090715,37.662923982267024
Provincial,35.67984358895326,44.21394919162119,20.10620721942555,36.34114937459783,30.02537594967216,44.03985547784569,20.367777881135446,0.49483046670535197,36.55045973641776,24.033118189602746,2.2050535342465247,1.727798812990665,44.912040601545904,15.586313450629738,0.0,0.0,0.0,0.0,0.0,0.0,0.0,30.929458999538905,4.9774581204650845,47.595988801562115,-0.18841425560739672,1.4450416930541183,43.3885883197908
Provincial,23.08658806525198,44.40450483622268,32.508907098525334,73.21082699337947,15.0311280035327,24.32898676462395,17.64689033517109,1.0537038910988097,16.645814557071013,27.26667952268422,3.917912373531804,2.6665486100575153,69.13896999852561,14.39533162689935,0.0,0.0,0.0,0.0,0.0,0.0,0.0,16.853867261947734,4.964078661336241,53.88880869491767,-0.21645016459506583,1.2981930171584983,48.50392684670905
Provincial,7.077329437913297,45.102746787515805,47.8199237745709,33.705744083250394,22.037494297697563,34.48820021306665,18.938977025331862,1.1230497754660032,23.906435177767655,26.173751149377743,6.862597481439023,1.9085414487208505,129.97057603507395,5.0,0.0,0.0,0.0,0.0,0.0,0.0,0.0,24.32318659137312,5.605011883644392,76.95350448688978,-0.2363523022842045,1.3319761239248575,54.867837393391135
Provincial,26.84584418049826,31.59595542552445,41.55820039397729,50.06134518542006,33.024058419006124,14.096678839989313,20.23648372767747,0.6227231944671666,24.109721438116193,35.71323805817009,6.138209209171212,2.43911682653087,124.21577077847321,22.183005883008104,0.0,0.0,0.0,0.0,0.0,0.0,0.0,23.623074586756612,5.468007946309375,71.7501703690095,-0.2170013590094875,1.327269217439598,51.51919618548238
Provincial,23.301902360724064,31.191270450183822,45.50682718909212,58.31345822529316,33.08648057913091,25.076162444941396,18.206371683750344,0.7650666880136016,36.20725917279202,26.25747590637153,6.349225121479282,1.214906432883773,115.59635246545675,17.840894431395057,0.0,0.0,0.0,0.0,0.0,0.0,0.0,35.0309823799078,6.506725896460216,75.37928226661495,-0.22701219755269536,1.4909613880558392,55.6688013447381
Provincial,18.779187241233856,55.42690968209203,25.793903076674113,63.052514948846444,22.50437672082751,43.80598281920996,16.089789318750753,0.46549411572064797,32.88397158627416,21.279719724748077,6.188701544501141,2.6922383711102236,99.57490400765074,11.12136286737801,0.0,0.0,0.0,0.0,0.0,0.0,0.0,30.197079434482546,4.6996250417218235,54.495312268969506,-0.20868268800433626,1.2464686421522557,54.4276859836315
Provincial,17.797916174745517,53.99266545106972,28.209418374184757,46.068815334957876,33.35007802480784,29.78636885685398,16.3725523090932,0.898497157309055,25.392316551041496,21.437212041153344,3.8658381282981997,2.4714359735562197,63.29363697404923,12.085033350617318,0.0,0.0,0.0,0.0,0.0,0.0,0.0,25.384563718120184,5.848343306284755,68.1274923221,-0.23854627993034333,1.587342443611174,52.366685360809996
Provincial,40.42754897951724,31.856766150905184,27.715684869577576,72.80044877986006,34.83589747833781,21.500023610049873,18.551963606743534,0.7397482406368122,30.122416014153202,29.452059541649035,2.5979835324606553,1.4234335569239314,48.197695945129084,21.985302436210038,0.0,0.0,0.0,0.0,0.0,0.0,0.0,27.876354622370865,4.9079857549966865,56.80417239798018,-0.20161042955948186,1.4516724890178974,47.66190515348483
Provincial,8.716681678887344,72.6490250229101,18.634293298202568,56.2575533092859,28.952824041096328,15.968941783244027,20.847196878379393,0.639040926271089,35.42065161728101,29.58981682781225,3.6348031041985758,1.2905720194915733,75.77545592737228,10.271088907687899,0.0,0.0,0.0,0.0,0.0,0.0,0.0,29.932540749679482,4.6105342572521275,63.20975468473894,-0.19284972438139342,1.046298717584495,50.125169939074176
Provincial,55.43908483189711,31.806165551642145,12.75474961646074,49.17292792461535,15.309627273869445,35.21643522599051,19.46604771109434,0.594785977431626,10.286168620766349,26.70014384772248,6.9907118011109555,1.6325846974512488,136.08152945493612,18.98845469524074,0.0,0.0,0.0,0.0,0.0,0.0,0.0,10.673071756825712,3.911543739656331,43.714694016506726,-0.17593652086132447,1.08278205794768,39.86421026057889
Provincial,13.574752860027147,49.834022962747646,36.59122417722521,28.698234872862013,16.76837697233752,33.280249433180984,16.354580957192848,0.9078161543611323,22.086700931501458,26.909499076992475,7.882824786698427,2.9521411720638087,128.92029614542585,12.58877313766107,0.0,0.0,0.0,0.0,0.0,0.0,0.0,21.954051205579464,5.196178528505092,59.6683954847733,-0.22108183050283883,1.5806197213825974,44.27862730056876
Provincial,14.182516618113922,31.302732627959706,54.51475075392637,50.55792076448408,18.07491697307953,24.339977548924562,16.946804378959314,0.7413519217226201,37.217295018312356,20.86292132545394,4.963082088449368,1.5136631491341173,84.10838126966829,6.305396093824524,0.0,0.0,0.0,0.0,0.0,0.0,0.0,36.52830133689226,5.985823890397434,75.77242556983296,-0.2326584508682618,1.8249960133615228,56.934660931095685
Provincial,54.13282726779531,28.359836009442866,17.507336722761828,70.14047124486515,11.737731447486464,43.381064611572526,19.85661571608425,0.5757615023209384,32.209390925318544,28.264744166228198,2.0582021295382535,1.9122544178932666,40.86892875226736,21.581941956256735,0.0,0.0,0.0,0.0,0.0,0.0,0.0,25.22468563857597,3.581294586979812,42.46430727530361,-0.15924534660614864,1.3202892219392603,30.79744623508129
Provincial,44.262738883774034,43.63644422075865,12.100816895467318,58.79975600217235,16.741107851838244,12.73269282859906,20.207198799781224,0.9323763570407768,26.28524123002224,28.07583160608563,2.840268872805374,1.0600404514346726,57.39387775760873,16.075702609523276,0.0,0.0,0.0,0.0,0.0,0.0,0.0,21.411783158051758,4.2805741156916195,55.919913246642984,-0.16286728072558668,0.883306877522785,33.92597775566422
Provincial,15.328036156053917,39.5930381618691,45.078925682076985,70.76893495510151,14.704615178001028,22.022887103850252,19.088472930942956,0.8455505981256856,25.889335811054003,22.392789096911113,3.9324834518975944,1.794455059132465,75.06510392292834,5.0,0.0,0.0,0.0,0.0,0.0,0.0,0.0,24.963470939608776,4.782646040998041,61.720396784861165,-0.20283159581787236,1.7351731794747107,41.977421190172116
Provincial,38.53455138082809,40.09907831835932,21.36637030081259,52.17064188296181,22.57051999387527,42.395293047886184,19.222115848149084,1.0510704384506473,20.43310292813313,21.66143017777484,5.471512091557699,2.1426400308662057,105.17403928847058,17.030250722517803,0.0,0.0,0.0,0.0,0.0,0.0,0.0,18.885475523630124,4.736167470484074,47.156337096989475,-0.20240680333035976,1.129766668369617,42.89327753047019
Provincial,12.796652329297874,39.869376429820356,47.33397124088177,31.5153937801965,37.07000153191248,22.590869464541534,16.141687251916924,0.532233129213545,25.615616009245436,21.97715984959185,2.450561874831884,2.90624922501593,39.556203375007456,10.445614886649906,0.0,0.0,0.0,0.0,0.0,0.0,0.0,27.81846896083786,6.318063700436177,68.72619870157267,-0.2776903434820506,1.6537114822133028,59.831106151312
Provincial,12.852748532906034,45.470101450540774,41.67715001655319,25.75019152097346,11.343370136126659,20.324343517220623,20.14265129790754,0.9999666213611194,29.6614959839036,21.616451943860135,7.66014379225929,2.033472089880129,154.29560529930998,6.683550911880928,0.0,0.0,0.0,0.0,0.0,0.0,0.0,26.725009812806718,4.580562805110535,60.43301818993376,-0.2191518094285338,1.3188007669611728,47.357985397294335
Provincial,22.386831641706245,25.05785919100756,52.555309167286204,41.677075069522516,31.04857356631666,29.62927352773116,19.94137604085415,0.9214617507720813,22.55089115286379,29.755331128588157,4.190502039706404,2.6382146523553756,83.56437697375172,14.88371749142135,0.0,0.0,0.0,0.0,0.0,0.0,0.0,23.556092688479094,5.872968741457089,69.71868049578342,-0.23595075689676115,1.4738287589920827,51.840718301358464
Provincial,36.23157804666141,35.36669634428835,28.40172560905024,63.38947593237859,29.993056141220087,39.185457747377754,17.295175720516735,0.5305076557796685,31.42459439176522,23.143722438446698,7.475505307548938,2.094255285137801,129.29017789371437,11.956286975949904,0.0,0.0,0.0,0.0,0.0,0.0,0.0,29.59393638753056,4.924753022005071,58.56094895783734,-0.22049499989622434,1.4654368012826875,52.41031766303377
Provincial,24.477865546596437,35.733491678125034,39.78864277527853,68.46429471679315,11.064134357227445,15.403843108985914,19.543383599827536,0.9363745109102044,35.83696681781157,24.022882434999417,6.68313081654213,1.0815700268710362,130.61098919551148,6.478648504048469,0.0,0.0,0.0,0.0,0.0,0.0,0.0,31.450737016903634,4.954323873785787,67.90282990385825,-0.18800637496344794,1.124313655652493,46.0480232110629
Provincial,18.885264578081756,50.19627028532106,30.91846513659718,41.266405904118116,37.522316956985605,43.11968341830929,17.074273032124992,0.7590831022158813,14.640545445545836,22.777154306423036,6.532623635093486,1.630016550379548,111.53979956169906,10.29051037604062,0.0,0.0,0.0,0.0,0.0,0.0,0.0,16.874615808747777,5.356895767943753,76.69005445531106,-0.23605520090726642,1.5064773398385538,60.0
Provincial,6.554637904605854,55.06887071650969,38.37649137888445,52.26096564857859,26.191110469018227,38.23740507897841,16.201650805257565,1.11148934988909,23.546410684522733,35.32536487117605,5.640317478693392,2.1510990156622065,91.38245422058111,7.977985029105429,0.0,0.0,0.0,0.0,0.0,0.0,0.0,24.365044840618918,5.940939336275397,72.7835936319273,-0.24331480955229498,1.6950371814174159,60.0
Provincial,6.235071375085262,63.53297785456657,30.23195077034818,48.161539743874485,19.639216676341896,17.981258433201212,17.005682712951888,0.5491279454325295,22.240602738552433,33.673879410429365,5.760702902311068,2.901187931862249,97.96468576028309,12.259983049262425,0.0,0.0,0.0,0.0,0.0,0.0,0.0,21.607705697249227,4.860059745299748,71.71532252470072,-0.2115390073290881,1.3343627286449193,51.76084538407683
Provincial,33.54673484556398,47.964814065352655,18.48845108908337,47.57875313932853,32.20923467184981,35.49626271953937,16.893144383771496,0.8999833735710165,30.623944121491842,23.687917397624332,5.828019411297489,2.7182607195024664,98.45357338647143,12.534597305011385,0.0,0.0,0.0,0.0,0.0,0.0,0.0,28.28388150947592,5.0509841622690175,68.19754973824399,-0.2124180244561325,1.372876204622129,48.95488430460931
Provincial,33.3054130156839,33.83920326416396,32.85538372015214,37.724179226008275,16.23569466885229,24.70363784703939,17.688739983674235,0.7173860318240621,17.496023957737883,25.241060702754016,5.772328322153493,1.4567112283576953,102.1052147909717,19.228741374219233,0.0,0.0,0.0,0.0,0.0,0.0,0.0,17.40663649637814,4.9783722250351365,55.0905195467954,-0.21797542142712284,1.3240872551617338,52.68317144617958
Provincial,24.460494665387404,41.75321626992769,33.78628906468491,32.500410776620214,30.192314785482253,25.275724376518518,18.09224748587729,1.1197702694136145,29.20752744856829,23.358285476879956,5.322369388390167,1.440219660038327,96.29362418601225,19.321890464587952,0.0,0.0,0.0,0.0,0.0,0.0,0.0,27.632033272675493,5.100094767650651,60.04932553310247,-0.19255740860678947,1.5400366158791157,46.85268267951652
Provincial,24.777641647037456,28.745185181255295,46.47717317170725,35.81787070271672,9.270758642311911,37.84857305048259,18.54269445748854,0.6809824267031935,36.324677251944635,27.87001535137318,7.918484110897333,1.4023459342278015,146.83003143484706,10.132102652600638,0.0,0.0,0.0,0.0,0.0,0.0,0.0,32.637229231898054,5.1414900862117765,68.74201248664696,-0.207254593406992,1.1490368203709482,45.427183044191906
Provincial,5.899226161010149,51.0023420782787,43.09843176071115,28.043281293984034,34.8610572034967,43.77189866336416,18.38376937754164,1.12353013664426,22.54394799380868,20.31376851958806,6.393743404554177,2.8449977926050063,117.54110420850189,10.700543212010512,0.0,0.0,0.0,0.0,0.0,0.0,0.0,23.80380424593778,5.458355713960251,76.88868731686495,-0.2417542862670119,1.6438943455206043,57.550786730614625
Provincial,16.050011547796196,44.079365374838815,39.87062307736498,35.89719080029674,22.34146710468219,16.1796438039574,17.353373029826447,1.0810400957705244,37.3304709993766,30.74188814234873,6.661678330355127,2.7053323062034416,115.60258907136392,5.412153604264871,0.0,0.0,0.0,0.0,0.0,0.0,0.0,35.21065040567512,5.81180166124818,71.42112216022286,-0.22562081766426975,1.4545849973417884,60.0
Provincial,18.01459093109683,66.88298976903741,15.102419299865765,25.50604936939587,28.374173259454135,25.88079781700104,16.14585334287037,0.6392682647174595,39.79491216800435,28.370530397082266,7.2347768905020455,2.5497668645058975,116.81164664243376,17.55422111523763,0.0,0.0,0.0,0.0,0.0,0.0,0.0,34.49317119973832,5.48048858568529,55.81038447307071,-0.1966981586949697,1.305300880643438,46.778973089607035
Provincial,17.332329664188237,40.23993725594459,42.427733079867174,59.499212034978804,15.079610233813877,27.871073066782017,19.025508111185754,1.0124792437784993,13.182761498438563,34.37822285281765,3.2938385763550952,1.7854702284484552,62.666952551380405,14.187722271515977,0.0,0.0,0.0,0.0,0.0,0.0,0.0,14.475733364614408,5.9212233593187475,66.41479530376611,-0.21072056397776429,1.452262230055213,48.27217184228454
Provincial,7.71312086954609,59.77314709450074,32.51373203595317,42.40064740632256,29.666358805070335,24.418289959514922,17.978724149236772,1.1469229412624542,16.991595639545757,22.630282949254628,2.5028249545703645,2.0087614085975334,44.997599452046636,11.314347180936768,0.0,0.0,0.0,0.0,0.0,0.0,0.0,18.13727678284791,5.465299892397794,63.25462388683268,-0.23039363837898458,1.2880824363499372,48.33538795597474
Provincial,23.858908879183666,25.90661199603916,50.23447912477717,78.52295912847998,32.711688828584855,23.985241082635426,17.49336078693775,0.6268641015198977,38.511392544462794,32.86574793697811,4.897366619591592,1.9286634895903056,85.67140118242145,10.0977702729078,0.0,0.0,0.0,0.0,0.0,0.0,0.0,38.45930739268052,6.433652813721555,77.93162733510525,-0.24972180861521628,1.537640138471549,60.0
Provincial,9.153847119250365,39.4519608448752,51.394192035874426,35.654437792696385,23.14282198030076,13.724866029532686,20.334705214152564,0.7557440185263238,38.749830594441605,32.67137623146745,5.084484173715639,1.5067962151187453,103.39148683853159,5.0,0.0,0.0,0.0,0.0,0.0,0.0,0.0,36.469393886753906,5.111776769777549,79.41616156002733,-0.2288914112467603,1.261537746329282,57.77414387252752
Provincial,58.04925567186147,29.468697751058187,12.482046577080347,44.020571367027664,27.767261569977418,34.62277447856657,19.733716538990798,0.8141265155967318,12.931218261602755,22.03489902747019,6.975090679699506,2.0100560922975337,137.6444623069467,19.100629035706177,0.0,0.0,0.0,0.0,0.0,0.0,0.0,13.070612389842,4.806654311450449,48.49264311055508,-0.1870919848891763,1.040851131055979,43.30542741775311
Provincial,14.825836253989154,38.2452935300593,46.92887021595155,44.681263725284325,22.602429562316754,26.395075764961497,20.28882774186221,0.656451795062705,10.4499550113141,26.37694758630604,4.662701475694014,1.060993095705509,94.60074705208258,5.3532117852627135,0.0,0.0,0.0,0.0,0.0,0.0,0.0,12.939921770320641,5.71583151023261,58.98737304078069,-0.21176643383696808,1.6045407689700713,51.261103368624504
Provincial,62.45962203431021,25.843995396669612,11.696382569020178,25.464832283435328,36.61092381625106,18.42819548724958,18.474913973562305,0.46068538775222084,14.833000697692668,22.72244225831227,5.425118153265876,1.2636207469949183,100.22859117799825,18.91729660664099,1.0,0.43834483454179607,1.2390656570226033,1.9976808106652688,0.30215259282056084,101.0813560792956,5.343329873244712,19.782494565133018,7.135646840076413,87.57976422423795,-0.29793426603517775,1.9697775994517186,60.0
Provincial,29.088999590540276,44.3883672531837,26.52263315627602,71.15643741717024,23.931813776458213,38.92910557596826,16.65465626063389,0.6040904709382686,39.88038350146745,24.075528007320784,5.16242563108075,2.773179192337893,85.97842435673587,14.064446647106976,0.0,0.0,0.0,0.0,0.0,0.0,0.0,35.46148310255467,5.5430665433137944,69.9845505891762,-0.20569815234511915,1.190758703489553,45.89968320041191
Provincial,38.13439307080567,27.462108026245772,34.403498902948556,26.75969530793786,34.937878688922204,38.48450468900372,19.48110718060636,0.6473558190392309,15.399988498320607,24.21193879728871,2.2292167025443463,2.5033595340628465,43.427609511064304,12.802655502754154,0.0,0.0,0.0,0.0,0.0,0.0,0.0,16.886577405344447,5.37730864769941,69.53844932576558,-0.21081626906874298,1.377813991858898,53.08284177112377
Provincial,5.285290794267586,78.05017326751168,16.664535938220734,76.70989091010827,33.64326586464796,28.050923726933494,17.030368899685875,0.760519790922731,25.076428201660693,28.899782304412362,5.691289379581484,1.8457368181181741,96.92475764913702,6.999254780857363,0.0,0.0,0.0,0.0,0.0,0.0,0.0,24.153843900487498,5.123893883025726,64.51183943187714,-0.21650200503543887,1.1998470269601533,47.50621025640717
Provincial,24.765385343968912,31.65049309042263,43.584121565608456,74.06408931014914,21.13615428314741,21.8488718178761,18.206148345458583,0.5697717348893813,35.45253179291533,26.582574908167448,6.968259714645513,2.0343007245677542,126.86517007451911,6.301316152476793,0.0,0.0,0.0,0.0,0.0,0.0,0.0,33.497127687592446,5.718622591929423,66.68908378739724,-0.22666473469270784,1.3377843020826132,50.62465672251487
Provincial,58.84352673849016,30.780511573763604,10.375961687746235,54.453705384727996,15.362703739439201,33.05705995128292,16.32500394474444,1.0612780496841707,10.61204832064619,35.163724864100885,2.945003288454823,1.7399977719199549,48.07719030131034,20.850536287934556,0.0,0.0,0.0,0.0,0.0,0.0,0.0,11.32020453559452,3.960751946865643,54.2920686501946,-0.1677229899822196,1.130585758276067,38.842976064760975
Provincial,12.323180059968035,70.0898627605003,17.58695717953166,54.897756620121065,20.99462824191267,21.5090204806543,20.12654201211491,0.9434377929119353,28.134669467753785,22.021922271152082,5.565990403559574,2.481559734321345,112.0241396962702,15.377553127996498,0.0,0.0,0.0,0.0,0.0,0.0,0.0,23.693924548679963,4.620796420622948,46.77474827085065,-0.184511485475624,0.9534278982341656,39.02087888022946
Provincial,8.255219556044143,55.608923100549454,36.13585734340641,60.9577857625886,34.43895602480704,19.788261700682497,16.629703205237504,0.5096403342917634,18.31076346608873,35.57907415760318,5.561663266678487,2.568374358464159,92.48880945233492,6.38251695465522,0.0,0.0,0.0,0.0,0.0,0.0,0.0,20.362691621089585,5.663178955429679,77.30031864779843,-0.24612514583019549,1.7275088863267158,56.91913665278456
Provincial,16.825433892164703,41.02712581615713,42.14744029167816,46.28775065641878,15.284241146220555,36.10698358286878,20.51548753524655,0.9050647157979519,35.87004749319195,23.690218243428223,2.985109784338152,2.5265703804063184,61.24098257193188,6.584025178919588,0.0,0.0,0.0,0.0,0.0,0.0,0.0,31.81110993306706,4.717310216648136,57.65376684638606,-0.20592479136661734,1.3011635611788872,49.66620587113428
Provincial,22.507469543286117,26.24359083548765,51.24893962122623,60.597225586882054,24.78196306744798,13.330732910791372,20.321153011307786,0.9075595334839343,18.503834477922375,32.36598298210965,2.7407814423844163,2.445223449668899,55.69583906124658,7.833919250311446,0.0,0.0,0.0,0.0,0.0,0.0,0.0,19.801033324817535,5.371609241182836,65.32802287250863,-0.24224875958788963,1.503626217784944,55.13606866492532
Provincial,20.323858009335193,37.928792653606735,41.74734933705807,27.462261377866778,33.79509593474392,15.127359544141601,18.32291382219623,1.1193548215505393,30.602671608457268,25.423518818765142,7.8803116578589085,1.4090086773855917,144.3902713989971,11.03341616835511,0.0,0.0,0.0,0.0,0.0,0.0,0.0,30.37802665049301,6.0627553958268745,69.58623500582048,-0.2174446898037628,1.5170668592586642,56.09700690799706
Provincial,20.70234350024505,39.067589338285984,40.230067161468966,27.972619504234963,19.31127920410812,12.224009742778463,19.721841021519953,0.4521146099493129,30.226588973421908,22.289302326677024,4.362315017918226,1.6759399584809576,86.03288326917222,11.42202040076363,0.0,0.0,0.0,0.0,0.0,0.0,0.0,27.74672326754676,4.930910601579916,60.97341746327045,-0.2247372348530835,1.4275247036359953,49.72175689365591
Provincial,10.963234510801481,61.29141390341862,27.745351585779893,50.14767307907494,28.550708384086317,17.047125153689063,19.097225369090765,0.623552714864065,16.644806465789202,33.72622696393984,3.364530372341176,1.9396908699673499,64.2531947817503,5.0,0.0,0.0,0.0,0.0,0.0,0.0,0.0,17.42542645675358,4.816893707278414,64.42533058773579,-0.2280348908113951,1.4603669193098108,47.33942033806222
Provincial,5.0473250325240455,84.89487581876989,10.057799148706064,55.22922656083192,15.860210369562065,14.276670287445162,20.015378211688724,1.0994540355627207,11.043975996050504,24.94177438778341,3.0279472667262497,1.6615859828553112,60.605509748575,14.781873408180882,0.0,0.0,0.0,0.0,0.0,0.0,0.0,11.093194939568825,3.7436694912874002,47.772192563632004,-0.14791496304580337,1.0178185696099025,36.590715360467215
Provincial,49.227842969808385,35.364990387088625,15.407166643102988,73.82997021847004,11.496942251781118,44.86147813673731,18.15902550392956,1.102493740778798,22.27748721356192,30.541686467629475,6.00561028149941,2.509880400316658,109.05603026840937,26.08359663641398,0.0,0.0,0.0,0.0,0.0,0.0,0.0,18.73601089428541,3.969910837560707,24.996391858931418,-0.15618081869057013,1.0616317573383738,37.31331259015314
Provincial,8.147871649955,57.79717383602325,34.05495451402176,30.756334864934296,33.4202952029714,21.530729008484954,19.92904242122175,0.9544104935594462,18.67579455897609,29.063098961386025,5.656671783963673,1.6587070484999094,112.73205194554016,5.0,0.0,0.0,0.0,0.0,0.0,0.0,0.0,19.584895502020913,5.12622106140555,63.54469474567167,-0.23611434844584384,1.4187030815610087,48.61308149239693
Provincial,23.774096114681598,35.84505902231952,40.380844862998885,70.24563599566392,11.166995949078618,16.92584441808516,18.31228408532574,0.9860343247332779,34.26933248841126,27.54810095025399,5.861312737924505,1.2764641735706743,107.33402396981195,6.993561999501247,0.0,0.0,0.0,0.0,0.0,0.0,0.0,30.8732116078771,4.768096392375356,60.84325707457727,-0.2044938067275522,1.3991445783547836,52.13442245153906
Provincial,42.695759149673975,28.519068074985213,28.78517277534081,36.552603551063825,16.684204642546707,19.95287651386529,20.704828939213968,0.514038070550753,34.01092565366036,27.933111562376624,2.5280361650687135,1.7980809040966081,52.3425563498942,14.91410266075267,0.0,0.0,0.0,0.0,0.0,0.0,0.0,28.369482394009967,5.100144128671425,63.05940463457192,-0.16893629673509145,1.099481235475608,39.495547192435794
Provincial,10.658523974800914,46.46092050642152,42.88055551877756,46.67460066805175,35.36350150391809,42.89214386082445,18.431860504125737,0.8097130843447635,23.710718565778762,31.715806625476603,7.361207500990622,2.9598288655647607,135.68074980018315,5.123478219058116,0.0,0.0,0.0,0.0,0.0,0.0,0.0,25.076926028986534,5.762431131722704,69.56182834865453,-0.2486609952787561,1.6064480205195493,59.24410422034373
Provincial,29.293233753881218,37.22296295617073,33.48380328994804,42.413133915507714,19.08701718651735,29.165287359805056,18.31309635966865,0.6121080939022996,28.19536675969657,21.40436662597505,4.3355983808542895,1.4517628258671518,79.39823092540797,13.221010456164572,0.0,0.0,0.0,0.0,0.0,0.0,0.0,25.934594675738353,4.940992131557796,63.09709830628687,-0.18142447275715828,1.278414202732954,51.82053767866088
Provincial,9.45922435660231,77.20284684165364,13.337928801744049,47.00854000759695,39.137451184453155,24.038997178159278,19.925359307817565,0.5768526305295321,28.127785479607756,30.690890591326482,3.8802164385821474,2.224317317886458,77.31470673084951,5.0,0.0,0.0,0.0,0.0,0.0,0.0,0.0,25.77454318993119,4.89206782322362,70.58523327414659,-0.22316723991965556,1.245805452320718,50.71795194399516
Provincial,36.00842266525268,45.35084604118962,18.6407312935577,33.27725239399221,39.351498712763515,40.82191811100424,20.10788845880419,1.0172123093863328,34.814744452828705,34.33299362237726,4.774168683486435,1.8659460996794126,95.99845137106128,12.960399407795823,0.0,0.0,0.0,0.0,0.0,0.0,0.0,30.912235777382563,4.881562587422145,53.81842524182114,-0.19922716670112892,1.2196974731993688,48.10600448803369
Provincial,8.639297312161618,43.56078264186095,47.79992004597743,52.69635409219552,16.584832654513814,25.03467892811807,18.772445571605854,0.5445266956763832,22.750072423695926,20.924611152317826,4.3403963944857695,1.1420491352986533,81.4798550746784,11.876398741216484,0.0,0.0,0.0,0.0,0.0,0.0,0.0,22.629937735043907,5.569575693571789,69.37545003591808,-0.21013353628700074,1.4710743139373839,50.980196100148596
Provincial,25.14961836856148,32.22930803333875,42.62107359809978,69.09034244072521,9.311303111996494,23.055282808603963,16.898989067475377,0.7780561458974696,18.263400393715273,22.25045342773867,7.181462018834875,1.975753211996119,121.3594481447802,6.5231402792861255,0.0,0.0,0.0,0.0,0.0,0.0,0.0,18.896019872709896,5.599093569688964,61.227253694147,-0.2100303395067538,1.5516679149018207,54.16791814165633
Provincial,10.945013653028015,38.79069693140971,50.264289415562274,49.28437057083933,30.56202509457213,18.840323244141274,18.3387911547879,1.107004767710223,17.951047544216422,31.466110987232504,7.575565851187353,2.4043286572966247,138.9267200242679,12.120548916367044,0.0,0.0,0.0,0.0,0.0,0.0,0.0,20.05556704258834,5.888087596207763,72.43707815988384,-0.24870497083592485,1.7344944143005194,60.0
Provincial,30.35208677646853,54.35783701308933,15.290076210442145,51.98374667440095,22.431568084747,24.467295189010578,20.840362514548392,0.5800824388957397,26.085768378466124,26.99650637191388,3.8207192986976373,2.0264399516556377,79.62517525118986,17.19778196835139,0.0,0.0,0.0,0.0,0.0,0.0,0.0,21.819491416720805,3.7911503639715622,44.89433120389474,-0.173824991901331,0.897840314671328,36.98425498098467
Provincial,14.255199142304741,31.18478680001693,54.56001405767832,71.68221719047229,11.224091006706441,22.450583748558557,19.764930965195926,1.1345953966167641,23.474446081966377,26.456777933019012,7.183614844759729,2.744212127493162,141.9836514872327,5.0,0.0,0.0,0.0,0.0,0.0,0.0,0.0,23.31628617251809,5.8065426004842475,63.20183868800701,-0.21906732046119312,1.5819675258076977,50.127599823732005
Provincial,13.66244354481671,66.91425432743628,19.423302127747014,63.8331963050917,30.64073020729737,34.35103065683865,20.05581301939566,1.1460015900327414,23.203623129548085,22.191466152707775,6.689138777198403,1.5778740333151653,134.1561165762801,13.490768001164852,0.0,0.0,0.0,0.0,0.0,0.0,0.0,21.32688738364076,4.711042412444601,74.22644003465672,-0.18682765262529621,1.1837144017469303,38.8790858027844
Provincial,49.10513103818077,40.364774528920336,10.53009443289889,51.974992468588155,8.99759709158148,21.556229254133996,16.1641274940962,0.8389320082776821,12.734120172691217,28.10832065148461,7.584846034068571,1.1724983426079298,122.60241831777431,20.23124487720067,0.0,0.0,0.0,0.0,0.0,0.0,0.0,12.51814399119982,4.62396012201617,53.96896924784943,-0.1625112480354688,1.1035470350851766,38.6814509486068
Provincial,9.574701626672558,35.5412661159175,54.884032257409935,39.173260650404885,35.846294095751745,31.047591631944528,18.3392973131708,0.5690999181240105,31.55811222070587,22.024724979142036,3.4745018731153268,2.8731312233160122,63.719922866230824,5.0,0.0,0.0,0.0,0.0,0.0,0.0,0.0,33.197593896884236,5.7650389013876,88.57555167169352,-0.25537919903611395,1.622868561351479,60.0
Provincial,36.36441714238194,40.98725801258797,22.64832484503009,73.67097107647317,12.43688093162572,14.174441446055098,19.233105668287777,0.6712734215586269,16.41210063945732,27.625927300968648,5.461754900725874,1.756392699056438,105.04650913994936,17.124345941824068,0.0,0.0,0.0,0.0,0.0,0.0,0.0,15.371254284881218,4.333310845008977,54.2600675348587,-0.18580077784666651,1.099444553252075,43.467714475687416
Provincial,9.738855982802818,50.20026865413199,40.06087536306519,56.73612209298071,12.0739801198952,18.312542170984976,20.150163418140373,0.7471449828735746,15.908608906261641,32.21784478338651,3.647267508442668,2.1528111029072665,73.49303632479342,10.298701081661042,0.0,0.0,0.0,0.0,0.0,0.0,0.0,16.101779408172703,5.410807825638327,49.61149321382399,-0.20124545668604735,1.2882145595902683,47.208779473091965
Provincial,40.81603963194381,41.23325623012246,17.950704137933734,37.163118556088136,13.621513534994705,25.44437396317451,16.24636826791386,0.666526957050756,22.382749608321802,24.132229726194616,6.9445669429062455,2.5840062522603917,112.82399201563558,20.192664994758747,0.0,0.0,0.0,0.0,0.0,0.0,0.0,20.087635304955512,4.382907219146316,56.71230600212483,-0.19393709514531104,0.968513362902971,46.38229089677718
Provincial,9.344257388676413,54.54545866236221,36.11028394896138,39.80158639509057,38.72852347174613,42.919325378986954,20.262194428209366,0.6464449059135611,16.833350248534042,27.692578690875635,2.0319451434263858,1.6486273277511612,41.17166756356119,13.036417705751301,0.0,0.0,0.0,0.0,0.0,0.0,0.0,18.196148924715388,5.462692011319265,75.5340615632392,-0.23179196269084706,1.5320940714571993,51.56992439804775
Provincial,13.217217830728313,36.101207778816516,50.68157439045517,69.17231989149352,30.181419528123072,24.449315528617948,18.74200468370956,1.1305607964514504,27.515748019240462,35.87225551034937,5.388914977318377,2.4323290763552223,100.99906974501361,9.749581820451855,0.0,0.0,0.0,0.0,0.0,0.0,0.0,28.19644207201425,6.061935989118461,70.25110497901792,-0.2362345611502469,1.7534969454330056,60.0
Provincial,16.270581606502468,59.32126585921779,24.408152534279736,27.42800591481005,33.64388913483637,33.91444599959453,16.9865698528803,0.557355379191022,21.143900180034144,30.986406773664598,4.035220587631508,1.270837699635656,68.5445563835833,6.378219056325682,0.0,0.0,0.0,0.0,0.0,0.0,0.0,21.695707237515727,5.361137576124596,74.86629122832628,-0.2267858408673345,1.4376751430552297,52.058327682078605
Provincial,27.330448073081676,32.50812300492217,40.16142892199616,79.5650702865851,20.724319543448097,20.41787833990614,17.5862760822485,0.9633295361018035,23.467351677783704,33.46170834088318,3.936102242466921,1.5825874944110105,69.2213807239807,10.510921697299725,0.0,0.0,0.0,0.0,0.0,0.0,0.0,23.384436865461527,5.35886116768238,72.21952284584897,-0.1986181895059273,1.5989649998888216,55.15135128110731
Provincial,18.50642097221818,63.037917531853076,18.455661495928744,32.169342384313545,18.762007280158578,16.192108007116648,17.409647758757803,0.45028720260742244,26.115079648120865,26.637561704968732,5.869437943189502,1.2894212722730398,102.18484713281713,24.45632075012871,0.0,0.0,0.0,0.0,0.0,0.0,0.0,22.65190872133718,4.345697678597577,64.86200486599449,-0.18085936161372776,1.1113494428422106,37.5500153966704
Provincial,33.11285716343073,28.77134989422663,38.11579294234264,68.78376889683156,15.503488217061438,13.931707802641654,18.654295171442378,0.8673278685816638,16.106065674454143,32.28577477001369,7.108906695883963,2.6224611168027154,132.6116438512626,16.720874777955345,0.0,0.0,0.0,0.0,0.0,0.0,0.0,16.490452236561755,4.770385677985037,58.49030381768505,-0.20351191029057547,1.3895337132194787,48.17370146315551
Provincial,45.00681760953932,29.852916558672725,25.140265831787957,46.712642422442556,23.380736905997086,22.078645451910795,16.258428399555658,1.0911601027678366,14.672548685965893,20.64814676706115,5.655172348359957,1.4452984704535707,91.94421471295739,26.33678947294166,0.0,0.0,0.0,0.0,0.0,0.0,0.0,15.346551356301102,5.298376095250348,54.002021784039876,-0.20184313456352204,1.0126873431429226,41.20122675272257
Provincial,14.919427648735235,65.57620071480693,19.504371636457826,52.071890080810675,25.658519473093392,17.202813884297964,16.792680792499617,0.6515538658652533,36.41265708620814,21.96657892067592,7.119037871880335,2.4348071108104206,119.54773053220224,16.76938785289551,0.0,0.0,0.0,0.0,0.0,0.0,0.0,31.857379841339696,5.07258507690491,58.482271629324444,-0.20947232306259853,1.5705318336824097,46.403088937014516
Provincial,33.17970776615011,42.727099952186315,24.093192281663583,73.43578176055178,28.216794996888172,17.7423447845321,20.06346521687891,0.5798681826804034,23.011711084942633,23.249129486720996,3.58758267128618,2.886596794491305,71.9793401380278,15.683592613749635,0.0,0.0,0.0,0.0,0.0,0.0,0.0,21.256499915623184,4.842809427842985,66.90472286698498,-0.196729239382609,1.409741276892753,46.72028902893034
Provincial,9.557120248449635,72.3950316686994,18.04784808285097,47.71011542740673,16.227792127958224,37.10505717676935,16.663019953734054,0.9061758564148988,22.362808288976176,26.43123079384351,5.117011128589887,2.055544418137754,85.2648585391725,11.953243697445474,0.0,0.0,0.0,0.0,0.0,0.0,0.0,20.553048582941518,4.9223918584875515,46.07702259757221,-0.18121464291307174,1.1697911064157134,42.885150374195646
Provincial,12.601213213490183,36.81256193380509,50.586224852704724,54.56215645202789,38.3569305888957,12.522656341180848,17.166981347290633,0.9488209851088751,11.068364508185244,33.53191805321221,4.703219234402456,2.0800583845213754,80.7400768692055,7.567705434467259,0.0,0.0,0.0,0.0,0.0,0.0,0.0,14.940779673739828,6.406825426146015,70.22661820226375,-0.26661580065651624,1.5091889696348582,60.0
Provincial,35.04981211934316,37.07677799638604,27.8734098842708,27.711481432504346,13.432271942628347,30.407734149269338,18.266853028020787,0.9316213632663869,24.939289077621797,25.540256812606888,2.0698693970185773,1.922067136195624,37.81000006253636,7.922293636584411,0.0,0.0,0.0,0.0,0.0,0.0,0.0,22.706784204217335,4.541189836257464,58.91026058190358,-0.2043283882056403,1.266598698725659,48.00074104365725
Provincial,37.28696540578701,41.675465870366466,21.03756872384653,25.129111062709924,38.900901592525194,24.52222555958434,18.58560444056665,0.6735218160149619,26.625091648330002,30.473939096247406,5.340872858844441,1.6517802867872855,99.26335032184114,16.986934469357212,0.0,0.0,0.0,0.0,0.0,0.0,0.0,25.170252953385265,5.009823419082277,61.62811597496585,-0.22302629247422986,1.1839121474911425,49.671227660514546
Provincial,29.87660963415435,39.94503752012867,30.17835284571698,38.46399301509493,8.475395920240121,28.716149996982058,19.818052398070794,0.6265416815115317,26.765226128639995,31.349028716855734,5.96914594487705,1.9513100618498342,118.29684710730517,18.952466377305054,0.0,0.0,0.0,0.0,0.0,0.0,0.0,22.620636881474528,4.276968423438686,51.37917543307424,-0.1801867485461294,1.1363124778390894,38.609317762570434
Provincial,17.87704637654158,57.698826117166114,24.4241275062923,62.4320701105322,23.39602213813906,30.573397828081895,18.236662133330938,1.119143159973431,31.21093507968653,29.37891766541346,5.551486426514421,2.205615064533519,101.24058229811622,9.640482492523027,0.0,0.0,0.0,0.0,0.0,0.0,0.0,28.01320893105957,4.648039767429687,66.77075042658726,-0.2036698356534561,1.3391288702821813,47.6718899628297
Provincial,15.01808968092912,41.48304389747121,43.498866421599665,31.669569134752518,18.66777081973001,22.341133917090183,19.949323105177694,1.0963096557889507,15.324455049730354,25.71587149072218,6.417679392700529,2.9719831443413187,128.0283597904234,9.947855005914352,0.0,0.0,0.0,0.0,0.0,0.0,0.0,16.346216716332936,5.0484148909756135,61.07990419926811,-0.20216801780988802,1.2465795785052416,57.97701704864593
Commercial,28.774682811435216,22.55610897001241,48.66920821855238,40.345256795760804,25.281680150397595,41.561362297791774,18.037438847249017,1.0913169027400542,20.713440311738314,29.603154550421245,3.215911298103732,1.3760357513123416,58.00680337772327,9.601029155082397,0.0,0.0,0.0,0.0,0.0,0.0,0.0,22.077735006433453,5.954909501026958,70.14272163030259,-0.25253345494857093,1.4558808502447886,60.0
Commercial,27.996465125279492,62.80344914868923,9.200085726031283,62.593726002887216,15.709510764203388,21.063017033960435,18.01133908128143,0.8310094128268688,39.27368975456948,34.82215496766777,10.503527309265253,1.6785541436153468,189.18259191667605,15.488232176350708,0.0,0.0,0.0,0.0,0.0,0.0,0.0,30.81271667307579,4.0564708895664685,45.78647865109785,-0.15425384560409636,0.9861094094388312,36.410156521010926
Commercial,14.36786728674563,46.555831218921846,39.07630149433252,22.871935934366427,20.380642169864345,21.011687860603505,16.25226877645567,0.9512785851833109,38.59420334896069,37.67108991286986,4.534875363967479,1.2069898811841546,73.70201328292669,18.085808621157703,0.0,0.0,0.0,0.0,0.0,0.0,0.0,35.50483642459287,5.108864514088271,76.36741748376681,-0.21508741280007954,1.4725601165196804,52.24236910401264
Commercial,30.01501413596847,30.979500942367665,39.005484921663864,44.4716015354548,25.27240281041531,21.986535407702327,19.58942655911138,0.5726702413020591,16.51978469446281,27.39876617757675,11.885212890615875,2.4755098276312966,232.82450506012358,16.18932908917775,0.0,0.0,0.0,0.0,0.0,0.0,0.0,17.290398603584155,6.043133479615097,66.16262316477902,-0.19697488642857885,1.4018684126042666,51.49680928528946
Commercial,21.949723943349685,39.59627521353616,38.45400084311416,62.302071335799965,33.80756975604312,32.20634169994843,21.128920317953128,0.8674378239700883,36.00732846458811,33.74103221194447,2.7345753928046204,1.9336478953498286,57.778625578004196,8.451900357233729,0.0,0.0,0.0,0.0,0.0,0.0,0.0,33.35378492312078,5.270401691620614,64.11817938036562,-0.2177901512645055,1.4858789727119968,51.12173960579048
Commercial,20.125650527837067,27.757624725411084,52.11672474675185,33.612230979889645,12.610083773650894,26.464981595273677,18.289446326953108,0.6616496761562378,34.66639809754773,21.795734072686404,6.679738007221593,2.4558650364731265,122.16870976118803,10.030553716070056,0.0,0.0,0.0,0.0,0.0,0.0,0.0,32.53219982193621,4.821572813303797,66.9754514149158,-0.23041889480904013,1.5781038082782681,54.58389667043185
Commercial,28.66158120538699,25.18404234426898,46.154376450344024,67.71722268783336,31.24931175872353,35.98224959966031,20.44021566990506,0.7806159752672972,12.373813906464699,33.98296465006919,9.721289872208342,2.856522244564296,198.70526157760233,12.395291182765986,0.0,0.0,0.0,0.0,0.0,0.0,0.0,14.675548204544095,5.342037501292255,79.87991374658066,-0.21737772028379526,1.307403591844752,56.025090254215826
Commercial,43.55181165674934,49.34955203107536,7.098636312175301,57.84678398629592,32.72233415882808,41.53205120463397,19.766202481604438,0.9121328303993675,26.85016402741444,26.685504415878178,5.759067286644394,2.273398143288961,113.83489009299737,21.35605471172607,0.0,0.0,0.0,0.0,0.0,0.0,0.0,22.75059871843844,3.920428535461654,50.264340908450954,-0.17702282759584573,0.9732491568788064,43.589743700262204
Commercial,38.80938152748458,32.63647593728976,28.554142535225658,55.2537063289879,25.112465439768698,34.2485793731144,18.253892412958006,0.6670408596049577,7.54388104564352,20.70902293201436,6.148924662064114,2.4946019582348273,112.2418092367025,15.574932031217159,0.0,0.0,0.0,0.0,0.0,0.0,0.0,10.071720270269443,5.290806745738772,58.05631695754609,-0.20541504316903886,1.3404376352068956,46.564129688450286
Commercial,37.26569744665943,37.836649743273895,24.897652810066674,41.212931252260226,32.937998822040136,18.747401766519992,16.846358796953783,0.5339202875678947,34.284875220421156,26.53843121411919,11.849913750563152,3.325175848864699,199.62789875494315,20.65596437249099,0.0,0.0,0.0,0.0,0.0,0.0,0.0,31.451002631485554,5.367876477952888,61.31791606697665,-0.217569105460564,1.294490568206208,48.02829831345887
Commercial,50.31345658907502,29.179182356384878,20.507361054540105,48.94708822286705,16.936357624321055,42.77850277789658,20.255943116655803,0.5066520066656924,11.10910592262238,30.991569516589607,5.678389653312687,1.6074736359438764,115.02113781170866,21.299399622557424,0.0,0.0,0.0,0.0,0.0,0.0,0.0,11.467189562227098,4.265326747752417,46.18617396627949,-0.19970707999347823,1.4490460611193177,37.73915765947467
Commercial,43.484807179597276,28.94835656269786,27.566836257704864,55.840958058671184,33.59048528121328,20.72826482046679,21.127391013647443,0.514403698103939,7.478514548501758,22.146503018266397,7.6447931065897,1.7697426343116736,161.51453318135714,16.116526072767538,0.0,0.0,0.0,0.0,0.0,0.0,0.0,9.870251984371107,4.803054686761624,56.798883874370965,-0.1862052093150847,1.3361047822542556,44.08240843524734
Commercial,37.13165992264792,38.65863083105321,24.20970924629887,48.34772683489343,26.083486314979247,16.94651174582922,20.11512695440895,0.5054273293839503,19.00766834385839,36.632620863744584,1.5999362674266577,2.73779907661521,32.18292113825041,21.344282700082122,0.0,0.0,0.0,0.0,0.0,0.0,0.0,17.878945322463558,4.503689826424563,48.06162400091111,-0.18373558139632412,1.1668487682908733,45.14135603467693
Commercial,42.847571927795286,30.53573307827145,26.616694993933265,61.898799436433606,6.2601730225643575,14.96892020241171,16.10727090420891,0.571730786762619,25.192274850987523,21.398103438911093,10.26431088231286,2.4505248960495445,165.3300360264328,17.201041101985126,0.0,0.0,0.0,0.0,0.0,0.0,0.0,22.408149107771624,4.486184172482929,49.135532385492226,-0.18576274870653284,1.1173827382995059,40.070600721427425
Commercial,28.376991866991766,17.6599148525761,53.963093280432126,46.02181598641757,32.20618495457158,30.591663441983464,17.297397366345947,0.6556676644705843,34.922093549591985,36.74012095699699,8.12984853877498,1.2820388422572302,140.6252207033978,11.582833983633561,0.0,0.0,0.0,0.0,0.0,0.0,0.0,35.694564153684226,6.273796758340113,74.9979361962258,-0.2605408736885704,1.631826940091061,60.0
Commercial,38.34331563839693,52.22503562412403,9.431648737479037,32.13639090452182,19.534184270995777,15.75416126186151,16.41687990930119,0.6437939842184944,39.09848839326078,32.72847532284236,5.4442211314909486,1.8155977370283236,89.37712451536675,20.298606065885803,0.0,0.0,0.0,0.0,0.0,0.0,0.0,31.69611747944321,4.637435173885648,56.44625730713138,-0.17865051943264693,1.1196674223406804,45.16183097021339
Commercial,19.86027271149421,29.028183796569294,51.11154349193649,32.83602696806284,18.809809543334985,16.579604175716817,19.42231659745736,1.1414177862169328,20.382237939945227,25.934819157455664,1.1778649394997172,2.0631626354367305,22.876865764008468,7.95138611308683,0.0,0.0,0.0,0.0,0.0,0.0,0.0,21.136528579931003,5.655190243554211,67.14945089023301,-0.23490477351690442,1.479748117855333,53.96004318999585
Commercial,45.14625319752804,25.841911128920625,29.011835673551335,20.348226130576464,21.993998179389028,21.90100585965139,20.538866073042474,0.698903968385813,7.1156423044844574,27.03350625876368,7.508357026528543,1.9323525625146514,154.21313939645717,17.151447432192498,0.0,0.0,0.0,0.0,0.0,0.0,0.0,9.272039115059718,4.7804930187244885,55.10520143814401,-0.18427000522018686,1.134333853588247,46.51549115224142
Commercial,32.61059667089223,31.202291054130725,36.18711227497705,38.05746293352035,9.481536403136838,21.294549319587304,16.663475122411956,0.5828235091836094,31.219045265905475,33.33456856518939,1.1392361133257842,1.2813419824695103,18.983632632957494,11.76150542187474,0.0,0.0,0.0,0.0,0.0,0.0,0.0,28.279917115276163,5.194387375254841,69.83455727424719,-0.22075930439316133,1.2805776412516359,43.48855785385183
Commercial,12.023043642823241,41.46780802629207,46.50914833088469,64.93505842871117,19.07498145702196,31.939903840960696,21.03002692356031,0.8546156537090426,24.78106396783781,30.82647981586173,1.013239752999197,3.295961247817508,21.30845928559471,5.0,0.0,0.0,0.0,0.0,0.0,0.0,0.0,23.92598250813311,5.528479524329305,73.08128913542328,-0.21493709872174385,1.5402581869625867,58.3375435862755
Commercial,56.36917112255293,20.607677419984295,23.023151457462777,67.64976253025657,29.93381650153237,38.95259422259849,19.3330538703729,1.0576723460083803,20.67619706955621,32.089572586189014,7.777084183642901,2.8582606565737345,150.35478747679326,17.034443607329777,0.0,0.0,0.0,0.0,0.0,0.0,0.0,19.734093539890893,4.945311045259358,57.89118580580176,-0.19433701666084238,1.423800405357309,44.61707151870243
Commercial,11.492331076535208,61.98657351906645,26.521095404398345,32.148052525745,5.4644737741254605,37.12453865469545,20.13981407285035,0.9407392449119888,15.824410757726639,27.00496309724264,3.079187740680097,2.0996607466912014,62.014268592697285,5.0,0.0,0.0,0.0,0.0,0.0,0.0,0.0,14.96669510701285,4.385805699658209,47.57196203883878,-0.17774299458216797,1.1136894609485455,39.735146601726036
Commercial,47.06363801262496,27.46043797343934,25.475924013935696,77.54263981228446,13.18751480973114,20.66198700564373,21.828411091651876,0.6924533579380426,22.583948474523748,28.780642672536782,3.110763046899048,2.636164776428459,67.90301459643197,14.72217867599268,0.0,0.0,0.0,0.0,0.0,0.0,0.0,19.253556434638465,4.459064594543836,43.681073348925544,-0.16472560216636847,0.8697756493873583,32.62511296211516
Commercial,48.89840473981528,27.36504413339673,23.736551126787994,50.14416760880761,5.073637593315326,20.095246433537337,16.502085929486185,0.8650505038644456,16.853786155996083,37.81761471268208,8.185987224160181,3.222663214765909,135.0858645907674,19.27557751266319,0.0,0.0,0.0,0.0,0.0,0.0,0.0,15.883028402834228,4.1756882558061355,56.8886833936829,-0.18971342855597037,1.177180988158806,42.606883918965934
Commercial,32.61116315897908,16.11237075867617,51.27646608234475,75.01872494111015,17.47133927449545,43.87112049352993,21.407344137866737,0.9646563832302659,31.49541537115761,23.85061166899492,1.590669067333117,1.1676701843762425,34.05200013385955,11.270294373509072,0.0,0.0,0.0,0.0,0.0,0.0,0.0,29.003016787009745,4.940910081987687,63.15488872515242,-0.22372630337450714,1.5458037497852652,46.738656801811025
Commercial,11.545727124825762,42.00777831552364,46.4464945596506,62.405916911697865,26.84946531481204,12.271795972534685,16.756616175924457,0.9732679200390324,24.036279377242437,27.521411357398364,4.44746117622012,1.4760072369088397,74.52439988724608,6.2549338394078235,0.0,0.0,0.0,0.0,0.0,0.0,0.0,25.424009973906898,5.690404091729257,74.08525542077187,-0.24705701926829082,1.7782279036810797,59.55525680912232
Commercial,48.5271106661565,41.02288984069469,10.449999493148805,63.34600538134479,28.963154873438857,41.03077759098712,18.357752839820094,0.9332499959434977,35.68967209539392,25.25281737633141,2.6437509235622096,2.2652933675929416,48.53332602480115,10.820488542163934,0.0,0.0,0.0,0.0,0.0,0.0,0.0,30.298693756500267,4.71708299353655,51.91596806222306,-0.18497319613922586,1.286793689672302,42.62443679943984
Commercial,37.63586210279817,51.95797027334703,10.406167623854802,25.102617278364267,33.355692833810195,18.591041131039365,21.108632177986685,1.0660267761041515,24.024037012730474,33.772007187917296,7.381940067761873,2.9573280026513684,155.82265765032747,25.174012488875366,0.0,0.0,0.0,0.0,0.0,0.0,0.0,20.457120952491636,3.6282777172141483,45.41096456498005,-0.19059854778751234,1.2260099715082644,35.847739915657726
Commercial,26.070918740659785,47.535605516690666,26.39347574264956,33.19946761381584,23.255138389123594,43.26038266196234,21.43752542042721,1.0655685479236676,13.339184466897551,33.75222726198297,8.279416702001354,0.897888217692124,177.49020601546366,18.4367032819737,0.0,0.0,0.0,0.0,0.0,0.0,0.0,13.516233600789311,4.586909775373199,55.68741605849283,-0.17762410808869633,1.1408851766640715,39.526437249061196
Commercial,15.876769609465583,74.19036155389396,9.932868836640452,20.528889997668358,12.638805999586864,23.29614039930815,19.03823004127087,0.8763087636145521,34.78821587812506,25.264018297953125,8.932494389589479,3.4568490055301737,170.05888303136592,14.917009277575655,0.0,0.0,0.0,0.0,0.0,0.0,0.0,27.003502314167967,3.9042987458154434,38.63233995535589,-0.16697604309399708,1.0564893586297275,37.07881140571733
Commercial,31.969024351273756,32.07632088517026,35.95465476355598,62.96765842860425,32.724438474100964,26.531608538477325,19.56462782965255,0.7794066399222879,24.502666572551536,21.465025699393692,3.8075433861042196,2.0282478277824723,74.49316929438412,20.205299464522703,0.0,0.0,0.0,0.0,0.0,0.0,0.0,23.75321488819023,5.620838362964824,71.52553691382315,-0.21944666308217858,1.3024408679465307,47.11036365576069
Commercial,40.09114420642233,47.72427543049098,12.184580363086695,40.6662973057106,28.259472616411283,35.33498026016457,20.248884007591343,0.9170206921173147,12.239436335024644,20.205788180099674,1.981747268002424,1.7699240796786522,40.12817056214212,13.62944858625789,0.0,0.0,0.0,0.0,0.0,0.0,0.0,12.65060472114368,4.197404224422421,49.86580721923766,-0.19418598830073028,1.154765680007261,39.159175343850045
Commercial,14.587989392240157,54.29334740941979,31.11866319834005,67.19915096458081,22.232854490094336,31.39307869861759,20.996552010716286,1.031837800890801,26.822773348467774,27.69410959836474,1.865520226360876,1.590355982167384,39.16949245982936,17.726538452833015,0.0,0.0,0.0,0.0,0.0,0.0,0.0,23.711212155497016,4.575864005171953,55.541027120782985,-0.19921865118508397,1.3506019565156246,45.97246462742982
Commercial,52.65315840771713,41.98584424209698,5.360997350185888,40.33617319622158,25.86920647156808,22.49199788032515,16.729067017225997,0.5036738681467701,17.520086772984964,27.386076698043876,5.687667032957962,1.2707631106573536,95.14936296602069,18.258628117434817,0.0,0.0,0.0,0.0,0.0,0.0,0.0,16.540944397074558,4.801261441523385,45.97663850624114,-0.1738637651420041,1.0686493230821854,49.92394440792282
Commercial,49.975055259115734,29.195127320251927,20.829817420632338,69.16002513793165,32.72949065022287,30.276420223638176,20.860415849375364,1.144798055859653,34.554196430222305,37.791017815517534,11.404288499689866,2.9372495541110757,237.89820056977968,21.568211557144462,0.0,0.0,0.0,0.0,0.0,0.0,0.0,29.239324581630118,5.0147510432854485,55.83978431828252,-0.18883013081236466,1.0765698932398864,45.01404524222238
Commercial,37.72979367631309,23.410670140054137,38.85953618363277,27.84189522489878,26.37182085418765,36.113327183975244,18.8876569030697,0.6188809520139795,20.865490852629,28.456437362558233,3.3950193767172707,3.379618244814461,64.12396116670935,9.179642726050462,0.0,0.0,0.0,0.0,0.0,0.0,0.0,21.297163886753186,5.252267020717793,66.07783802513727,-0.228674147785568,1.448592491815845,50.108269653270966
Commercial,51.464329250507234,19.333723738100346,29.20194701139242,30.402389405450492,16.05123522754202,13.39705321478224,18.703740550649016,0.8056618406789845,30.425447533759584,24.61553065235757,3.8241576147570426,1.9168408380825752,71.52605185120451,18.246519913977025,0.0,0.0,0.0,0.0,0.0,0.0,0.0,26.404763850364386,4.708455600815207,56.38006717991454,-0.1925782681529378,1.1689769048648377,43.06613749270621
Commercial,18.634315322256484,27.45221037779411,53.91347429994941,40.45259237503619,26.3908460686729,12.369577073438236,18.54339851198199,1.0668193276478632,8.343767267268301,36.04212993856641,2.1097768231644483,3.371535875834332,39.12243240328172,10.421384553525032,0.0,0.0,0.0,0.0,0.0,0.0,0.0,11.839242522815264,6.052609732120426,84.07427727338685,-0.24111971670399082,1.667182938173014,58.457844105622534
Commercial,35.06086755455242,16.23394264213703,48.70518980331054,44.5092433329364,6.2083448820616365,27.116208989405415,19.055269511476254,0.6462762593787296,18.860852120582116,28.83922309376441,7.661273012833233,3.024253561674592,145.98762206053692,11.736609736251566,0.0,0.0,0.0,0.0,0.0,0.0,0.0,18.75061567775569,5.14488991015413,63.11410169470173,-0.20279480039119102,1.2554470234266908,47.22365893982722
Commercial,55.04253782129348,22.00392322654896,22.95353895215756,40.922168650578705,16.592466854917436,16.35060838751597,21.670303320367623,0.809916895535249,39.41345027653396,30.7851614337904,8.478601613418924,2.0988380441860595,183.7338686953464,23.4455920157979,0.0,0.0,0.0,0.0,0.0,0.0,0.0,30.31843444585455,3.9124201273408787,42.52394325121236,-0.16454997105128324,1.2035706014129954,39.69709677251276
Commercial,30.080768421326983,62.64490450505929,7.27432707361373,65.81882195139319,17.18969095536738,33.923361618335576,19.28922263675291,0.5861784171177664,33.29611013170019,21.72203678770783,8.072243289768359,2.6198706836405585,155.7072979943766,16.602065474859984,0.0,0.0,0.0,0.0,0.0,0.0,0.0,26.011565441377755,4.323411229267308,42.28452684264869,-0.15069525096729242,0.8269377311937388,37.07487938887004
Commercial,14.415116337216848,38.303568657032216,47.28131500575094,25.81708355760288,10.00514703262504,19.06373105550533,21.719065229578835,0.7567996115023252,10.597928082842502,26.892495331935933,10.472432673492595,1.97445728376025,227.45144834795832,5.6893820197048495,0.0,0.0,0.0,0.0,0.0,0.0,0.0,12.189135122731328,4.317338305008883,63.514319575166695,-0.19130576321823947,1.4157229793749724,49.386258447429206
Commercial,20.640169924009363,28.798114560257062,50.56171551573357,41.07302117830928,5.692564416553106,26.28408652425714,17.081740783693842,0.6151380456154516,14.721741731703927,36.99602614052816,6.350684185286789,2.3085532021738917,108.48074105217285,7.634467076733381,0.0,0.0,0.0,0.0,0.0,0.0,0.0,16.253495284568046,5.2798967800458305,75.13050096118108,-0.21862610681228586,1.3300888477488744,51.37422367604047
Commercial,21.642455100498484,32.32617522854968,46.03136967095184,70.23439997092757,9.001437099132286,18.523140916850878,20.3448158729958,0.736358036701252,16.543553309972637,30.61109691515766,2.4790274484377086,0.9567251099499603,50.43535698256777,13.233935088458113,0.0,0.0,0.0,0.0,0.0,0.0,0.0,16.598805312531745,4.980017555816139,61.08805121761658,-0.19885547950357657,1.0381735726451937,50.22091596565986
Commercial,46.61718881800952,41.985314136002245,11.397497045988242,24.00782463573032,24.63864487391165,30.099958329721108,20.87343723165248,0.7427517409152693,27.7627946173406,26.201033392564312,4.183456437748539,2.6799113833114396,87.32311536469662,17.189287841403583,0.0,0.0,0.0,0.0,0.0,0.0,0.0,22.807172566805125,4.242977071163652,53.04791285802897,-0.16200219019792328,1.0602879070355187,37.73014754592622
Commercial,21.72853874056122,23.375704538824394,54.895756720614386,76.54061046028144,29.068664490910628,15.829764159690773,20.074772988009173,1.145561013238916,31.494816582137943,31.262009251368674,8.28672970763487,0.9426265401071692,166.35421769376163,12.507925574141442,0.0,0.0,0.0,0.0,0.0,0.0,0.0,31.175441549620878,6.255093992083136,77.27303201441858,-0.23807675423610095,1.5242269265479462,54.20348179065535
Commercial,52.80234888006786,29.26844004229345,17.92921107763869,79.17901053632077,34.64610478180923,12.762526141986848,19.641533681359242,1.1466284690474517,31.23343130827684,36.387399612406085,7.744341711157158,3.0061293566830543,152.11074855964858,26.363762327561968,0.0,0.0,0.0,0.0,0.0,0.0,0.0,26.940958388347543,4.9962500523535,64.95213763404757,-0.1800912673816536,1.0578816061695706,50.513770849052065
Commercial,27.2290561002873,31.5606982592942,41.210245640418506,25.314090429504805,15.390905093254828,13.687344057521006,19.388876686517094,0.5746110811293981,22.845591970724097,24.93183080850662,6.841034427172588,3.027356709543505,132.6399729166674,5.0,0.0,0.0,0.0,0.0,0.0,0.0,0.0,22.187369986317183,5.094491472848713,52.43797340322293,-0.20434413458432021,1.1522809611264322,44.393401330559506
Commercial,12.578454175662,37.01980200755192,50.40174381678608,37.47635133534422,22.981376667833054,43.490528570005225,21.165582895472177,0.9718797065634257,33.378718824335294,29.09210093247214,8.512608605575558,1.4401086764017794,180.1743230980193,11.733773445396382,0.0,0.0,0.0,0.0,0.0,0.0,0.0,31.100271967595837,5.765395240043203,70.9052934181008,-0.2316589501385115,1.4116268656226316,49.76765071641212
Commercial,59.96598308213932,23.24966120132521,16.784355716535472,42.34403996212137,33.11434900445366,16.695445214160884,20.929879582987,0.5336345617849158,20.297732896511626,37.256431770411595,8.011299354106292,1.6738895087966608,167.6755307847062,31.55516908398387,0.0,0.0,0.0,0.0,0.0,0.0,0.0,18.115858454436225,4.071540400855354,57.36724935325974,-0.18693267020694165,1.202826304191435,38.297906454385206
Commercial,17.616204192267006,31.970868073879693,50.4129277338533,66.58348211916356,10.011253440144579,35.379782353515566,16.733732327083597,0.5196248099691726,9.335819785344666,23.10313057937215,10.694573784114468,2.0995380221073923,178.96013505561703,8.59814575389165,0.0,0.0,0.0,0.0,0.0,0.0,0.0,12.158590726826432,5.851326345458557,61.65517628031747,-0.23668166755324932,1.541812458356675,60.0
Commercial,62.960888627279054,16.565032412977597,20.47407895974335,55.75560872700403,26.52936759028228,14.241564739353265,21.09152594218527,0.5684670312592268,24.755464457883466,32.95395066074081,7.446180152261262,2.4109898487177004,157.05130185160348,25.33583526410551,0.0,0.0,0.0,0.0,0.0,0.0,0.0,21.227293665730052,4.8244461360818365,46.08759062383163,-0.1661256711224782,1.091191615627373,45.551211738457866
Commercial,12.496199182256438,33.68313969854076,53.82066111920281,58.66194202955404,27.649361994474894,15.56929162376101,18.484411716642654,1.127565677055157,38.33054846103873,31.060658147653683,9.564614945706122,1.5758548867033912,176.79628056758568,11.0895715386031,0.0,0.0,0.0,0.0,0.0,0.0,0.0,37.515870789627854,6.362774732619526,70.62109976620741,-0.26319190249117225,1.656949158955039,60.0
Commercial,63.60169484468885,17.33530413628742,19.06300101902373,65.45058936911036,7.669266076080151,28.792916296508043,17.522180979974866,1.1115613061315532,32.7547777987379,32.234152360531425,3.7357787156311466,2.3997132925061977,65.45899075642701,22.089721745715906,1.0,0.5806954694181062,0.8266081171721608,2.8471640252294375,0.06620095241160592,114.02987277775225,5.162123547340168,26.53628189310762,4.22802479810453,45.82475266490567,-0.16839799623589055,1.0556224090288449,38.217872245883335
Commercial,12.032130623889518,35.296078138218725,52.67179123789176,27.078739966221544,30.83748155549195,27.34074069509334,21.218611408083554,0.6260530831824422,25.254522669228482,26.321953352016255,8.460008430479748,1.604025097719107,179.50963139546062,7.160773260344276,0.0,0.0,0.0,0.0,0.0,0.0,0.0,25.759113569451937,5.690036193827565,69.87860355364221,-0.23510664514570379,1.3653040384441162,60.0
Commercial,25.553992188795803,66.76877526657046,7.677232544633745,69.99256741461573,29.393151413325317,43.402150211515696,18.59214879780245,0.6050870181099125,27.638198112218394,25.649828722707767,10.924135302209432,0.9498249468918639,203.10314902600442,10.368247053518846,0.0,0.0,0.0,0.0,0.0,0.0,0.0,24.094591430169373,4.106725656898274,56.88074336015717,-0.17609447965380726,0.999083635506005,44.3125056740969
Commercial,11.608703484698674,47.92769593181067,40.46360058349065,62.337188250808644,6.002090197323033,43.179569949684335,20.8501881410609,0.6563478062353656,37.56967094624504,32.31577407059067,5.2430556068981655,0.8068243845461542,109.31869583787099,9.3214436875377,0.0,0.0,0.0,0.0,0.0,0.0,0.0,31.33800241954209,4.6673230060819755,60.74466369869684,-0.1862866595395159,1.147868110934153,46.23520218690961
Commercial,40.597992467656994,27.79645084049282,31.605556691850186,54.640503511782214,7.732532446401544,37.727085203901346,17.580421671735067,0.8351055461488424,19.99199780522362,23.879779131881815,9.570146060725113,1.0731078563797574,168.24720320764175,17.364801884429497,0.0,0.0,0.0,0.0,0.0,0.0,0.0,18.65921925715522,4.280679977984359,62.62054132026606,-0.20323397500482382,1.1652951495487616,44.28757522905467
Commercial,49.2039978143215,21.902148329541973,28.89385385613653,73.3841200869834,6.47380681675557,31.86936039420254,16.023575928533308,0.8703080108230163,16.598794862992307,27.553785407462094,8.97268231314979,2.9390768904428493,143.77445632736354,20.150846319892942,0.0,0.0,0.0,0.0,0.0,0.0,0.0,16.21752879751684,4.395665913560979,51.36581772879974,-0.20016047930002956,1.29219981521436,43.799002006352815
Commercial,35.53435478868097,48.29092949852703,16.174715712792,62.01838123302843,15.042305953980867,27.013690473969362,18.972755157417666,0.6440357297856407,39.203454775015715,23.387143628952522,1.6547881655900474,3.3958645434350103,31.395890703132288,20.621253983583557,0.0,0.0,0.0,0.0,0.0,0.0,0.0,30.696924157191575,3.763072878512417,44.05265077317218,-0.1809989809995373,1.1269654924729948,37.631210681166216
Commercial,42.23848190974656,17.48172860142884,40.2797894888246,32.101997757861525,20.278669720397787,23.753891632837895,16.601369539857306,0.9918048122584644,35.22050967286167,20.149487140219936,7.396591405864795,1.9528087380592922,122.79354726409413,10.972025235993074,0.0,0.0,0.0,0.0,0.0,0.0,0.0,33.24673694945907,5.421319159988065,77.40361988705237,-0.23452264215437563,1.5404470198265925,53.348312667414014
Commercial,45.68920173874631,39.77032368893833,14.540474572315356,45.78472286454,20.970431838638866,43.25388905019333,20.52625573314946,0.701209560111723,16.306525461651084,37.46103248068525,2.4320828412088265,2.1842466743148456,49.9215543628571,18.380854813388282,0.0,0.0,0.0,0.0,0.0,0.0,0.0,14.968172308239016,4.098983126752286,52.81826125307226,-0.17046959697000513,0.9985782597602526,40.072026082933355
Commercial,36.685785669082875,30.672124531678712,32.64208979923841,49.642572016144,13.03000279308328,31.895990777014624,17.656450816416463,1.0993853615941167,21.2323209076323,27.770653615815544,11.640510894536503,1.1964900564982506,205.53010808734376,22.41548809316814,0.0,0.0,0.0,0.0,0.0,0.0,0.0,19.819696030628155,4.802924316156372,58.125754893475005,-0.20585607950415474,1.0505737221287814,45.99403209923165
Commercial,58.47441948625836,23.863312361729097,17.66226815201254,23.31305760502434,32.34790659680823,31.109393413637818,18.66187387962087,0.9268697591968749,19.527734515272968,37.44829305955685,9.925482529707217,2.2877846522364242,185.2281031637764,22.284136417787064,0.0,0.0,0.0,0.0,0.0,0.0,0.0,18.633374587540395,4.573848773729164,60.93836421500231,-0.18087674527486683,1.275648765753929,45.15726083655027
Commercial,16.594583280077337,30.624347730854865,52.781068989067805,77.27825080160335,16.047883696157395,19.65273701837419,16.522201390549327,0.7836282762973475,10.218348753500187,22.52582335582087,2.2069618137183213,1.1905682354188376,36.46386754750611,7.764692615095336,0.0,0.0,0.0,0.0,0.0,0.0,0.0,13.334238067062683,6.213399511137639,74.04988129782836,-0.25627841368698623,1.6308046373571852,60.0
Commercial,34.291447966100876,59.276992342116486,6.431559691782641,27.71463564781271,6.366504678960575,13.54102799020873,17.719955490683517,1.0134428011068493,38.52367633346407,30.572602030234748,2.3392719741244625,2.4502786942368413,41.451795262088844,18.044372272419906,0.0,0.0,0.0,0.0,0.0,0.0,0.0,28.6653575541684,3.6632535536199455,46.67847245435894,-0.13927709622041415,0.6310907638077582,25.21165471312794
Commercial,64.36942340941408,20.64416258502409,14.986414005561828,61.84767603360361,14.006813346241591,43.19122313206496,20.68894145955143,1.031644506930332,19.150935092691558,23.617532590242313,7.539212404038809,3.3197984024683054,155.97832407828292,19.61055579490143,1.0,0.3677014481276536,0.985052653297208,2.1568124970480547,0.1638264381620463,133.96036454110418,6.8310335485714635,21.204145563709993,5.79970442044913,74.24389945204001,-0.23714925095347267,1.5106857627387162,60.0
Commercial,62.151794169808085,20.73267551081953,17.115530319372386,50.373862165452806,20.933282676324666,22.35326354187358,16.909527471413917,0.6888130436458133,35.63651789232678,34.22133428533894,4.793780915905017,1.328386056118207,81.06057008943564,29.877897430453544,1.0,0.5226550756836357,1.2076451345570778,2.1088934762360467,0.25754864340282974,138.1955344139566,4.625343357431119,36.751751486219554,6.481270525734101,83.21908658541722,-0.2557412597348209,1.6410883283810536,60.0
Commercial,58.13728933200017,16.159319379609006,25.703391288390822,21.537934993065356,17.24665467764696,26.605437769707137,19.882957366761744,0.7208144534934549,11.627467968823277,34.106653797697554,1.383964449804202,2.8643220387541755,27.517306152570825,19.173721680706606,0.0,0.0,0.0,0.0,0.0,0.0,0.0,12.235284783389645,5.000805510516406,44.18636888753755,-0.1882601519271867,1.1377239222707907,44.984734926342504
Commercial,62.63442967525938,20.72905823123794,16.636512093502677,75.4848485518617,13.215275572977776,15.783118138328327,21.504555116827007,1.1083708499235922,24.175478372302692,22.026928682707613,6.958056586163584,0.8634565416094749,149.62991136315597,17.584552182563883,1.0,0.4535974188003884,1.1392660997392055,2.2577292985267308,0.19998457198910288,118.06718838533618,6.714256192569223,25.774572650296232,6.233046698392219,73.50035671716293,-0.24959626322621778,1.5433463065976216,59.99078640151649
Commercial,15.786835820801523,54.64570966575921,29.567454513439262,71.11020852913599,8.939697492929522,39.618502887006635,20.079020558546322,0.6070816749361267,5.838648479349444,36.41716015177501,5.266296096544316,1.8138425515683767,105.74206758990557,9.900758357696832,0.0,0.0,0.0,0.0,0.0,0.0,0.0,8.109831549147103,4.299483302798015,49.139416145234314,-0.1939545442942602,1.1179258490440724,42.13077677142792
Commercial,31.727148013325458,19.64957582374759,48.62327616292695,51.45547567423013,29.574935002886892,12.911850484245711,20.86613013575336,0.5273977710259072,31.7477169344808,23.503333649658043,2.1118414160891694,1.0990209711423744,44.06595781419026,5.0,0.0,0.0,0.0,0.0,0.0,0.0,0.0,30.89557094495676,5.244281873451361,69.28936377149061,-0.22599594132828632,1.4854918912437327,58.48514818638636
Commercial,24.09714402027933,35.29968490926213,40.60317107045854,33.736540168366716,34.88435726372576,39.52169514927019,16.653829775823496,0.7951359596962069,25.331986438619744,31.033592148608484,9.82112431481581,1.7516836923083887,163.55933254614368,8.735808932497548,0.0,0.0,0.0,0.0,0.0,0.0,0.0,26.664388739795175,6.026101295784286,71.49319119239684,-0.25207005581852543,1.6084795610382445,60.0
Commercial,50.624739080651665,15.377161892592781,33.998099026755554,27.297373440805654,14.886264005716463,16.629405422002904,17.504390956012326,1.0207864351583589,26.895635421441344,37.74140516157867,11.065844418066867,1.2685496830249856,193.70086695224913,15.03416296197772,0.0,0.0,0.0,0.0,0.0,0.0,0.0,24.779819383848423,5.054953681666902,58.162137537051464,-0.20927967065171968,1.2093752579980508,46.84687385598543
Commercial,40.95794216671668,49.59189893414934,9.450158899133982,41.803548765927594,16.448631325298116,41.25661571682802,21.367233113443547,1.0015842691019847,6.810230889412871,35.88313762579455,9.32253327415543,1.8079234733317961,199.1967416767132,22.463416069603554,0.0,0.0,0.0,0.0,0.0,0.0,0.0,7.91010361765948,3.491242960690812,32.770009689900625,-0.16005066630270784,0.8055769619322437,33.63236398678042
Commercial,29.5506322452668,30.749762335269423,39.69960541946378,35.325696862765426,23.54112574030871,36.082497032093194,20.290633681708535,1.0976949087933412,12.386341557301538,37.21815071410104,10.04664541017905,1.9273115764903321,203.85280174796148,10.7157154626864,0.0,0.0,0.0,0.0,0.0,0.0,0.0,14.016069269102806,4.680297441069401,67.42430131937682,-0.23810476254219434,1.224341802588827,54.90144424558136
Commercial,42.676138399558454,44.003147384894554,13.320714215546992,50.40147206037793,26.55324424206624,17.434118662741067,19.83732295826387,0.8465804318398761,7.601580532375305,26.16677788192615,3.381396239927291,1.6115960315084799,67.07784926129678,22.21507954587281,0.0,0.0,0.0,0.0,0.0,0.0,0.0,9.20166794120458,4.015575796055303,50.75714556937135,-0.18583313410812144,1.1268317167407598,33.64432741218205
Commercial,19.87141673324271,35.81021396867239,44.318369298084896,77.98455776740573,16.760886044107735,30.671993764362448,19.9826004167302,0.5650420365182467,15.112001053133412,21.90036155995034,3.899302460104611,2.572879263577449,77.91820296424349,14.389119339052836,0.0,0.0,0.0,0.0,0.0,0.0,0.0,15.948055903408061,5.510215937410951,52.39835834122608,-0.19778261800823027,1.3906886351743517,46.64671819128968
Commercial,14.313557204243088,68.18360487024925,17.50283792550766,54.497209593778486,32.147885509454454,22.317658373722242,18.48520332582786,0.8826478333184105,26.960365268875286,23.3902437192101,3.293802943291065,3.280900538399056,60.8866171219456,14.630115866818018,0.0,0.0,0.0,0.0,0.0,0.0,0.0,24.60664815454526,5.338610544009909,55.276832311005876,-0.20604542773853016,1.1800489188521905,51.32195223379224
Commercial,54.01907579522578,20.128487788729174,25.852436416045045,73.39586335340587,21.800119676867553,17.881692264082254,16.267339789705918,1.0059571493295874,24.816509451108132,29.00890811137905,9.415697745021204,1.8816075100842355,153.1683545754277,18.884371394628545,0.0,0.0,0.0,0.0,0.0,0.0,0.0,23.340217635563086,4.772635815370779,64.15016575224526,-0.2091361038266571,1.4940650813616931,51.61274546725663
Commercial,52.12160915625033,25.354880727853274,22.523510115896396,59.05273024974663,18.51170229217793,40.35301258056658,20.706649252424373,0.5606632781753872,26.42524375646866,34.278134208919795,11.427087868279468,1.3193265224825579,236.61670046509667,20.991296690042322,0.0,0.0,0.0,0.0,0.0,0.0,0.0,22.194903276898845,4.41301755406743,47.15040065870964,-0.16641072799659895,1.0256049816792352,40.93856624344579
Commercial,13.775497608455385,38.283806657801776,47.94069573374284,48.514791595232026,24.400182594797155,25.31625129473857,20.072279417292123,0.6122273107134333,24.2237944982263,22.702765595309753,8.885209274072928,1.530951447129155,178.34640323030712,5.0,0.0,0.0,0.0,0.0,0.0,0.0,0.0,24.416202896685856,5.256470620383279,66.04395269654111,-0.21319508021110115,1.6666350115998867,53.179669318661226
Commercial,59.458992972317866,29.21378409201173,11.327222935670406,71.27645376400227,33.5841154474752,25.15194257405762,18.836826784676347,0.507988929751186,14.556007848655078,31.875167580693628,10.696134413675116,3.1058022234401967,201.48123121601387,22.785069862514348,0.0,0.0,0.0,0.0,0.0,0.0,0.0,14.586485601702243,4.979945472011498,54.883327259635884,-0.17419372792608578,1.0905399153641113,40.48992586668471
Commercial,36.10891843308723,30.608837447673338,33.28224411923943,48.28208661037985,28.836568832651164,17.60626026861846,21.398557692209543,0.8858741766404267,13.557762407054883,25.824396872711212,8.0256900437149,2.3434272528293993,171.738191420225,10.941621631043683,0.0,0.0,0.0,0.0,0.0,0.0,0.0,14.625841410730063,5.07598510890438,63.679121900330834,-0.2156572814771664,1.0575349731689,46.169175316414055
Commercial,35.733883903973144,52.16303562387374,12.103080472153112,72.11769023062166,6.200393916053731,24.641167310830696,18.016957989910594,1.0763773547648379,9.797088923780343,26.141637303058765,5.2642589061467895,2.028529787228785,94.8459315600594,20.081325193736905,0.0,0.0,0.0,0.0,0.0,0.0,0.0,10.124039878638063,4.111925400570956,36.34818539673331,-0.1763854120054572,0.9963736242852808,39.853548298137696
Commercial,18.82982802808609,40.93038016530457,40.23979180660933,37.49460617454592,14.96929732219879,40.76335592885206,17.765930465387417,0.9359311554013646,34.71748062162222,31.91451914284267,5.683377764233357,1.204019148074102,100.97049416789882,20.629743167372652,0.0,0.0,0.0,0.0,0.0,0.0,0.0,30.991384705372706,4.535826069813063,65.59745360185146,-0.18433527715765832,1.344931634804626,46.57684106718539
Commercial,31.274928955994902,18.471164654281033,50.25390638972406,27.72878442577929,19.11634054853668,23.983247446157986,21.236777950476657,1.1383260569341382,26.576777548943557,28.405989551597962,1.8285357538414533,2.0142637324742116,38.83220777883839,13.252942765844503,0.0,0.0,0.0,0.0,0.0,0.0,0.0,25.17171937409475,5.407476099458978,59.67419403617717,-0.19165112425346845,1.3653827461013637,50.43293938893535
Commercial,43.797819318724486,29.471797987912844,26.73038269336267,71.3188678617763,14.435527166273157,43.402917562493,20.781925928553914,0.540971874124845,11.527885437642091,34.61659927446789,1.346029147706287,1.5519284090649441,27.97307804530661,10.082697990166091,0.0,0.0,0.0,0.0,0.0,0.0,0.0,12.155690217495472,4.403787935250471,53.06204271054202,-0.17920255380053307,1.0447591488934678,39.221520404269505
Commercial,34.97441314033337,35.62097384641784,29.404613013248795,55.24490982756001,26.005626824913694,43.22819367387679,19.089878863890068,1.0869507053484724,11.202328293743383,22.806533173930887,8.650231646079853,3.3465404452040435,165.13187426825277,12.869588278232724,0.0,0.0,0.0,0.0,0.0,0.0,0.0,12.885317477786153,5.299031789961882,61.98639762944986,-0.22034876031934444,1.3088872535590907,50.9157303348139
Commercial,24.403408435954866,24.225449739907013,51.371141824138114,73.3455438949376,29.78807449587743,16.781655757142417,16.7844084367471,1.0291443868013423,35.55624605341478,34.2190688558067,5.822717812122987,3.1869892954224746,97.73087397059467,10.773041964725357,0.0,0.0,0.0,0.0,0.0,0.0,0.0,35.94592014479696,6.489410720801595,75.63273369333476,-0.24682400055157055,1.6031339794673287,59.46245029049327
Commercial,14.002397912653134,54.94803265487901,31.049569432467855,76.269632419543,26.940352855558146,17.851271366247282,17.290428828790315,0.7042569883246782,30.995580231716175,21.156234465033577,7.074365748600925,1.0265368629361347,122.31881748501621,9.621765657083275,0.0,0.0,0.0,0.0,0.0,0.0,0.0,29.3432843268626,5.439745291575797,61.391514890271814,-0.22441358205734996,1.3897210174602017,52.17399208081496
Commercial,31.620256504727507,38.99982159279445,29.379921902478046,23.217703422286952,34.67999860484826,40.46824432095234,19.93736794245284,1.1327922586942136,28.078967796687998,23.49296984442089,7.134273723846579,2.1949644210053556,142.23864023450244,10.73917124358862,0.0,0.0,0.0,0.0,0.0,0.0,0.0,26.525884223411694,5.082534628054235,63.59198057503905,-0.21791245788869149,1.479830926626712,45.71334173185412
Commercial,17.957894668983336,48.12565019580146,33.91645513521521,50.0581581115321,13.176429436790873,24.961110324515733,18.31024742704247,0.6871595363114198,19.240243763875494,31.810694861056977,4.051133946666315,1.4076575328896146,74.1772649235513,12.000883462120782,0.0,0.0,0.0,0.0,0.0,0.0,0.0,18.69676717594595,5.112015760355217,69.60849635188723,-0.1918098659731724,1.2855381392540217,41.75605343648334
Commercial,17.40564612333804,43.13286705851436,39.4614868181476,42.49787294447175,31.249684850732645,12.144341415339309,21.018839149995827,1.078048070488342,14.169144749748114,35.38866181719928,6.234817619124398,1.9090981417155848,131.04862866593567,5.581270062980069,0.0,0.0,0.0,0.0,0.0,0.0,0.0,15.85596574977344,5.413769824456836,59.5306789528285,-0.2204819264595326,1.5027390187633494,52.61769480131357
Commercial,52.75715738769831,36.89867385795012,10.34416875435157,57.55150382420703,27.998679955234586,21.037770050277246,21.699730055993225,1.0724865750982229,39.28077670894883,24.548233299308283,6.178362438344725,3.1674895952789326,134.0687971001686,17.324544104861133,0.0,0.0,0.0,0.0,0.0,0.0,0.0,30.56719569742547,3.813171000769163,58.63313667801822,-0.17915008606129346,0.9946777252531419,33.920432141704154
Commercial,36.375829641382396,17.568643971541803,46.0555263870758,67.6154718321394,15.865362726744383,31.72175677545348,20.83382155164951,0.9924774507919321,32.90338512579801,25.88944890492043,5.272699433506427,2.224289203699071,109.85047909315635,15.244833261918812,0.0,0.0,0.0,0.0,0.0,0.0,0.0,29.333310260831155,4.6985941357826135,59.66573688082298,-0.20802407790164967,1.2513498600694026,53.95719114121929
Commercial,29.4710610469439,43.753687580393134,26.775251372662964,36.835412958462136,27.02373630970906,38.37577687667894,18.265272537973342,0.8662558079783537,15.562272809769677,29.668173469161317,10.027429217411775,1.7023812921010517,183.15372751126282,10.232626130934896,0.0,0.0,0.0,0.0,0.0,0.0,0.0,16.436248182809067,4.704755973401716,63.890886895050436,-0.20538452480902947,1.205953685781992,43.33440472853041
Commercial,23.79093159411743,67.59164291100828,8.617425494874276,53.4079030623903,8.12227869254741,16.401824364077566,20.732118575388544,0.5780017872509773,34.664767869747315,23.808310516807442,5.9628040405635545,1.3612985560834923,123.62156041076953,17.037409065409356,0.0,0.0,0.0,0.0,0.0,0.0,0.0,25.2898045222094,3.333376312633903,33.621303655481626,-0.1376667969635674,0.8015347046426631,29.11949709278826
Commercial,29.910605669021873,25.78026087106747,44.309133459910655,62.52371479429397,28.68000447021657,15.647865025752267,18.108650040824102,0.8457816274227239,31.562618201513853,34.600812708575106,7.640089769565866,2.9608771203975213,138.35171191754873,7.0512969892021005,0.0,0.0,0.0,0.0,0.0,0.0,0.0,31.232874040307582,6.180188217847876,68.98860872363058,-0.23860402609081366,1.156280434536972,57.16839247874624
Commercial,54.56339662176228,21.589104793924115,23.847498584313605,28.06586497014404,20.96991807761308,42.42905756788694,17.002600526593802,0.7319175661757075,15.397819245729943,33.925459610103694,10.850721324189086,2.486198641483737,184.49048010057996,27.795656143363185,0.0,0.0,0.0,0.0,0.0,0.0,0.0,15.434472195645307,4.737908092485411,54.09713009456712,-0.18335573514581557,1.1345411098154583,43.40399200616194
Commercial,58.62697189851444,31.35465334673286,10.018374754752697,68.84401435707602,13.768705181277594,36.78789613814523,16.200359229195143,1.0149410715509786,19.92934989845739,22.61525081538407,10.528569851448147,2.0637767431508243,170.56661376313372,19.112111760237667,0.0,0.0,0.0,0.0,0.0,0.0,0.0,17.807129332030534,4.104763100197735,44.87815351104003,-0.17877106204378296,1.0692831223294936,36.62757559306692
Commercial,43.28299997927447,20.028048043562997,36.68895197716253,56.36657599117839,24.673319053525404,31.46272682567659,18.314300276566122,0.9927839842229491,11.508370588685933,28.348935172699377,10.794644241570817,1.3872077554300408,197.6963560188333,14.89301265214778,0.0,0.0,0.0,0.0,0.0,0.0,0.0,13.508733797524346,5.537617812974179,64.5254402023103,-0.21638667856114907,1.4564891479684654,48.251294322982545
Commercial,23.946897531362097,27.046534796955818,49.006567671682085,76.97224622681911,24.24859996143227,37.38316406986563,21.421355822183692,1.0918981297921935,8.886835553233826,33.94689979978318,3.970054961115154,1.7024652102242546,85.04395995567336,11.803479003199776,0.0,0.0,0.0,0.0,0.0,0.0,0.0,11.488296608071416,5.088664665523251,63.93534638639651,-0.25368944317012054,1.3692809503090857,48.61078733127186
Commercial,29.257298376655505,21.355026152645173,49.387675470699314,40.3717351478416,11.284586681587992,26.15219392311907,17.43391952653406,0.5096396055806102,30.296671149389386,26.07193155986147,1.3848073713886913,3.3915772521940006,24.142620272541606,8.389563054145306,0.0,0.0,0.0,0.0,0.0,0.0,0.0,29.025034544170282,5.523872976766013,79.70431535955194,-0.2309659975411856,1.4903011934092538,52.421903772256755
Commercial,13.097783524462214,34.01904273508912,52.88317374044866,26.48875654023192,5.911922444345784,37.02903966120118,17.239078989578704,1.0259170909349797,14.362915007385332,31.39592280891917,3.8717347988486215,2.204242831535753,66.745142024052,7.819002633074392,0.0,0.0,0.0,0.0,0.0,0.0,0.0,16.070966110374872,5.410970391376637,61.172997847836356,-0.2175634502140057,1.177883211591458,58.808431886490425
Commercial,19.26923381298418,32.34549319868142,48.3852729883344,50.39007206221552,18.008677607050217,24.26949871205968,21.818924711446243,1.1100003345310347,33.702077801118875,20.90383618623631,4.065780801827795,1.881888059356783,88.71096520832421,10.275180460918563,0.0,0.0,0.0,0.0,0.0,0.0,0.0,30.34257624136563,5.321616428061767,63.444404005949394,-0.21339882968722398,1.3195427498507446,49.10248199384829
Commercial,37.22674184659396,57.66621218613228,5.107045967273761,25.14864630256633,22.085356080332637,20.05512089225588,16.150024677103552,1.0130452919202975,39.84630490300491,30.956397689527723,11.002963593974648,2.207839514340475,177.69813356396256,23.03211742358961,0.0,0.0,0.0,0.0,0.0,0.0,0.0,31.934268451189897,3.8420443771272543,53.36926027712159,-0.18196281093396713,0.8930235313713231,44.04684109252953
Commercial,36.06991769048257,39.91802398884792,24.01205832066951,78.17159139944042,31.29815835111795,36.057442902667965,20.714692902362525,0.5846263989157383,7.681693487537704,22.747753640010927,8.141670061217678,2.9032689659289437,168.65219503048328,18.469413907705572,0.0,0.0,0.0,0.0,0.0,0.0,0.0,9.806913321850484,4.476689072118188,51.36117898280894,-0.20507071267868923,1.0745280968796556,46.53153665932909
Commercial,37.010917175285904,17.06195382943894,45.927128995275154,22.32109749543149,32.846503869427835,25.849185641189855,17.92821973444522,0.552831418146577,21.556229377929508,34.950499852060126,1.8987435556245162,1.7182941285577458,34.04109168459814,13.219421846260895,0.0,0.0,0.0,0.0,0.0,0.0,0.0,23.053896613135105,5.456609762694882,79.13548066204629,-0.23530315192367693,1.5619651723833092,60.0
Commercial,55.190072049777335,21.497277650298955,23.31265029992371,65.21023406643849,20.864156544702993,44.38544444276443,16.224927741217957,0.5135494058750055,33.072189575878106,26.39809034444861,2.4891645561221125,1.282506526518044,40.38651505908214,19.459288554121116,0.0,0.0,0.0,0.0,0.0,0.0,0.0,29.272270212095474,4.842168431072482,58.060710097259786,-0.19701734424856357,1.4291659128294054,38.650621108051254
Commercial,15.370604012415235,49.55197066859945,35.077425318985306,51.50614388853464,27.614104513056347,23.533011016167332,21.506815241257502,0.9086843967882461,32.61328137894317,25.067969529107522,2.7124373809617293,2.379327519515429,58.3358896058243,18.875283913666443,0.0,0.0,0.0,0.0,0.0,0.0,0.0,28.70788854083162,5.220416961276706,44.603002151483764,-0.19162038361289319,1.3016414246725,45.45400363024756
Commercial,16.857010918408267,47.827141712865135,35.3158473687266,42.11723914989732,18.179098169839907,42.41700487752517,16.837853981257503,0.9092872237089267,31.599900541583896,35.13600158080673,7.9346392298581545,2.5960510793988814,133.6022967463091,14.78020023312207,0.0,0.0,0.0,0.0,0.0,0.0,0.0,29.18391009520618,5.075635040225846,68.76207805018771,-0.23256502308299157,1.3703684805930254,54.30015596993944
Commercial,28.507445953708586,48.241288844350265,23.251265201941152,23.95052987051928,27.38246469718679,42.78776410271362,19.31067570235417,1.1414939142418379,17.214822735566884,20.902592415292585,9.089554280577033,2.7243386079880842,175.52543499116825,9.837477446098385,0.0,0.0,0.0,0.0,0.0,0.0,0.0,17.253366102809956,4.765805928415566,53.73434541860452,-0.2040632966774172,1.2733596862262262,45.32407955538982
Commercial,17.203558301593084,32.57274533434253,50.22369636406438,57.33001545041647,11.144045748175007,19.981147253136623,17.64432524457729,0.7587280631676622,20.88486394897683,27.138958388018207,10.456083016219358,3.1813664950685503,184.49052952247504,8.410092997005858,0.0,0.0,0.0,0.0,0.0,0.0,0.0,21.393314650066685,5.751673329549577,62.2405603556685,-0.2290576101730974,1.3614113335037648,58.51410951946414
Commercial,37.565458243524745,32.273124487169376,30.16141726930588,55.113219763457316,16.13194204410594,38.34129899240444,16.391156813108147,0.7157390851833728,25.82389250695146,26.660063730350565,11.347002058868673,1.8021701258606053,185.9904901055774,13.900437488401916,0.0,0.0,0.0,0.0,0.0,0.0,0.0,24.192888808955548,5.386995835971713,66.65185121685197,-0.211407007417449,1.254651280925815,53.08800595268379
Commercial,52.214520918536174,19.546268784588786,28.23921029687504,36.852996384055984,24.026839964408445,26.29145866977065,16.299534913980274,0.905876202669855,39.087920425064,25.126406736491916,3.2187501312508595,1.003458219818008,52.46413014370197,18.00753703320204,0.0,0.0,0.0,0.0,0.0,0.0,0.0,34.96493825963509,5.175692682841869,62.36577114830813,-0.2204212755631173,1.4119643263632475,48.70046788436143
Commercial,29.365455909451956,15.758856807453256,54.87568728309479,74.61330208461872,5.544738968212365,42.278315998601485,16.69334019301803,1.036645637129936,16.46415448284725,36.411577976026585,4.40749733196454,3.387541175803544,73.57585236230338,6.229212806736998,0.0,0.0,0.0,0.0,0.0,0.0,0.0,18.067770339901756,5.822383000604017,75.83035394882053,-0.23500139873401055,1.3188473011033754,53.09100200707564
Commercial,39.62454192571228,30.700439870656886,29.675018203630835,38.24660044057021,26.67383931016862,26.85410099696288,16.42820208333628,1.1089030671899511,37.31003607009002,33.516711083301004,3.643551688193137,1.974532204081183,59.85700343471792,14.93720906760069,0.0,0.0,0.0,0.0,0.0,0.0,0.0,34.25012044126554,5.054824319929561,74.1980645699253,-0.21308316393097285,1.484539690691846,48.96988153002683
Commercial,61.19483727968559,24.885250123885356,13.919912596429052,46.983524635526365,30.066065038045004,36.56202267213308,20.563348693119536,1.0220307080163749,14.427492136317294,21.150616955454897,4.946377242127515,2.4827952761174545,101.71407999757906,29.298373565461006,1.0,0.4641647714472682,1.0617736155762165,2.2274003583773316,0.17846669017568145,125.8433353911463,4.295232809083277,16.679426962109417,6.18760157512386,68.68172729980456,-0.25722056665623816,1.4856419344296088,54.415151116326165
Commercial,33.29089452820465,36.05563432862344,30.653471143171902,52.625747355119344,16.974249832818543,27.40992450240533,18.913397213700577,0.7773380874002731,39.61760629157966,32.86437408982917,11.061316181661244,2.5990243724463893,209.20706665009288,17.292540930442467,0.0,0.0,0.0,0.0,0.0,0.0,0.0,33.42933019693893,5.367126917019329,62.41187121760487,-0.176498511854621,1.3158213576358118,41.2128122865739
Commercial,16.103805220010607,38.1953580039929,45.7008367759965,26.013912690577165,18.438272515314928,19.517424938524254,18.057352548093878,0.9126942529528417,28.45922903896571,29.491384396318292,7.326238236332976,2.27558701349325,132.29246668479007,5.0,0.0,0.0,0.0,0.0,0.0,0.0,0.0,27.85201491815599,5.7543742092084855,65.52236937621083,-0.2259119834102299,1.5947340564234105,55.68153615302759
Commercial,26.347708279609467,29.809275375476467,43.84301634491407,75.92970315281795,30.53846636649593,18.578554255174648,18.510213460792045,1.056594562365476,21.22290181254928,36.215622099228426,9.12011087056949,1.3541953302879293,168.81519900033123,16.87124215512531,0.0,0.0,0.0,0.0,0.0,0.0,0.0,22.077405318716643,5.035217124739675,84.33934749397869,-0.23377817775420692,1.2973849018420658,50.70412380733795
Commercial,26.969381219500335,28.601530525076114,44.42908825542355,42.472169147062466,28.269639059781003,26.039229410459406,21.57368041343574,0.8188962974026306,26.468664982226173,25.633021112270452,6.391311597394602,2.8388862353135824,137.8841138248766,15.147672137639875,0.0,0.0,0.0,0.0,0.0,0.0,0.0,25.19678370315699,5.074797201832695,60.85769694729981,-0.20685942022593867,1.302890192578343,52.35241708788433
Commercial,35.688148791331216,23.910662008773194,40.40118919989559,24.846752832460616,13.64448467100125,36.931323681469095,21.464510876428882,0.6408463184085053,14.538590916407237,30.33491599297249,1.31743704669737,2.9701303306210205,28.27814181784604,12.398274948038518,0.0,0.0,0.0,0.0,0.0,0.0,0.0,14.811786521972177,4.874063888062205,63.351255442879975,-0.20744402626674302,1.1044015649155479,46.444912582616006
Commercial,22.596900464909673,59.69220808175591,17.710891453334412,43.2374704205198,14.719283196846169,31.967359010965303,20.294058880735463,0.6103202358361174,14.596085012901332,29.01359494533775,1.7061503459759577,2.293034082247088,34.62471558062327,16.842478867386703,0.0,0.0,0.0,0.0,0.0,0.0,0.0,13.711411314722097,3.933684713646645,53.33124300324063,-0.17331907625136653,0.8005115280301891,32.75112425641089
Commercial,19.9060007937359,31.989794914252528,48.10420429201157,56.01215282555484,25.3663469717179,34.72476656671793,21.308094264530126,0.5001025339757369,8.974409034522285,28.812096312096905,6.917153343946744,2.119115133579072,147.391355495027,5.664586287923104,0.0,0.0,0.0,0.0,0.0,0.0,0.0,11.738120732302676,5.857838612252542,70.2257300840017,-0.22688488123963524,1.3189497206481244,57.72472881707474
Commercial,19.220024665658954,31.107802065527792,49.67217326881325,50.81916030927977,21.895942773444837,21.3167695741541,17.91788816552575,0.9668546967378346,8.991760419688957,28.209897191309828,8.906679383020283,1.1076330944455604,159.5888851111513,6.7784659667028615,0.0,0.0,0.0,0.0,0.0,0.0,0.0,12.21034681491346,6.002601941939796,69.26393350179458,-0.22660084473772138,1.8407971302145514,58.40750447817689
Commercial,67.84688246409365,17.445482704978893,14.707634830927454,61.67251844223644,9.866887132894908,27.887366416600983,18.286655956049696,0.5722131857498938,17.168510951411896,23.701330559581063,3.3686358028160464,1.0266694860494163,61.6010839673283,29.705590375599904,1.0,0.6863211010453214,1.1239689363328305,2.2468053820624574,0.19654752867015338,85.02850600922986,2.862373880947071,17.72476932182162,4.954722767827761,63.03604180416613,-0.2132426915636614,1.423140812962743,51.971302759957524
Commercial,38.180391103210056,50.29682706922025,11.522781827569695,23.32903652407464,14.297897276874993,13.465043743987792,19.682273091125367,0.6584954148023613,31.69994172637301,33.60277860486307,8.941005313915344,1.7168250830215277,175.9793082976849,17.73190985995119,0.0,0.0,0.0,0.0,0.0,0.0,0.0,24.839458642799205,3.917820658779367,33.193805209262564,-0.15583867060264817,1.2025169208970878,33.81220089714159
Commercial,26.022906398483443,20.196845172060954,53.780248429455604,37.07243661632337,31.999498306359623,38.97856972661798,19.741755683783584,0.6936196154898157,26.278990865935686,28.124048589307197,9.917323508318637,1.6392846198969617,195.78537773827,5.0,0.0,0.0,0.0,0.0,0.0,0.0,0.0,27.48932255485639,5.8263613936429515,78.43543116128478,-0.2573337632858062,1.7278452207526036,60.0
Commercial,29.959420964767688,21.62438085271392,48.41619818251839,69.15383461040614,25.645233101667902,44.666441353915864,18.890199028074047,0.8642469090888993,8.590459611585729,37.2532929500469,5.530872261983223,3.374872417600833,104.47927782771718,12.029987129576595,0.0,0.0,0.0,0.0,0.0,0.0,0.0,11.696446519917506,5.632300568308029,73.41460243712028,-0.2295930806366485,1.4171016302285113,58.739170694010284
Commercial,16.728409708844225,33.60978293065844,49.661807360497335,24.79362126748165,34.579229530565584,25.42700906661414,18.40394709062772,0.75867223024225,34.82827837415688,24.694551689469975,9.210611561285154,2.9157814045972605,169.51160784621595,7.376589736555073,0.0,0.0,0.0,0.0,0.0,0.0,0.0,35.16381624607272,6.008510006085286,79.02857620574812,-0.2380146031625493,1.6066538498636305,60.0
Commercial,24.68628886894166,25.994891899838585,49.318819231219756,71.32915728175746,28.01037589942308,12.361800553340931,21.917081869652172,0.9385380948150551,26.047866944652323,32.28938911328674,5.444329453613059,2.581795597199462,119.3238143601961,15.194549829884647,0.0,0.0,0.0,0.0,0.0,0.0,0.0,25.162368698142156,5.698998066581248,48.6532312644886,-0.21031846335456456,1.474583199582238,57.67693724828456
Commercial,48.37959783200774,19.536060966305847,32.084341201686414,25.513765524626375,33.25923296430771,17.603157105181264,20.926741756706345,0.5361651285636567,38.62994518746729,36.932907433503956,8.46185692400522,2.197649840347534,177.07909463085474,18.64099833552912,0.0,0.0,0.0,0.0,0.0,0.0,0.0,33.91100372282406,5.662237366073811,54.378159440641724,-0.20779096608713346,1.3607308691241182,48.34605951917103
Commercial,27.90540880615648,34.77450436055353,37.320086833289984,70.06725289350177,11.485657216114262,33.533386965763825,18.60988118732827,0.5805604762718857,28.456491359392263,31.942249814289667,9.403967542514973,1.2518923329619587,175.00671865569507,11.061118512647417,0.0,0.0,0.0,0.0,0.0,0.0,0.0,25.746190348189227,4.481451069532649,55.831228004205826,-0.1953620735899859,1.2039612289660122,50.37277273764398
Commercial,50.38662654368978,17.345230849628138,32.26814260668208,41.6473040647236,28.144546244507772,32.19861750072735,20.36375486343741,0.8244874772966233,11.131120229646335,35.6829123371131,11.91119280138922,3.4418330148975667,242.5566103386304,23.029691936054654,0.0,0.0,0.0,0.0,0.0,0.0,0.0,12.54450983876196,4.276013529197967,61.250481145830264,-0.1939322644147984,1.074694344048763,47.20295925160231
Commercial,24.462994903815677,67.97668763666786,7.560317459516454,56.732543795432946,5.606525604433923,37.99953574632295,17.617370159514756,0.7190271121004393,21.58241768077378,34.89465727562611,4.799363282699558,1.8126098852485673,84.55215948130197,16.993934237586718,0.0,0.0,0.0,0.0,0.0,0.0,0.0,17.75572940399518,3.6961835830257894,45.89061698625831,-0.14950642784891077,1.3254519353610101,36.34536378570033
Commercial,12.426845296105025,45.29800043625634,42.275154267638634,29.173226938879893,25.12280065134602,20.37817236171525,16.60101595742398,0.6922786857883838,27.697415914152145,26.48211887880207,5.5214485863207265,1.088699126607561,91.66165608960645,5.0,0.0,0.0,0.0,0.0,0.0,0.0,0.0,28.124216075863764,5.441869746257036,73.27507870683617,-0.23210523538746425,1.5522803760905555,52.62444313607345
Commercial,49.87776120306335,19.855637130142636,30.266601666794013,23.97012330351085,19.07846834360724,37.19985321305542,18.114586153316445,0.5435682513743898,5.98926453674922,30.802230918910936,2.8218206535118844,2.1332570184325146,51.11611333724874,23.052041183758558,0.0,0.0,0.0,0.0,0.0,0.0,0.0,8.597870141641375,4.788733916402292,62.20547105305482,-0.18540815776583439,1.1933724634083909,46.59092426374045
Commercial,41.88514363489612,20.729402625592392,37.38545373951149,32.956292241208104,15.402802157602059,34.703472710281105,18.417836800740364,1.082217463586201,5.521859245418276,22.8127041166044,3.2448036424198756,3.159794631355325,59.76226393653716,15.492939628205258,0.0,0.0,0.0,0.0,0.0,0.0,0.0,8.459353249536449,5.209766530804077,55.21459311756517,-0.20648348999634464,1.309125844667326,45.55016974340311
Commercial,54.53553223236521,15.332477518858024,30.131990248776763,27.671229074521733,30.872130568792674,22.652878424556828,16.099222747364024,0.9496820809812829,9.529105020949878,29.639465888520792,8.627345028582155,3.19568570479879,138.89354933350776,19.347778229631846,0.0,0.0,0.0,0.0,0.0,0.0,0.0,12.208008182294247,5.940459176963268,72.2178119777596,-0.21992356804285648,1.4185375516176426,50.70981833365182
Commercial,40.850873679577916,29.558560204299287,29.590566116122798,38.744353860777906,30.62803077972592,30.001108885879745,20.888752009815377,0.5790518019327721,13.808255226591477,24.14759549265807,11.087501491699237,0.8296079733524077,231.60406906856343,16.453857978015535,0.0,0.0,0.0,0.0,0.0,0.0,0.0,14.647845583525227,4.9654705367362775,63.08669169159666,-0.20570812292500182,1.2862431196611661,52.12037471888294
Commercial,67.5225156276642,18.888028898447452,13.589455473888341,50.86299479066121,5.6690511469593075,16.86003568044478,18.15516041433509,0.5422798725291413,20.034219323223645,33.38726266914402,5.340654468273646,3.1929985108287795,96.96043858904352,20.676227706372657,1.0,0.4139431844489839,0.918550751496991,2.1819318553433766,0.1391918571089021,89.64293509349034,4.335555613264083,20.947673017351278,5.537558317507132,72.2849809339892,-0.23987676083657267,1.6330851398225719,53.72665884290135
Commercial,56.362330005210566,24.701984237731985,18.93568575705745,55.32556781390057,23.28515367348293,26.934628613374226,19.48250899468088,1.1336671467303079,22.060416581592595,29.505051594058244,2.9782889151909537,1.5330073872496182,58.02454057896612,19.178707681731925,0.0,0.0,0.0,0.0,0.0,0.0,0.0,19.748706571269032,3.8522512691554636,52.63945295529074,-0.18543521856234774,1.1187842056758457,38.902567568453556
Commercial,62.40287351018161,24.654491892620605,12.94263459719779,67.39208644278457,16.034966729628692,41.07951220533615,16.443779123625735,0.9427621577856782,9.830966312826387,27.402092527369888,4.136094493212934,0.9052253827147423,68.01302428083821,23.219244839247786,1.0,0.4589358384025089,1.0584299729648063,2.545360088217998,0.13580497535518074,123.99228829717859,5.340065499787179,12.293973054077759,5.385735924048301,77.9211016556322,-0.2223411306545859,1.2738388610684372,50.9329758913428
Commercial,44.27181879293995,40.944866425792924,14.783314781267121,59.37439359490152,17.469830045013474,25.899315534237896,17.049980972503505,0.771346446210932,28.568705269054078,24.838347731005598,6.005568752889525,3.089033729979761,102.394832965828,17.872083012691345,0.0,0.0,0.0,0.0,0.0,0.0,0.0,24.43133184156988,4.476408092905907,56.82198458977108,-0.19974172300599108,1.1171093190848873,38.11138672292917
Commercial,18.163916611846535,28.187214367138225,53.648869021015244,56.525499507773176,29.96122217656328,39.70570131368893,21.33816235196536,0.9561251764912602,25.864832159378718,37.97657267314317,4.1971536230190525,3.1324402411681627,89.55954542412015,14.132122243707665,0.0,0.0,0.0,0.0,0.0,0.0,0.0,25.862938720658487,5.837531722956562,64.92278443529243,-0.2241402026846969,1.4380251898386323,59.21497075709348
Commercial,68.26439473996342,19.079932971426658,12.65567228860992,44.70692164914648,14.295193145830348,31.478361053569916,19.652125167296806,0.9916156612121033,15.306243459440607,21.29078937592879,3.5693699143405286,2.4098239155743455,70.14570432500355,24.670890858406032,1.0,0.528462401505805,1.1010217905058095,1.9971163964647487,0.23871238688952662,105.88192738328011,4.291775598658745,18.26510524492406,6.015551021089218,80.4712134180118,-0.2846773147071883,1.8392971079340057,59.13401349260319
Commercial,34.43038353172962,47.10609525301,18.463521215260382,48.42850609760832,33.29146431912861,18.331931532377773,21.701704301022914,1.0069754315527066,5.47809592023522,20.78409225030356,9.095829376327876,2.3509711447001678,197.39499949762524,18.9034981674261,0.0,0.0,0.0,0.0,0.0,0.0,0.0,7.928232317808218,4.3533751730876675,58.786688765523,-0.15718062032007116,1.2857015737160362,43.91338512771395
Commercial,31.806298423131686,33.66421868993906,34.529482886929245,44.871249763410866,10.389014791164222,31.17650607503058,21.992500206347902,0.8106202486744873,7.717677037365176,23.91063320888956,1.086294133646855,2.9954247360778323,23.890323958382975,13.070115452289022,0.0,0.0,0.0,0.0,0.0,0.0,0.0,9.33156857399791,3.868117319555611,48.301186685201415,-0.1621277918348229,1.106358398895756,44.52643176755536
Commercial,27.61753186074099,36.87353932742691,35.50892881183209,70.529961803683,24.881672701045332,28.697449862183095,18.231160691998568,0.7794237927811511,18.709317142879378,37.479304255300754,6.931535800701314,2.923035792317756,126.36994302492663,17.827277421327103,0.0,0.0,0.0,0.0,0.0,0.0,0.0,19.04450084498269,4.533266396434062,71.2449018603264,-0.21763734717919317,1.2127479689714735,48.80662954009802
Commercial,45.18891155944389,42.11238195336466,12.698706487191453,33.80002715290399,25.16315201041294,25.155164061480672,17.792818384499647,0.5071682547747852,10.389102290798938,37.62628702975972,9.731434877327292,3.203284778295301,173.1496533928701,22.269007104734634,0.0,0.0,0.0,0.0,0.0,0.0,0.0,11.431602792271981,4.133617975685831,56.31290285906499,-0.183496032349565,0.9927430592646663,43.72954424517107
Commercial,24.262951523630008,31.051177187109374,44.68587128926062,20.343255892517877,12.565854842837545,15.947804504030321,21.15013633095458,1.1022621248421947,18.18868621517898,31.788699225898448,3.92851114949215,2.2924181085110993,83.08854638943407,10.950153203363769,0.0,0.0,0.0,0.0,0.0,0.0,0.0,17.86572744382192,4.389164277390308,45.54884194761261,-0.19698119883355272,1.2598933978900104,43.31258040333735
Commercial,11.474515872394267,44.265340731964486,44.26014339564125,59.07919383357436,14.74251826901606,25.751385906958582,21.991668562224724,0.8921501209528129,26.98639115786243,35.84192000971528,7.636206616732191,3.412647150378584,167.93292498784174,8.575871461866718,0.0,0.0,0.0,0.0,0.0,0.0,0.0,24.471041378037178,4.956397653527589,61.33263803346414,-0.20569926908411468,1.2969739457889755,53.687301660439616
Commercial,61.27709049551121,21.857024294294234,16.865885210194556,32.147731018329885,30.043954777398213,14.401158415907695,19.777847405394745,0.6320500591734792,24.153309975774924,23.85131115513432,8.357901161804795,3.489596443520014,165.3012938075467,18.164138813037493,1.0,0.6520594318523683,1.340713473172761,2.815177550935216,0.17813540583815865,106.75791622426433,5.877400372410596,23.20246250799862,5.022277170285749,61.664821393405965,-0.21131203299437257,1.3083604778666154,52.65107876611277
Commercial,34.693491292191716,45.87319357403527,19.43331513377302,73.40690817858857,27.854157648648574,15.259378696158791,20.770844335069135,1.0977422226239337,13.091155909808798,37.49675769517923,8.20527166045599,1.114670446996308,170.43042038628562,19.439177769520704,0.0,0.0,0.0,0.0,0.0,0.0,0.0,13.331010419621053,4.282146065057853,56.9243226117212,-0.1840907166136954,1.0754648111192193,41.31136706125407
Commercial,23.6049556085476,24.495651118477554,51.89939327297485,71.54277978239936,14.872876409442787,25.72524558677963,20.690475152891647,1.0947057361506927,17.033787194056334,22.570127302512162,5.904345976185895,3.09376815079613,122.16372371435004,8.474771513819936,0.0,0.0,0.0,0.0,0.0,0.0,0.0,17.841412860526827,4.980403776406428,71.15476465351328,-0.21826471426643435,1.31158239909626,48.585215451805524
Commercial,13.996976474764416,39.71945122626169,46.2835722989739,24.603642315692355,21.018696408048015,22.077588904959303,18.132038249317283,1.1429697068379623,26.49109194570277,21.820253387269847,4.812357866633571,2.1495200959211904,87.25785690720282,5.210097268339387,0.0,0.0,0.0,0.0,0.0,0.0,0.0,26.503788216942898,4.719539040747507,72.51951178161845,-0.23273991730274515,1.5039853259210976,55.04218760524453
Commercial,10.118947845247117,49.991200501626686,39.88985165312619,26.38330432484464,6.850408887592864,42.542962753453374,19.445622281542523,1.068136766040336,35.12992598152071,22.019807706450912,10.195164803305948,1.8464291134095467,198.25132386316423,11.709813302539093,0.0,0.0,0.0,0.0,0.0,0.0,0.0,30.098046398957557,5.172200233903216,67.60402936845331,-0.20728973670349624,0.9299806205349177,43.86020810013408
Commercial,26.161756824807327,64.72658209966265,9.111661075530026,49.71029553479998,11.262376471958877,24.398291577548928,20.99834164758528,1.148559852083042,31.362470355860705,30.316302618906164,9.342905526998507,2.4552952366833307,196.18552223702747,11.11704616157294,0.0,0.0,0.0,0.0,0.0,0.0,0.0,23.869317863496715,3.383798164453432,41.86604907751065,-0.150599274478933,0.7730046009335753,39.51752630926859
Commercial,44.585870791982096,29.500925162889118,25.913204045128786,56.55335976616128,19.574616765811975,37.009318028379305,20.128683257566333,0.6590460222801271,24.369000939169524,34.057539212924944,4.533806907553037,0.951107004607419,91.25956319310141,16.57796413173929,0.0,0.0,0.0,0.0,0.0,0.0,0.0,21.581215126892126,4.389468066982779,58.43582318410807,-0.18391527619789821,1.0787121249276435,38.966331786014266
Commercial,14.169632788305792,52.865273607852856,32.96509360384135,36.49450024893444,7.579212058376347,29.49816837008601,16.12698288389223,1.047462230379502,17.680254941077017,26.600009201743397,2.133211138864267,2.1674450206711158,34.40225952419228,13.805082208216824,0.0,0.0,0.0,0.0,0.0,0.0,0.0,17.582319551176692,4.47120576264463,65.10502878176925,-0.20069789596275014,1.4172024070636573,47.32086623571102
Commercial,65.10533253529744,20.524103065513717,14.370564399188847,63.007863001962235,30.299970646758123,35.23482706519707,18.0202340133852,1.0349684007172468,17.77679471396319,37.602127780150276,1.789882999900161,3.1514045390720007,32.25411051478082,26.08564123917804,1.0,0.4958345291222296,0.9565010976823858,2.774882980837578,0.09331930169616813,98.5164608981262,3.7766547502065717,17.355142647149062,5.056280947216944,57.66586697926095,-0.19818755106205962,1.1317529162239546,45.31258911210037
Commercial,20.23263828800036,52.356032606588414,27.411329105411227,55.69496125513229,26.540186303229437,20.583827439508173,16.866854179567632,0.6501112334934769,35.77960585925386,27.819562486129932,2.0370357568882964,1.3763460935752159,34.358385070000075,11.760506136327068,0.0,0.0,0.0,0.0,0.0,0.0,0.0,32.75041657364677,5.346514745510343,70.55536509352126,-0.20710000825693736,1.4127019963394887,50.852201463289475
Commercial,18.173250172509448,46.775455953056046,35.0512938744345,39.48944658491328,33.30901011945484,43.08286410366486,17.397833272468233,0.563984406850644,6.373525161419124,22.708073913917893,7.411562973112471,1.951252715877448,128.94513689460973,10.819916937801983,0.0,0.0,0.0,0.0,0.0,0.0,0.0,9.904452583593109,5.477400877316,68.29052696805024,-0.23959112816947217,1.5447782689804477,55.448346716555704
Commercial,19.734483618996762,58.896682375233276,21.368834005769962,21.522289282538935,25.804007178920816,29.49292039817599,21.432936864947955,1.1366233338904397,39.57939255470913,28.38740146735046,1.5682839341188866,3.336598396830164,33.61293054628229,13.474094495648913,0.0,0.0,0.0,0.0,0.0,0.0,0.0,32.3530788816906,4.346861248830471,51.462099692516475,-0.18124882977483808,1.2951090203493953,41.76753066883674
Commercial,10.432772592743527,45.51998645973211,44.04724094752436,65.00901687791105,33.212041167865564,39.43369435241324,16.22135973346461,0.6924159584883967,28.25313937980468,32.22266897760392,4.7061956246044225,1.9571223620753828,76.3408922027655,5.0,0.0,0.0,0.0,0.0,0.0,0.0,0.0,29.73742045815024,6.776554757370551,71.74399558503424,-0.24590622385795663,1.8334395230556253,60.0
Commercial,31.593203639022693,21.384317279037035,47.022479081940276,32.885219949504965,21.635376670728952,24.046507884711744,17.318804271771544,1.0660796638040737,28.83981946753367,34.98006404907882,9.285196721056522,1.7675926072974755,160.80850463687284,11.167917873610966,0.0,0.0,0.0,0.0,0.0,0.0,0.0,28.561671473705292,5.704695740588069,73.32509777538003,-0.2369015351565553,1.5110756147903457,57.61497451612887
Commercial,57.093944167529656,21.725582360766804,21.18047347170354,70.0684246077577,23.006558331859083,15.30697451866731,17.857416113429387,0.5026826505384925,6.329924305665975,28.25782921921867,4.237829831669159,1.9894489499331214,75.67669072202058,27.452427555179263,0.0,0.0,0.0,0.0,0.0,0.0,0.0,8.624735506289076,4.508292347912655,57.341352518756274,-0.18547255104188393,1.1117855538164947,44.43720260042382
Commercial,27.237791954558997,25.829350320818143,46.932857724622856,45.21741560325531,34.309131638787825,34.232484374788015,19.70130443179837,0.5136661246927414,26.193524621194527,30.684922868885014,9.396388848981427,2.202522469597402,185.12111727333857,8.46660835371331,0.0,0.0,0.0,0.0,0.0,0.0,0.0,26.832512686159756,5.608063268361334,81.27401323601948,-0.2439004177882787,1.4874833419218514,48.461540484097924
Commercial,22.199343325437837,67.62182836941142,10.178828305150752,54.624646557905926,24.26387440592781,12.256068395135008,19.204610140515193,0.8028163506526393,21.967232103165646,24.81220481885936,9.200137420277608,2.506376629154966,176.68505239559664,13.163080090721005,0.0,0.0,0.0,0.0,0.0,0.0,0.0,19.42998663657822,3.775625437271904,57.03683694366123,-0.16612629299826379,1.0742723480281846,41.70938226530343
Commercial,18.020175824153576,35.093369244713614,46.88645493113282,72.37692382454011,5.923597065822398,27.684668226661774,17.309616897120318,0.6551645445577913,8.702261741292345,31.626497475299253,3.7040984589653796,2.961870562475174,64.11652527390446,7.029031634754352,0.0,0.0,0.0,0.0,0.0,0.0,0.0,11.26300009632826,5.229239705700019,63.80228685357787,-0.21996271677310553,1.3310913898133145,45.953304420372824
Commercial,39.67996839231537,47.6825100243038,12.63752158338083,71.8173800551972,26.7140832989157,18.362462787993156,16.985446403338926,0.9483968342333767,14.727270376927567,37.74749499110619,9.0170439810202,2.0206759555636484,153.15851725616847,19.14197853029626,0.0,0.0,0.0,0.0,0.0,0.0,0.0,14.929158494702287,4.775970357969918,49.957190219855214,-0.17959665523847346,1.2699327364047475,46.37081275235992
Commercial,72.8471569997658,18.006485374747896,9.146357625486303,42.2911745146144,32.16406076412247,32.70339164636695,17.420788207576713,0.8676168116191703,36.16100596747779,20.88296430658029,9.225543020993108,3.0071985247433792,160.71623106860838,22.91934886387284,1.0,0.6103528483108598,1.3206971012989595,2.3717798494263245,0.24352725902509936,116.44138300866463,5.080483904680559,35.66176189920483,6.328304366371231,78.3248469653197,-0.2484704217411761,1.6499658862201037,60.0
Commercial,19.37739469287345,43.533835085075985,37.08877022205056,32.53333356289059,28.8674074938298,44.32085581354912,19.015177760209934,0.5503657683428195,24.249594555308352,35.95755207269302,5.371993182337295,2.241045785650618,102.14940528877952,13.332471258700481,0.0,0.0,0.0,0.0,0.0,0.0,0.0,23.841812170258738,4.713479555816752,73.74492301351539,-0.23059578540809056,1.4874246977873968,49.341591587373046
Commercial,43.950661246312,27.45247046592328,28.596868287764718,66.50876466371568,22.514998178762678,27.325295908581317,17.627066714267222,0.605708392605216,19.469580131086808,30.12108504981541,3.3146253211567007,1.7138973779935398,58.42712166882858,18.069367769040493,0.0,0.0,0.0,0.0,0.0,0.0,0.0,19.12527014622404,4.6540534967145915,65.99519376946158,-0.19868886807848796,1.4485887638187904,47.040133776871464
Commercial,20.81283006571632,28.792639913642034,50.39453002064164,45.98481221612787,25.13910539280549,38.977442465346996,21.685615009646334,0.7522320255379693,7.543875454428383,24.5377758721214,6.7339788758105605,2.5764672359224186,146.03047338391883,11.562311976650399,0.0,0.0,0.0,0.0,0.0,0.0,0.0,10.473166504672886,5.209256400259892,73.52281378769042,-0.224858291980341,1.6385879127960692,50.27295243196496
Commercial,25.440567434768155,51.39997276068938,23.15945980454246,31.522519613540247,34.70575367755015,28.756878169386994,18.783191328573086,0.6206426415710316,29.994253459080696,37.18801478016664,11.13537346800216,2.737850087807427,209.15785036460096,10.613397571877204,0.0,0.0,0.0,0.0,0.0,0.0,0.0,27.878455560149906,5.212381384577523,63.335526034094904,-0.2085210593069035,1.378987298953752,53.93507308472314
Commercial,35.36825092888859,45.27413589922998,19.357613171881432,74.26552053902901,7.719862655280149,28.362721026432794,16.35277609926782,1.0149445257085534,29.59977881886114,28.70037745506018,8.035784056752682,2.3067322341996164,131.40737746214268,15.153632723367698,0.0,0.0,0.0,0.0,0.0,0.0,0.0,25.05372197579822,4.374909488702662,50.544563803229636,-0.20889486035595356,1.2574615314158353,41.90129594756243
Commercial,13.201685776644002,56.76156891614608,30.03674530720992,31.88625165446524,25.017344858997184,42.70397527489967,20.3755984350198,0.770445653109632,26.491526244039726,25.97042453012094,2.9021474738998734,0.9528604274637533,59.13299152739093,8.912786945018262,0.0,0.0,0.0,0.0,0.0,0.0,0.0,24.342433486649394,4.90330968946766,56.30932273490528,-0.2032736263466272,1.2397456664920465,52.44966467274894
Commercial,47.70019294526043,24.5024977663065,27.797309288433066,21.548430091473865,13.501930837117815,41.36887366864049,17.973071729253938,0.5607307134476245,22.859192617722723,23.266957308875142,8.51032617206872,1.2586837629342273,152.95670272993817,19.21704166499606,0.0,0.0,0.0,0.0,0.0,0.0,0.0,20.71258600835069,4.721738483586514,55.57150813553845,-0.19373395573822194,1.3219937378346212,44.81711732401042
Commercial,22.841134574005277,54.9374631151353,22.221402310859414,21.216798426045198,24.2027118975851,37.93141535120316,19.920933592349485,0.8148228864768812,20.182454077258043,24.400139784619917,5.699233300100181,1.570303846403616,113.5340480986025,9.669185268087094,0.0,0.0,0.0,0.0,0.0,0.0,0.0,19.00493742166551,4.4334526728736545,56.92469714404174,-0.2041509454531206,1.3387132806933175,45.44212377473748
Commercial,35.61643120173777,24.696503863345804,39.68706493491643,57.33892138725586,23.228707276518165,21.776439859453873,17.677566223139394,0.5590448176899192,25.76448825457973,34.991282748645965,7.506816770909103,1.5630891360690313,132.7022505927191,18.1409949203649,0.0,0.0,0.0,0.0,0.0,0.0,0.0,24.991052222189808,5.6460779885729195,68.00606947985786,-0.22660889151434846,1.5307605831640025,52.08450553675563
Commercial,12.188645283262641,44.833263021041944,42.97809169569541,59.70050364305182,9.603704963244862,29.98527771889004,19.42446245039992,0.5838092485228812,13.168840810494235,31.059380167708987,9.074704385254186,2.6182361606665507,176.27125457984943,13.137357107115937,0.0,0.0,0.0,0.0,0.0,0.0,0.0,14.134092624910764,5.0172472900940015,59.20971232356251,-0.20687084634226638,1.27745184821823,49.14876817160037
Commercial,36.122711068940035,16.22809047955313,47.649198451506834,38.66250230341903,11.202399372207175,19.388608699087605,20.63291502884479,0.6557463908183334,37.94406724621767,36.438421150789694,6.664420866658893,0.8495413865188081,137.50642945823307,9.69322979950828,0.0,0.0,0.0,0.0,0.0,0.0,0.0,33.2796346650946,4.904669284427109,60.79033560690109,-0.20633898143456966,1.2199827094207534,42.71031351164058
Commercial,14.122253810398686,32.234915954084165,53.642830235517145,39.2006593548238,23.648887341296405,26.649251035535812,21.568052450647322,1.0586930084108683,25.607808521308034,24.175432138840144,9.953823720306396,2.8403407980337043,214.6845920840658,5.0,0.0,0.0,0.0,0.0,0.0,0.0,0.0,25.458030138085608,6.057180809527618,65.09603818494716,-0.24354444844455553,1.3057291110444258,54.42253966280508
Commercial,60.022513300669566,21.64467709270521,18.332809606625226,40.36963490359656,8.846898419113224,27.979031170073092,17.566762866598463,1.1009981460164315,15.89173555240318,22.180494329280226,8.943711372482905,1.5164246819787197,157.11205682770708,19.172292867565034,1.0,0.6497309343751808,1.1865448404955892,2.823275958334257,0.13872397735243386,91.10990272497216,4.7521651872483375,15.930202502096147,5.219820205820428,63.73239884591832,-0.19237457032860691,1.2210641536421372,45.02956078292915
Commercial,37.68020019028826,21.51512568521366,40.80467412449808,60.80951280553272,12.955426253909685,39.444121325587915,18.009141705993887,1.037067524065845,20.738794780980506,20.10957555756062,7.765806740203617,1.6370589847834767,139.8555140456894,23.519683550050956,0.0,0.0,0.0,0.0,0.0,0.0,0.0,19.916436933605286,5.195887290208114,60.85270639183687,-0.18867196396669095,1.4587671101648936,49.18312555434799
Commercial,58.67085739192987,16.616230833282867,24.712911774787262,23.488027461609715,30.05736643214007,41.56893605572478,18.785598521715638,0.7171501913216007,33.19896761069123,29.14151667708789,2.6587209741558664,2.2253565354485954,49.945664801756806,19.225162558173356,0.0,0.0,0.0,0.0,0.0,0.0,0.0,29.461959650559706,4.041320724980685,59.784246273094475,-0.20081103820348103,1.246884938681618,46.77817920734731
Commercial,27.273788711694145,33.87211269075044,38.85409859755541,75.74698116147954,14.81274518004916,25.68246205908377,21.563049026415932,0.6770901867207406,10.65656212556041,37.96952474687579,10.195440220027251,1.3829991225351854,219.84477731034045,19.82750445116459,0.0,0.0,0.0,0.0,0.0,0.0,0.0,11.712423867808695,5.000891665296301,50.40087309481764,-0.17804378630274778,1.2523776314994792,39.67855152022184
Commercial,43.60642089520439,27.594494587334598,28.799084517461015,33.35126265064679,19.641804688089888,12.584246687416828,21.408321140863944,0.8569511990136554,15.249246786109115,32.5093748387355,11.294961438517976,3.188072546653925,241.8061617494674,12.396137764722244,0.0,0.0,0.0,0.0,0.0,0.0,0.0,15.02168889161513,4.76098175409736,46.828039133527014,-0.1749941336770195,1.2580404272690053,42.76638916278004
Commercial,17.52963199896602,27.78171286263739,54.688655138396584,79.98039231452553,33.23421005437521,40.438536713048705,16.539269680603827,0.969204554346523,28.78278079577944,25.55110265537263,2.506616361902243,1.0304957041817264,41.45760399531524,5.0,0.0,0.0,0.0,0.0,0.0,0.0,0.0,31.14174157309279,7.17868773426728,91.76862468046922,-0.2591669858345499,1.7389871963747592,60.0
Commercial,16.18645653815196,42.368436672310544,41.4451067895375,30.29136162723122,11.814472665108388,17.751196390544905,16.791578954522866,1.1456923123041136,16.042122226877837,35.78345449447109,6.370652423767736,1.9998323782128753,106.9733131655184,7.306301899801906,0.0,0.0,0.0,0.0,0.0,0.0,0.0,17.220476941167007,5.7304618646367045,70.00015081627662,-0.2020995500349804,1.565728126637335,46.03245697266784
Commercial,19.91401672779481,27.461418250488975,52.62456502171622,66.29278743874265,16.688780520740313,32.52210480838299,18.97305506398383,0.585520962721302,32.737558865151314,34.07100078778328,3.8477761616755495,3.0934401275282033,73.00406898935454,5.7194074258224905,0.0,0.0,0.0,0.0,0.0,0.0,0.0,31.4728986581552,6.105663487218096,60.795435967473104,-0.23716538181479727,1.140608915853013,56.946441520786344
Commercial,14.682662041899427,38.568860484041295,46.748477474059285,33.4047526957775,23.193733266306367,12.824039714326329,16.63971563683254,0.5320397993654729,9.565872051207629,20.277472989377706,9.299756381681211,2.4627785149373365,154.74530168299407,6.047100624940901,0.0,0.0,0.0,0.0,0.0,0.0,0.0,12.864865334306582,6.2166026047532075,79.66310759166176,-0.25272676275574,1.439171811461147,59.97808467315752
Commercial,34.408669448978,15.44627999285344,50.145050558168556,24.850808098595238,27.660167885119165,25.18371368359862,18.073485240092186,0.9513313278469261,31.694015965911298,34.703488649738404,8.9379259960517,1.5892896927751106,161.53947356667663,9.87890602771418,0.0,0.0,0.0,0.0,0.0,0.0,0.0,31.69897981338666,6.360042543919783,80.6535436326855,-0.23780845119700803,1.4767544997348236,59.66848082884712
Commercial,12.818004877372568,41.46103526189368,45.72095986073375,72.49599946103893,32.049601601381156,44.536689969806545,16.890312269304864,1.0409467592775385,7.392310019769818,25.409481630292927,2.5497363262743855,1.936052560996444,43.06584275516457,5.0,0.0,0.0,0.0,0.0,0.0,0.0,0.0,11.306305069878515,6.800655729882015,79.36385367567942,-0.24885144645599616,1.5623597795544182,60.0
Commercial,37.71772351429357,34.32431996691086,27.95795651879557,71.52507555145351,32.46418962720546,15.322888836425502,19.816242130791316,1.050126706913175,5.440741443362318,22.69412236250482,10.647299983878009,2.70807482692479,210.9894745196971,19.740967929907093,0.0,0.0,0.0,0.0,0.0,0.0,0.0,8.40204531961665,5.054738852727232,71.02710815003897,-0.19765043163775023,1.3372832835064388,45.810772333904076
Commercial,45.96565160817665,36.444925724479134,17.58942266734422,44.214223546976086,28.29920223117869,25.981874015988197,21.69697259043497,0.9410013069001544,36.43782315912567,24.073955115267342,2.990703703758025,3.4278040070825284,64.88921628655022,23.433973284255412,0.0,0.0,0.0,0.0,0.0,0.0,0.0,29.119945889957382,3.733234901086643,51.61979209713012,-0.15381151147041755,1.0962757556594926,35.009784935045445
Commercial,37.702482465010974,38.78150876246292,23.51600877252611,62.14376855242561,11.849925097799314,22.135948356268422,21.980402621766288,1.1201102726774717,25.34687259263045,28.434436478752502,9.769849282129183,3.2114745396244704,214.74522077517378,20.21162328510032,0.0,0.0,0.0,0.0,0.0,0.0,0.0,20.503274316035586,3.779808935303333,37.10306090749977,-0.15872160113317654,1.0088930302533636,35.487088727077854
Commercial,55.683004618120535,38.30518374988194,6.0118116319975226,53.42395596103503,5.744279901276974,41.86790807181272,18.25144679498149,0.8321530963039814,17.313941398038402,27.6476226872242,6.026783955908053,1.7245685826324175,109.9975267161039,24.822317932311076,0.0,0.0,0.0,0.0,0.0,0.0,0.0,14.399533876861346,3.612975816357049,42.467569273968515,-0.13890477342612223,0.9203274202585038,30.580747246754132
Commercial,15.088757635983336,53.711583990783296,31.19965837323336,71.17736682042494,16.513217910668715,40.68822356094272,19.594075822687675,1.093979618918538,13.140812293734765,25.19997138873608,4.610995229139664,3.4951342740772153,90.3481901378137,10.346543337430203,0.0,0.0,0.0,0.0,0.0,0.0,0.0,13.911525115224054,4.789981256096065,59.75917937139152,-0.20595034004752633,1.1162419459379016,42.8711918081896
Commercial,34.83547494714773,34.911635039331834,30.252890013520435,38.903358159119264,9.2464655296347,19.844059090105553,21.137605921144488,1.12907788904449,26.591002414128564,23.09992979972659,2.7406318894163486,0.8094625915338574,57.93039685340442,12.212268699783195,0.0,0.0,0.0,0.0,0.0,0.0,0.0,22.45481822897371,3.8872971903709965,47.498150793764424,-0.15369952960269145,0.932198606048769,39.674165158573885
Commercial,22.561953154424994,46.175523604050596,31.26252324152441,51.42034399993911,26.311629423148943,14.67919697266423,16.704772436778303,1.05065234705202,22.815076423785836,33.72015421355905,2.843756817612923,0.8746003406827207,47.50431050376074,8.8206649267668,0.0,0.0,0.0,0.0,0.0,0.0,0.0,22.970641413037004,5.006931513233061,72.0549201991449,-0.22987594091173924,1.49643390207841,51.45791240329476
Commercial,30.024282299746922,16.274156451649894,53.70156124860319,49.12234227227303,24.833917604771504,32.69556700401688,20.13738646631179,0.7013430661181034,39.70592214354948,37.82197610722851,8.280796101709903,3.0243693909622236,166.75359134886043,13.077743477738046,0.0,0.0,0.0,0.0,0.0,0.0,0.0,37.276052974456285,5.428443162859681,60.79689455173167,-0.2360318244253637,1.419609740197466,49.458897087305914
Commercial,28.615352768426455,20.811947058831585,50.57270017274197,41.23434957541153,6.319149248643646,23.10016749216242,18.45306197035041,0.6275401732606919,39.412559532881104,34.000248447554426,7.0547342674183255,1.3385492544492406,130.18144862102497,6.600707828389282,0.0,0.0,0.0,0.0,0.0,0.0,0.0,35.49554767679129,5.512869029177568,71.35948576507298,-0.22057363067601257,1.1927071432705405,49.524064186760555
Commercial,70.21261280736607,16.70174827612853,13.085638916505399,73.48730387338233,30.097813373928535,34.17878489000008,17.236876961680984,0.8562780422381819,27.225859814956337,25.326865418087742,2.3429396381635597,0.9640770246698503,40.384962271670645,20.678325502778733,1.0,0.4585057245376471,0.8122044986405607,2.096574084036352,0.11786917298287233,117.61497675883373,5.687838541037994,25.681947904577434,5.678880949855541,59.215639208656505,-0.22081475102847048,1.4779950197275729,46.72598053481548
Commercial,11.936235996538771,64.61963792566678,23.444126077794458,29.95267547975213,12.462297988735468,13.059951950237878,18.416521712484652,0.7944595877471224,20.50046771370617,24.4065613054184,2.239676464821577,1.440299797738556,41.24705024332744,14.884234649816753,0.0,0.0,0.0,0.0,0.0,0.0,0.0,18.63895518878455,4.723209351831768,47.85704337502596,-0.19013766497591225,1.301883949089813,42.63420078156606
Commercial,23.915123683257498,49.88706734357942,26.197808973163095,28.97051837124177,17.966812264731267,16.40217476085715,16.4557617217895,1.0705429224252763,22.189933919713173,23.91798576918689,1.795416322500706,1.9504704157483226,29.544943194483192,20.06638841326459,0.0,0.0,0.0,0.0,0.0,0.0,0.0,20.914711755838198,5.192848532753814,59.13833960993243,-0.2058878906047108,1.449545410749711,44.60111614699007
Commercial,20.15676729594241,56.8165868114752,23.026645892582387,54.61457211936508,25.038012063672273,34.65028368149723,20.172442891535834,0.5650205861936499,28.88676731829017,22.460511340802654,9.181440821108986,2.772528930170193,185.21209062583688,13.479200293708038,0.0,0.0,0.0,0.0,0.0,0.0,0.0,25.277469891180406,4.630280143273162,59.28693911724339,-0.20509649324810234,1.2187983711436352,47.50891325399731
Commercial,10.335476464619932,44.73972535518442,44.92479818019565,59.449653799096524,17.882563605567597,19.008231624982425,17.516456012490718,0.6675310398524871,8.555109048238348,29.923949894461423,8.830702937522181,2.485705921688255,154.68261956447986,12.00103567350294,0.0,0.0,0.0,0.0,0.0,0.0,0.0,11.420352696296781,4.970063509456795,69.54662787744884,-0.2342151894846567,1.5229183255473235,58.06572087512992
Commercial,20.613410565880315,48.18470594074034,31.201883493379345,31.67715525947391,18.238634083998303,40.30039330015926,17.868433870269268,0.9886693139371605,16.492322583375135,30.897206695160193,1.6427408994003265,1.4415772874131352,29.353207126921394,10.890958169063852,0.0,0.0,0.0,0.0,0.0,0.0,0.0,16.939572386573726,4.900195040393223,57.64816221302122,-0.18787541949627526,1.4754125512008398,50.3530572778311
Commercial,38.09793804959142,28.297071101827328,33.60499084858125,43.443046535277446,6.968839860072212,13.933499294434469,16.726487789448775,0.5617413192352528,7.6345284351261355,32.69904789193647,7.162970831566702,2.158830209871578,119.81134415037819,10.250036654790376,0.0,0.0,0.0,0.0,0.0,0.0,0.0,9.968829720341375,4.819949854001596,57.09583593499555,-0.19420924762872419,1.1923038584661807,42.15402921098589
Commercial,16.3201253537852,36.02919669681852,47.650677949396275,76.79383057872462,17.043306477800115,19.11090543192396,21.18795468333935,0.7084968691141051,7.567626583092185,32.24384067680602,1.931437707669589,3.3007780845761356,40.923214623796085,11.237280020608324,0.0,0.0,0.0,0.0,0.0,0.0,0.0,10.151497168619672,4.945934737359392,56.13162776404492,-0.20053472837481015,1.4617964671095198,53.461968233579825
Commercial,25.11923083879019,29.58436149044188,45.296407670767934,34.79704536144044,27.945436796599505,44.95248820000727,18.960665675696433,0.751651006135089,11.854373466298181,25.261999603100882,10.941203476698359,3.000520997856146,207.45250121144505,12.493330956078692,0.0,0.0,0.0,0.0,0.0,0.0,0.0,14.329568876079316,5.661617021725413,69.37570855348865,-0.22094493554720693,1.5266101167310928,59.63358744067907
Commercial,66.27827879920139,22.111145059783627,11.610576141014985,60.10164212704365,32.45529011559793,26.291511385364156,19.4328812667184,0.9046859677657484,21.983863910762942,25.94559809714324,10.978291610981456,1.6726124190458422,213.3398373876133,24.355886663260367,1.0,0.48746256423854845,1.2347788021396362,1.8210785468447603,0.36108617046043134,90.42793142811438,3.7127751774490054,27.264025271655314,7.632425927967885,103.45012728706546,-0.2916586543563761,2.1596453982811106,60.0
Commercial,33.798859566398406,25.505411229419877,40.69572920418172,64.40896362185545,17.404914111901153,35.19786689697324,19.416596098569126,0.602786219717587,32.46710124069763,32.26726163796208,8.680562887944431,3.4521143156603804,168.54698350344577,12.640916580157212,0.0,0.0,0.0,0.0,0.0,0.0,0.0,29.37421446257236,5.33973820187498,62.74539901733076,-0.22704062740618555,1.3474812561256915,52.793642972860845
Commercial,29.032247165817573,44.195946389080646,26.771806445101777,46.88772196790957,17.707574806372364,18.02788061228145,18.46295868724805,1.059392918727311,21.992356190805538,26.29005753410531,11.18807813583395,2.713275081174854,206.5650244116054,17.642690692582647,0.0,0.0,0.0,0.0,0.0,0.0,0.0,20.26316897332533,4.589463823396041,62.105899116890896,-0.20450298876561296,1.3574207399815428,42.71805556517433
Commercial,30.58544751008227,49.6821073367927,19.732445153125024,76.25155920557498,26.078813189709564,32.12566825452274,17.155179492628836,0.7909024530530782,16.74168136963044,23.827217413147636,9.925983334550596,0.9686132603003108,170.28202574505798,10.882590086648413,0.0,0.0,0.0,0.0,0.0,0.0,0.0,17.096338232431524,4.448282647462724,70.5907230060686,-0.2146793394904511,1.332645992251815,42.52820894464234
Commercial,40.76173857761381,51.73732037727687,7.500941045109317,64.19940411312743,33.283160033158296,35.96150025619081,20.4707964909904,1.0960641127223616,7.882354661786534,26.738050766541313,10.113924335197543,0.8949339258793245,207.04008679110427,16.03089451718206,0.0,0.0,0.0,0.0,0.0,0.0,0.0,9.48367537075705,4.1966960548207775,48.72731330272653,-0.18309560507356754,0.9243903240463451,38.50270653238983
Commercial,18.079732658225225,52.557789324502224,29.362478017272547,47.475474791653866,13.011828207180807,22.37772898359485,16.762337592146046,0.8041154438620555,24.260343311409535,24.897514836403598,7.266786356269265,1.254701462327081,121.80832611378631,6.822070015718111,0.0,0.0,0.0,0.0,0.0,0.0,0.0,22.867155432198544,5.03472455653498,60.77005584536409,-0.20973950379907683,1.480714627108982,53.3386931703726
Commercial,43.11269730176195,34.11546866201148,22.77183403622657,54.16011210656564,18.204326196138105,39.35360469520397,16.62324274167286,0.6787761683114767,14.494400526911186,21.5896289819344,4.366651180377935,2.765210843735397,72.58790253963474,17.22738396969135,0.0,0.0,0.0,0.0,0.0,0.0,0.0,14.985527998673328,5.171392569522074,71.84161823220404,-0.2021593668981459,1.1276613689479622,41.32605398538781
Commercial,30.911238215335892,51.51310980084408,17.57565198382004,61.55680660550604,28.879197306569033,31.912780089585347,20.26087022557902,0.5921887386469886,26.52269622710016,34.94250024097976,3.3957902662806374,1.2960950997745555,68.80166589839642,12.181409110119626,0.0,0.0,0.0,0.0,0.0,0.0,0.0,23.441110894198395,4.449077292717745,64.85783878133017,-0.1877827294258868,1.3361928788411626,43.7922766706684
Commercial,40.05986887732412,20.206544642828,39.73358647984788,55.53141082575309,23.290807081221157,24.841059317295997,17.253022122711904,0.5024343115623351,39.201570869634644,35.356005004826656,4.599200242428221,2.1810142768638503,79.35010352939605,12.756220924350826,0.0,0.0,0.0,0.0,0.0,0.0,0.0,36.35380396566673,5.678720395580854,58.98580136182387,-0.22735360055342424,1.4466580463454715,53.7061358398485
Commercial,33.85087537158582,22.67485526263482,43.47426936577935,72.72185502956455,8.317590318918642,30.402198980324233,17.840636508116994,0.8459023652401432,8.896001251714257,23.95550540300383,7.913449730979683,1.0518023244882457,141.18098017566473,9.412433269991437,0.0,0.0,0.0,0.0,0.0,0.0,0.0,11.229529699842498,5.220874880779488,65.80241046729093,-0.2186387025721516,1.4812758714903822,47.82776946939253
Commercial,45.2635602964886,37.49696375204016,17.239475951471242,41.41331973682407,23.831982066867972,31.0331079653855,18.85136480201044,0.5696518530025002,12.424388955267897,21.16589959145363,2.8992218941563883,3.2863926261415273,54.65428956871778,17.04193125366012,0.0,0.0,0.0,0.0,0.0,0.0,0.0,12.994761916273902,4.5435755612016155,54.93410313862,-0.20802237948923402,1.2952938541633918,41.49882704752182
Commercial,34.59371226831915,57.93391589771348,7.472371833967363,37.993144403348296,10.602388537919808,17.46266465889758,18.696107900377278,0.7546230463602659,21.558308833478115,33.29889387232123,3.845042603010538,1.7286936566756324,71.88733138743252,12.610854121337422,0.0,0.0,0.0,0.0,0.0,0.0,0.0,18.001489956464688,4.156070649401128,50.63161959120571,-0.1689666309539433,1.01469035299897,35.96661281674924
Commercial,15.786217763770097,36.77614720796815,47.43763502826175,32.83033336971586,20.306478022352124,25.29016820560988,20.251474750389995,0.8830266448041063,38.90148353710753,23.807515265541447,6.148669490750109,3.251956552713703,124.51962494041915,8.037420804086816,0.0,0.0,0.0,0.0,0.0,0.0,0.0,35.51943009461974,5.179089507175927,62.45913716628044,-0.22704829762486334,1.4742267979757664,50.31804985804759
Commercial,63.94411690230712,30.55789603747771,5.497987060215166,22.266978083875706,20.873098029813153,23.33320940464327,19.740590760660165,0.6791958329867551,32.01334216944984,27.081838809863484,3.563551083770771,3.35116423315847,70.3466035994258,29.537022789919774,1.0,0.47479467829092464,0.8213311265294331,2.5430495100357877,0.08192506870430954,83.82956208258281,2.8381182043571327,27.697113851784884,4.518946294341761,52.17529801524919,-0.19545005391952786,1.2581661028335527,40.30843199187338
Commercial,21.257634738294396,26.886740565632003,51.8556246960736,22.58083786280332,31.286100866749546,25.22978984511116,19.866376973691196,0.6138957900379749,36.43802176069906,21.1544345402729,7.475080366876678,0.8165473477469382,148.50276447700998,8.497389819074257,0.0,0.0,0.0,0.0,0.0,0.0,0.0,35.62843127011081,5.923382250485075,70.6587360882607,-0.2557530286519947,1.3364267784702737,58.60374788414159
Commercial,18.679623140490953,44.93938316037376,36.380993699135296,72.20331158655696,18.874828220373146,37.116649420013516,20.284325983932746,1.0035690546960718,16.68001969665275,24.072852525651832,11.154936313019629,2.0531650054365764,226.270364503299,16.07020485531257,0.0,0.0,0.0,0.0,0.0,0.0,0.0,16.645130243452723,4.625523257602287,55.56729751882335,-0.20314003171206407,1.2594697890069035,49.160411179580876
Commercial,20.521408396433486,58.3862598435005,21.092331760066013,60.70358878435444,13.383272667076827,27.9237674464002,17.755676364540793,1.1154142619830534,39.72134658225081,34.272241009933445,9.228983022734392,0.8665713504086109,163.86683572551328,19.01044506550584,0.0,0.0,0.0,0.0,0.0,0.0,0.0,32.234894576606976,4.562960248927156,58.1248296236734,-0.19258306395197147,0.9892392673546052,44.13974697341032
Commercial,19.539679855915313,63.13642466524788,17.32389547883681,59.63194492618916,11.928990446480947,43.030433056895724,17.933999870802843,0.5652862716102779,8.599148562245508,34.479136044473634,8.330692755638044,3.253470469017846,149.40264280331087,17.12182071559247,0.0,0.0,0.0,0.0,0.0,0.0,0.0,9.876492734111608,4.038857715038873,43.91101121771347,-0.17595883544667967,1.096387079154093,37.392960499941616
Commercial,64.05134109377138,30.498375693004853,5.450283213223762,56.87856913609316,31.227556300530082,21.691321640828395,18.627986487373324,0.6011337108502551,6.854051711613529,23.727526847978787,7.409936235821567,2.199700370783355,138.0321920731821,24.47430198308337,1.0,0.6414995330162723,1.3984286760882878,2.3494912883576586,0.27824210179653586,99.82146132194366,4.078623422679847,10.888937968817157,6.3174503779944216,75.54973740558158,-0.26862920976991284,1.5377146291352788,57.69987334030152
Commercial,23.333106121021984,59.89332302843416,16.773570850543855,70.9531486816463,10.130325632546851,25.718218083402657,17.844773038201158,1.124008227214267,34.94609194689099,26.04644921192041,6.367427001827714,1.0023488342859415,113.62528968492923,14.000558885960904,0.0,0.0,0.0,0.0,0.0,0.0,0.0,28.231949965130816,4.215024043794743,40.15450054476058,-0.18286720799832,0.931328529382102,38.885758326535665
Commercial,43.23828122364042,44.87530370050253,11.886415075857055,48.81601553993765,17.77605682649431,37.969574745808366,21.909627213825182,0.52455974417796,37.45427045724452,22.416291543687386,3.0522024559812566,1.0977471663467306,66.87261799167099,21.59347783327643,0.0,0.0,0.0,0.0,0.0,0.0,0.0,27.781528592230398,3.74152730674367,48.8842417690419,-0.16379723786450215,1.0957069954036658,38.28807763358579
Commercial,27.787173804205686,36.60451515963704,35.60831103615728,72.22464971349802,10.615193447808409,30.01881157958476,20.88431155852858,1.1354610187578067,8.17048751411356,21.335107345128602,10.841815009695521,1.8354743661303956,226.42384252241283,10.121545135262533,0.0,0.0,0.0,0.0,0.0,0.0,0.0,9.946592128454599,4.413756405101914,62.85829726454855,-0.18868829127323225,1.2938373336611506,44.996648159437584
Commercial,45.746181027612025,40.92653954269791,13.327279429690066,41.56670157093435,28.19912120343126,30.051928832006777,16.98792812953618,0.5030189140052427,8.969959936104452,37.85909086007137,3.7338960221411996,3.338632320756802,63.43115726729573,13.211348603256745,0.0,0.0,0.0,0.0,0.0,0.0,0.0,10.93029313051474,4.759264315713199,57.65159580582662,-0.20870576120249262,1.2578001310280758,48.522627741154544
Commercial,48.216330402099906,20.35217772106913,31.431491876830965,75.60245026034544,19.231179199238568,13.760225379171056,16.033564935291217,1.0678846261733654,6.161095521452084,31.800691122407105,2.004397653359768,2.6708547092338186,32.13763993128918,19.991282976806332,0.0,0.0,0.0,0.0,0.0,0.0,0.0,9.113551364353638,5.171347579301939,61.81502179557734,-0.20270485728753004,1.36493567770073,52.13047284347041
Commercial,45.13871803903201,20.355460843744453,34.50582111722354,61.919418804874404,15.534310716704361,25.15378886970904,16.256699609483608,0.6997613676420371,8.657764692495343,29.757737165569736,9.250166971515647,3.1425709387106577,150.37718579349658,12.14635695230423,0.0,0.0,0.0,0.0,0.0,0.0,0.0,11.176416333703362,5.297666303619233,67.66078739711763,-0.21165166199018937,1.341363262442091,51.74694249840653
Commercial,34.85335110122338,45.24456398143089,19.902084917345725,35.430628161465634,15.832989218794005,20.93421316991717,17.46438070625755,1.1100827578152428,12.329693588009832,33.77897300729539,2.93177087764283,1.7894329451179452,51.20156275067321,13.086357201954652,0.0,0.0,0.0,0.0,0.0,0.0,0.0,13.04203051810346,4.601028022982907,64.79598051027313,-0.189960543581847,1.2490717443976187,43.96995211684348
Commercial,11.048696711499536,82.19805583756454,6.753247450935936,53.84509530131751,30.56642620168938,44.978059053426804,16.68574771502114,0.7060144376131305,38.952681661850036,35.121388874379036,5.090855994952936,0.9166769887849955,84.94473878528763,13.700721090307505,0.0,0.0,0.0,0.0,0.0,0.0,0.0,33.07614819362907,5.268793908691562,60.59512151000001,-0.2036909050458394,1.1460290365354344,47.27309370876829
Commercial,39.05673206866402,54.08057390062618,6.862694030709805,51.981833689295335,21.613218628833142,22.175717330866238,19.200028689355435,0.9252991089971363,28.375107778388816,34.5208658248051,1.3111342112007769,3.4306576204519184,25.173814470650324,19.393708279569445,0.0,0.0,0.0,0.0,0.0,0.0,0.0,23.001750849282143,3.7350516336113886,43.6886117259611,-0.16170615983157752,1.128930644314287,35.79445603737849
Commercial,51.63496849447383,42.04766489583029,6.31736660969588,28.27392930382004,26.53603553393791,41.188385648197496,21.14797133636415,0.5520211703478588,32.24935589314897,20.29771008721778,2.507747367944929,0.8463670747883978,53.033769456142004,15.262684528630434,0.0,0.0,0.0,0.0,0.0,0.0,0.0,25.537897173113535,3.986494123488706,37.78526411272039,-0.15749946035545195,0.9713561576706626,32.902292970625005
Commercial,28.430648541421785,29.6131181017509,41.95623335682731,55.47457434503685,31.911155487520535,34.315713256335755,20.420501325479364,0.6575143774449304,32.16487912920327,23.362542167428973,2.905239938359033,3.358659463318941,59.32645601209622,11.846341325781006,0.0,0.0,0.0,0.0,0.0,0.0,0.0,30.532924243334154,5.021835055115771,61.88982904882302,-0.22498660595093647,1.3977954890255126,55.4364982228407
Commercial,45.23696726899349,33.862547490291604,20.900485240714907,38.88713742301748,32.05225028121926,23.250241503338984,17.29365437849314,1.002891575211513,23.72758124227251,31.788295438120958,1.5985114052519576,1.7954290443926908,27.644103762506738,22.705218961497188,0.0,0.0,0.0,0.0,0.0,0.0,0.0,22.4458323028384,5.128407956925959,62.26041647398947,-0.1904956278339033,1.307640616215904,51.81170237827656
Commercial,14.650774552044826,40.534216149571996,44.81500929838318,23.140926008576145,14.855271630135894,29.93663448634608,18.395795536154715,0.8436458048912328,32.9121142199556,26.763668260471334,8.223226522851297,0.8272440935590801,151.27279376185695,5.0,0.0,0.0,0.0,0.0,0.0,0.0,0.0,30.83490963040486,5.071869008050127,63.40931025444017,-0.218172083859384,1.350995271097878,48.965103012366264
Commercial,41.30093571914523,32.11242308871231,26.58664119214246,76.91936946239389,33.57353789439156,39.737684038323394,19.047365257187664,1.103179890161579,25.853263633648936,37.68468771909993,10.20708575383429,2.6607245256561725,194.41809056471843,22.976171940999034,0.0,0.0,0.0,0.0,0.0,0.0,0.0,24.086097909858527,4.937149119220118,63.045570679038335,-0.19755735265694843,1.3456345407345052,50.606054903731184
Commercial,18.648571491841686,53.70152346666012,27.64990504149819,58.48942214385727,5.746276460438163,41.1511538350201,20.861235097020014,0.7786884154218803,16.009113416117515,31.977286267488573,5.106469470025351,3.4474588208846564,106.52726012995404,5.828290073974276,0.0,0.0,0.0,0.0,0.0,0.0,0.0,14.974843466025831,4.104110066995632,47.155288567678845,-0.17181973603609976,1.0002352986609007,44.462698589944054
Commercial,43.290144025492744,26.06572584902857,30.644130125478686,72.61513591225082,16.305066830484968,17.292997875202794,21.034729618636987,1.06537803777905,24.638853806894026,37.21788035712572,10.620341243900208,3.4071894516615,223.3960065230997,26.16909568838029,0.0,0.0,0.0,0.0,0.0,0.0,0.0,21.089756560852027,4.344996340526434,44.76144894830302,-0.16827373057351697,1.1344415331020847,39.90115892231118
Granular_StoneColumn,71.84960521390828,19.710393076246724,8.440001709844998,31.883187157593028,4.854516203556842,13.394239409405015,19.530117699144387,0.7984325527804923,10.592523719594313,32.39466022046687,5.667494735040956,1.1831454659487526,110.686839234631,27.078587945876237,1.0,0.5137062948900646,1.0579638486710712,2.8488550972093973,0.10831555189503944,114.3195167184025,4.221768023757386,12.14236783745459,5.1925798689051605,55.36522947651196,-0.2002010750094696,1.1105975813343099,46.863163854767734
Granular_StoneColumn,76.45572875665498,22.294732496668075,1.2495387466769459,36.02311194602315,4.548889990381166,24.630977164078388,19.067952906020928,0.78746230189996,7.230334215166216,36.58050688532403,8.421921749402111,1.3300348696088704,160.58880729579283,28.531815217534884,1.0,0.4749436320572152,0.8583346507558549,2.678543760492756,0.08065024291592317,125.21512153996972,4.388613923975502,9.418422981590759,4.757667851453009,62.39268999535456,-0.20407337429774586,0.900249897449372,50.18804110419259
Granular_StoneColumn,84.61515169449879,12.601144753747878,2.783703551753331,25.291820695374582,4.3707753419861035,24.92773180937408,18.597564092009172,0.8147816871186524,3.9217323316790464,36.64834057532361,5.921390312864281,1.4257836178000765,110.1234358572957,37.91326911655826,1.0,0.5426764492695761,1.033757149063177,2.690244582116347,0.11596939792305308,125.12266021295763,3.300234011166067,7.038579170599385,4.565905472824008,52.9630954048381,-0.20232476553754847,1.130710154208666,39.480932621770265
Granular_StoneColumn,67.28268114048728,29.427396099048927,3.289922760463787,24.201058403586103,3.9143677680850426,11.133938127424019,18.922536748364863,0.8401763867574855,12.036691318978914,36.03063635817338,9.806558393459849,1.0633312805038655,185.5649615752299,22.878076650697754,1.0,0.5972667705267909,0.8090644673526227,2.995868087081699,0.05728102281553975,89.34498558793666,3.9052664676342776,11.929214974889534,4.122513303133348,40.570491232222885,-0.1707672214100941,0.8356599122152668,37.351444946730254
Granular_StoneColumn,83.10805760663713,13.023978588690195,3.8679638046726734,35.67833857693097,9.537678922566666,24.04669634217636,19.480268033677607,0.6817211844225819,11.718314323319074,33.751457682742064,8.150183149254143,1.1052460775826425,158.76775227103337,36.89258074724491,1.0,0.5896528880274662,1.338963839066076,2.7630318418359794,0.18444029081054003,89.85324124757425,2.4355368864858926,13.727560542817718,5.427989176225524,67.90556442517678,-0.21681382286591802,1.5763543248143292,50.545076128444784
Granular_StoneColumn,92.93674277536694,-1.4177936546245018,8.481050879257564,33.7174491046288,4.009326247343072,14.34173791456554,18.876883036873387,0.8351006400005172,13.951230260866812,34.93814025296529,3.108499416832247,1.4584436378174477,58.67877991173146,31.578448737323058,1.0,0.5304319705700318,1.1162263980972087,2.794981683786184,0.12526695688102255,84.25313034854757,2.6680579229646417,14.824358821898883,4.789995748031307,59.692313934908704,-0.18646229823356952,1.5010781970295397,50.14953372609124
Granular_StoneColumn,90.51088362973552,1.9296296728835811,7.559486697380902,33.61955858423528,4.430826423358753,20.339261226264473,18.53724108393558,0.7669869845028449,11.766384252064347,32.6626062278523,9.159899840925855,1.2471070754456672,169.79927165594574,23.431297100767264,1.0,0.5125172057636349,1.3098813564814122,2.94168661885219,0.15572595150911653,99.19481810841809,4.233432647020209,13.872603306691884,5.633663026319481,59.76732908485988,-0.22930811931844872,1.2512115934985122,53.298676766882714
Granular_StoneColumn,67.0302060997395,29.922393324797365,3.0474005754631337,31.05269163658388,4.7238600678655,15.071663811041983,18.29115687222908,0.5712004570924236,12.944339306928022,34.82952239875492,3.705633494079903,1.0073770902810006,67.78032355120187,25.782741331951875,1.0,0.4892354582927905,0.8359428206020183,1.9813607998186726,0.1398028075007009,108.41051526446387,4.204770697913086,14.639849064757113,4.873322706759323,69.55237014812427,-0.2282916904407143,1.5428315062517144,52.859234495286934
Granular_StoneColumn,94.80169636217204,4.184980985992656,1.0133226518353062,31.271566855530978,9.531104111912944,24.51631485059682,20.199417344773913,0.7545349363637036,11.951455414847995,33.46294311560243,3.983666069260601,1.2982170833474296,80.4677334952099,36.568045508690965,1.0,0.6516684819065328,0.9364748662837524,2.3972728517736814,0.11985252803033472,139.873871165253,3.825030001453313,12.465825816733206,4.338320475887661,56.03516500957303,-0.1824042158744842,1.2376583259847669,42.57802984565849
Granular_StoneColumn,85.96180771111638,11.466709221762851,2.571483067120771,34.713950106125075,8.289998935207592,11.522557874553032,19.100782439379763,0.7560149978814545,10.568246259747797,34.094581918964494,8.141446804277356,1.4944572933236278,155.50800415028542,29.18271976610455,1.0,0.4657981317054257,0.9556279971327084,2.496680428308945,0.11506459082190813,105.85960052409017,3.627475484551823,12.457263016180786,5.251211446286513,60.621233603992835,-0.19903485638199653,1.1369629703811222,46.03561063280503
Granular_StoneColumn,69.86842472942071,15.365855581300242,14.765719689279049,25.400049622423907,8.527896012208604,17.46620225434564,19.563020804357325,0.8217581691377581,8.12359673029211,32.975602450422194,9.054779916013363,1.3940721386822401,177.1388478758463,19.361810813070576,1.0,0.4407780374086232,1.0320148967832727,2.1951308750669494,0.1735965049947919,123.57455531044225,6.382386260432871,11.548343845948722,5.794052493897051,72.30665092072496,-0.2569824854248854,1.51726621774061,60.0
Granular_StoneColumn,65.37248267508271,27.599313078045206,7.028204246872084,27.055369317139117,3.733307816769486,16.42071687913112,19.226025902842014,0.6618796397410276,13.825407703707334,33.380326206481385,6.754447395296892,1.3474446819308417,129.86118058136182,24.74557861154919,1.0,0.6101604227793449,1.2817198234385276,2.8072840126734064,0.16372061944855532,121.60382157635208,4.914163596061458,15.041879548604525,5.061487007423356,66.15546193846022,-0.19644338051008958,1.2674343518806988,51.65024243874516
Granular_StoneColumn,70.13847908876454,16.851338340703773,13.010182570531686,37.4327354104011,8.854169125109703,14.890351784169773,20.18141629589491,0.7254734500815454,10.811622862889639,32.459411850920695,5.023348130620454,1.0248279925597616,101.37827982325686,22.07547976619742,1.0,0.47591721159385425,1.0319347242388957,2.714903545974868,0.11347116792920593,92.26891701503477,4.179701550872723,12.64480494003446,5.042784795293383,69.91720969523585,-0.2110586700232845,1.4149956139305842,51.57456203972746
Granular_StoneColumn,90.14527762057216,-2.8765646206048086,12.73128700003265,26.177304020243156,5.857351572721926,19.68300986320223,19.36733713112053,0.5536562653035227,7.780263863590909,37.51940819862153,5.459208816772229,1.4256838708104045,105.73033762361335,32.51916748470774,1.0,0.6464495099150439,0.9227921177877962,2.665059689409749,0.09416375162400707,83.51042908696618,2.5680371161481084,9.221746964380793,3.932676153503486,48.317458186899685,-0.17914972192770914,0.9075534356043412,42.8618462067111
Granular_StoneColumn,65.64917974835491,26.678026889701982,7.672793361943105,30.92619142758598,4.839761183486721,11.965836151325012,19.201953544872783,0.6496225726544008,4.001631542183487,35.18246412785242,5.400225307172392,1.2154733061213279,103.69487548017064,28.68412343357878,1.0,0.4647610515230006,0.8389941562032611,2.9965793277098003,0.06156816285753957,112.76040509201525,3.9311086271513327,6.893359075368426,4.866335727099047,58.62880813276165,-0.20159211985207096,1.1423849192088975,43.906484317912714
Granular_StoneColumn,71.9944191085426,17.405265264549246,10.600315626908152,34.05278928013368,7.0302505846421735,20.749936272005453,20.311502476054283,0.5686731178476343,6.488458270852585,34.38045182757644,5.2867467266665855,1.4335740132431734,107.38176922896022,22.255300604428978,1.0,0.5956806886011058,0.8476950490116125,2.111257648090069,0.12661545005348457,122.01833553886857,5.4826640047533655,8.989921060830115,4.4881703255035905,62.05027435281376,-0.19016736006081186,1.1557623476501764,50.12344483905719
Granular_StoneColumn,87.71916786004627,9.389551983763045,2.8912801561906845,39.99849653666353,8.755280340717137,24.70888185707181,19.799223990113386,0.7065618918294692,9.524720817961978,35.2101752766127,4.7003677027515485,1.0978966976549276,93.0636329826726,28.29544252007441,1.0,0.3657881521998676,1.2560283235765863,2.6825487020105054,0.17218428693492385,139.89510741117536,4.944086218546529,12.985977987342062,6.163484930300061,81.98970312734606,-0.2520465924556277,1.677212081629346,60.0
Granular_StoneColumn,82.58331607694406,7.090733349152318,10.325950573903624,28.70582662990664,8.450565057524365,22.068380717029452,18.278874768367142,0.795234295152086,6.307624440194335,35.76975937088932,7.262069662404631,0.9372306315812596,132.7424619182525,32.041637441515654,1.0,0.484947008038612,1.0668817946219797,2.4616853698870806,0.14752220695649473,101.51666313687025,3.1682732607584314,9.443276926891938,5.468712694864483,66.70128146867422,-0.21848537539661209,1.37737045381138,50.992856094207035
Granular_StoneColumn,88.48207131080575,7.432160000244907,4.085768688949343,28.561857532498877,9.229982378067925,22.90025129364318,18.444261152992034,0.6119328076387207,5.654824175014825,37.5312727602161,9.302837229955472,1.1855855811958476,171.58395933307574,27.962423689954452,1.0,0.470130561238643,1.235708673200009,2.175587018992651,0.25337814567686034,133.78187372486582,4.784344705174008,10.161778968763288,6.287209204813627,78.37648706393301,-0.28033294137579357,1.7073092480800478,60.0
Granular_StoneColumn,87.38451511480363,0.13455343388410412,12.480931451312262,36.851767588673354,9.496925302108107,15.394551147685037,19.967807157348606,0.7082323136673335,9.328722169054167,33.07215771371788,5.149576891583388,1.0619025628907266,102.82575831307577,25.117289304407247,1.0,0.6358375587465732,1.2093722730582184,1.992704244867751,0.28928386040286697,102.91594735215119,4.097414577857845,13.240954825662982,6.406302087394469,78.42025823777033,-0.26670641080418717,1.6897156542482243,60.0
Granular_StoneColumn,66.51804161365415,32.226096389712204,1.2558619966336488,36.11006222519727,4.666854499994247,14.87329909721828,20.089628302949887,0.6112025909532302,5.037844150748815,33.773314991811304,4.306860082229885,1.329137573865779,86.52321820481056,21.796181747307536,1.0,0.6884693911299085,0.8812174770561547,2.8750606044810567,0.0737839799363038,121.36470250583076,5.568163447748037,7.047963860328216,3.619516160316193,47.94953646666761,-0.16454938796936422,1.2120468835826947,34.35955566524074
Granular_StoneColumn,91.77534257282454,-3.372422666103704,11.597080093279162,34.621517634690974,5.967005259184901,17.755725320352,19.36297707272574,0.5862065403538722,12.60492075990124,37.854736018064685,8.870043664599974,1.4742639317136195,171.7504521117255,32.51770692696256,1.0,0.5113084468425364,0.8857327605153603,2.5145465792494144,0.09744867265939665,115.89517583102312,3.5640636066784537,13.41117980129831,5.1226651966529175,68.31994603721812,-0.1945622833094543,1.1615777799065132,49.62031813158544
Granular_StoneColumn,71.81095502846806,26.68999137300265,1.499053598529293,29.264592748180576,3.10239977443549,10.68589922143409,19.386138069666597,0.7032990375803028,8.812417816111896,34.22715791989115,8.192483316227923,1.3145844906909383,158.8206127018346,28.932432430925665,1.0,0.6386926970038153,1.2532052092604804,2.7899206051689536,0.15847128352760922,83.17872759815582,2.8749303328276916,10.90447657713628,4.591068028559638,57.7258401475661,-0.20972481116594568,1.1548902467016962,48.07650095107977
Granular_StoneColumn,81.60177320689291,5.180388239692451,13.217838553414634,26.478782403214318,9.15525161485542,24.18037201684799,19.579832407128613,0.5737445862849183,9.886353287551803,32.135369904543964,9.515859220919374,1.4321603578255222,186.3189287554308,25.221952975067502,1.0,0.5948931453350778,1.2327609760912503,2.4544139808018537,0.19813080553303655,84.70330561821551,3.358316689510393,12.572616037596555,5.35036360096792,74.1546049920291,-0.2439473399917684,1.5339718470699684,54.121653327571735
Granular_StoneColumn,84.32864469583336,11.108287532141583,4.563067772025056,32.17460965169697,4.082005060323373,12.156777595242882,19.0977894357066,0.7262063893413968,4.7685992111681825,32.885860955822956,4.158638149234367,1.1718144081607238,79.42079571337453,29.880117244211522,1.0,0.6885850956822925,1.0268184601245862,2.0639724967848236,0.19438797932592963,81.24584538346765,2.7190604614915586,8.02237894594648,4.766615450425526,61.51166979581228,-0.18412679225254228,1.3229419255489052,50.53188808821147
Granular_StoneColumn,70.05884632655287,20.12525320098851,9.81590047245862,37.52446586263282,9.03032368639886,23.545195587521384,19.70049780870976,0.5594012382030179,6.894916027552409,32.158032210491314,4.009759198816141,1.362984442317181,78.9942523097312,32.006213527576904,1.0,0.6338879800199886,0.8464533579997041,2.20505857572039,0.11573259323216853,102.25004507563938,3.194693586216927,8.925533673001288,4.058059059318369,54.67220213151414,-0.1971910706974849,0.9697825315096137,51.06439088847998
Granular_StoneColumn,94.28693770102923,-1.5994718803334287,7.312534179304198,37.67554916417173,5.305711253906175,11.253733330005335,18.27120314391604,0.5820144915605127,7.921076199133835,37.93953885452437,6.790005760134977,1.405826062003022,124.06157459178621,28.375875543993878,1.0,0.37711732308730567,0.8072588130190713,2.257846610968256,0.10039835628641378,124.74806292596065,4.396271851860627,10.61449803893568,5.728725405463702,74.23665875340092,-0.21449211068886684,1.6431878056840001,47.244569631357
Granular_StoneColumn,79.64467868261927,14.860774138445644,5.494547178935084,22.16996690140877,5.576935129867968,22.3393739151784,20.403198105918467,0.7149992456462073,12.698553966198036,33.67322509394734,7.301035583845667,1.3265253765501255,148.96447539556323,20.98640928035721,1.0,0.5996486028337826,0.9728941696770469,2.9675217750044425,0.08441764921117625,90.36532363944336,4.305897327754072,12.868727029719551,4.495909973850176,56.7210210872717,-0.19576517710409072,1.0576257980325243,38.15655815801225
Granular_StoneColumn,66.7292808679218,23.589091634325754,9.681627497752446,28.567005676263015,3.2739257813870157,12.279437888173227,19.875387059487306,0.7274222238696741,12.24191427703383,37.54125654161736,6.361214093017127,1.2046663716417387,126.43159226698089,27.65026702913302,1.0,0.5374249003978308,0.8055333641523362,1.806759934057659,0.15611910213572247,116.35117810303375,4.207958569819351,14.065930738353517,5.323567686625278,58.123166198185054,-0.23753212682097619,1.3390995631991722,46.82431658590609
Granular_StoneColumn,93.1178613433352,-7.3307060516037765,14.21284470826857,29.29443912397499,5.288151528357237,10.57197421137209,19.577935510022517,0.5586960790281275,5.6757296974521765,37.975317654558296,7.192766454267129,1.2755196657692207,140.81951778029517,30.611564699316787,1.0,0.3557526202763145,0.938043572662222,2.9827992276294086,0.07767618038111027,97.32966680186468,3.1795064302621863,8.65875478556323,4.869133490872306,59.084993072045876,-0.20760950924299326,1.3390122161918865,47.93502356668769
Granular_StoneColumn,82.58803529579805,16.792918493582622,0.6190462106193279,39.55230735047506,9.21854577960885,20.79234175389113,18.790805142523702,0.7220130364004675,10.394148979284093,35.59904732685869,4.262658382125499,1.3203041974073282,80.09878304766559,27.514486627551502,1.0,0.43795953555390527,1.0517004441268032,2.9765539621317965,0.09804974654790113,127.81955743874433,4.645536701046525,12.220794173316946,5.285707828330667,69.31083877105051,-0.20464900266467684,1.511641297810052,48.79865175099565
Granular_StoneColumn,85.9757959394413,0.24141122231213785,13.782792838246564,33.55996030485169,3.178831807851229,14.203979502616424,18.402388718641824,0.801550757597091,5.9214762932639715,32.19917789039337,6.357296279148583,1.0518506419328562,116.98943732846753,31.4573064055894,1.0,0.6726143357594125,0.8728494591871725,2.9953809486361638,0.06669057305348487,127.90376894017945,4.065947900658565,7.540840432708827,3.5531500503915954,45.44050600363025,-0.14323570935038576,0.7385555954782699,33.525214252163266
Granular_StoneColumn,80.75527369802673,10.10850147665807,9.136224825315203,28.14492834524141,5.844292311327077,20.717442291765245,19.023357409572363,0.7666948531881862,14.858965868282944,32.48954978232156,7.606647926577675,1.3857475565489907,144.70398219606966,31.742735290575496,1.0,0.6741214804753635,0.8625666546989278,2.3719058147035614,0.1038676562538723,126.52487089798541,3.985947327467743,14.136906159386728,4.432454631450227,43.2770995602801,-0.1682696500544761,1.0914271548758236,37.569750406349314
Granular_StoneColumn,90.04213864330903,-2.151853154844815,12.109714511535785,20.52115771971186,3.219797408689188,18.326278757092297,19.653941851435146,0.5893555311762396,14.425486537570448,34.889534330647265,6.028945144740926,1.4701947233803638,118.49253730023041,21.46754251007028,1.0,0.6295976610702221,1.337862461431242,2.9565707635451997,0.160818594334584,111.4900108280826,5.193422152339206,15.36962618634938,4.78502928715349,57.33237315707273,-0.20928071844309043,1.5645074604557896,48.85069352634885
Granular_StoneColumn,65.99400386579633,28.247871832689505,5.758124301514163,31.30770320198392,5.596463975763455,11.632110853450984,19.584274358557778,0.7277423942690845,9.759176646247447,34.43703207746891,7.756131350716185,1.1791435891079616,151.8982043334371,23.234595660233524,1.0,0.6936228611472963,1.1512820174137335,2.274719018219793,0.20118602338037064,97.0740026047911,4.177994057840878,12.04520006504223,5.045654974363282,69.1902310060518,-0.2252879726458994,1.387149627166553,48.99958877887574
Granular_StoneColumn,73.05135095831443,19.871004419121363,7.077644622564206,21.921519512767123,4.208484485462038,23.981951099517456,18.95660288766393,0.751675750022264,11.386830862729715,35.63706383469061,6.1583389638768775,1.3206403098659265,116.74118618584171,36.626939548620484,1.0,0.6322908286184716,1.3606734120576687,1.831553328802064,0.4334694969796959,128.56664263271807,3.51016612955205,16.77296255410242,7.727484715835376,102.96646168730578,-0.29500987931766454,1.9017599224835822,60.0
Granular_StoneColumn,79.08945069208076,7.87778803090178,13.03276127701746,36.68899914695526,4.765528752878604,16.784712621452165,19.533215984582824,0.5611693605256876,12.61716458650374,34.633086858268186,5.33519706589594,1.3422155434742125,104.21355660845796,30.06468265966027,1.0,0.3535714655498358,1.0074956982714076,2.0692166236461174,0.18619343529635893,91.16603371635449,3.0323298186239582,15.946638313225348,6.509194908520545,79.39946013360542,-0.24863010025924,1.6008063892268662,60.0
Granular_StoneColumn,67.2981084894113,26.47917196344135,6.222719547147346,35.05037321140724,9.143188612129933,21.01670916698032,20.03437073891887,0.8066043006050868,11.651981040538846,37.604461095628906,5.125235329609646,1.297348528512888,102.6808647176047,29.151353015733925,1.0,0.4507420191055291,1.2062869623974979,2.9343554939248615,0.1327289611756721,97.38557612171937,3.3406880315008785,13.674312638548637,5.508908244468378,81.10548963319073,-0.2320327266232905,1.4237258128606198,53.519143689312045
Granular_StoneColumn,86.17720007979975,5.802906418963978,8.019893501236275,29.210183198163577,6.052344544353237,17.515308580234375,18.065711930844017,0.821880219186949,11.39794429298905,35.20843829248106,5.876314412920117,1.2282690649971812,106.1598033988816,34.75278863700651,1.0,0.360718463783217,0.9228150047730742,1.81651763200248,0.2026935555190513,91.0368623696373,2.619555608055484,15.055762735473733,6.052455780481585,85.89915272952267,-0.26242694668491967,1.8699038744393706,60.0
Granular_StoneColumn,76.80990242166922,22.887173732065786,0.3029238462649936,28.584215590833995,4.916585939813386,19.06542212441807,19.126552619825688,0.8051356820086776,14.502648095394337,36.16235636877465,3.161627358775406,1.4289887727448862,60.47103204189831,29.263527259341995,1.0,0.3829377890581458,1.1710041903679647,2.45519296250757,0.17866336878169958,120.45260962325887,4.116134345520702,17.27434702652503,5.934993828071117,75.26678199253212,-0.24893497300923356,1.5799832650064625,60.0
Granular_StoneColumn,73.18003970804432,24.440990204385045,2.378970087570634,37.94677931137537,7.125368645653834,14.541603885350387,19.896388071166978,0.797389440396734,10.1574732756874,37.378911635854976,7.679675969122796,1.1693560255613367,152.7978133424825,31.438758960178937,1.0,0.4265942859327716,0.8777514380059906,1.890721906673615,0.16926909348066257,121.17416168694908,3.8542921443060485,13.143427697790898,5.841145710391389,67.93850829185494,-0.24237637356738317,1.6374210421014426,57.36764210070099
Granular_StoneColumn,65.10136540425236,25.27333697612564,9.625297619621996,25.76916700836257,3.9947487188280766,13.005404560051755,19.365361176158444,0.773489559538268,10.635632061828668,32.88123125499924,8.915739486861833,0.9366617738919621,172.65651531561696,27.792754648137162,1.0,0.5262454912139328,0.8012483835057715,2.1436758941130942,0.10972509499183053,119.15059956720518,4.287110114692837,12.123380733294226,4.564817309107555,53.17838347264067,-0.190598228378623,1.0736362200585479,45.48642756341034
Granular_StoneColumn,86.5949093524986,2.6504371315432387,10.754653515958157,24.980399242135416,4.815741251945991,18.138553051121015,19.628690219822676,0.7400296093845881,13.191225005258174,33.37840792471117,5.482389661101831,1.4067338254272963,107.61212832212645,31.706803503291926,1.0,0.6466362012117062,1.3589190808457472,1.905711420854264,0.39935837947271313,104.93608801188007,3.3095763816426715,18.533800698155943,7.896167975707257,98.79831584818554,-0.30105263310270447,1.8722175399491345,60.0
Granular_StoneColumn,90.01427926618585,1.246706682046657,8.73901405176749,38.78394865651524,6.8237357732202195,16.60328459456503,19.291690981513355,0.7535881014964756,11.03869041430088,32.64391196284409,3.3222319529920297,1.3043887633899305,64.09147220603184,29.208901024385113,1.0,0.6516883646549878,1.1329366257051254,2.8314343453356674,0.1257442467762412,86.010260432086,2.944659244806237,11.99324849304331,3.8098089115573965,51.99790515603917,-0.1881712317589911,1.1011818157805742,41.65572295213724
Granular_StoneColumn,76.85121607044495,20.99913338542089,2.1496505441341602,36.18491673506965,4.662661292936482,15.851698201508997,20.479686361705777,0.7919185880004949,11.79519146421027,32.83783039537948,9.907429181698904,1.409555175899788,202.90104229200486,29.23509179622968,1.0,0.5656706504950537,1.3561643976692235,2.509284851577247,0.22941120694131278,134.67017507090128,4.606456378162257,14.771588239167288,5.725841650101516,85.21819550732427,-0.2486196718209875,1.76040249803847,56.739798036352155
Granular_StoneColumn,81.92653931100097,11.392379260331513,6.681081428667523,36.412511861343894,7.753894161806113,20.088507926419346,18.136553841222597,0.7487495375083913,5.810024234359709,35.0755038016054,4.8458877881574685,0.9831284654668166,87.887704778441,26.944101447372297,1.0,0.6748615786731822,1.0002989142212433,2.8825277588619755,0.09458069035220877,110.46385784073429,4.099741758191279,7.802072856133617,3.9745190608641567,58.01921515027949,-0.15448495752853744,1.0464816602591844,40.65839794021806
Granular_StoneColumn,71.83059877788796,22.842979726664197,5.326421495447847,23.90387628551851,6.440439115816657,20.35759948016704,19.227612054430942,0.6483180870046213,7.45520308938085,33.927075553804784,3.886347851835411,0.9184517643058299,74.72518880366235,27.179539006495208,1.0,0.5250218143065728,0.996671641497054,2.626023839448274,0.11313494117416407,104.41833169466548,3.8417992177759968,9.795655844453355,4.012249191197066,63.47535673555514,-0.1908979565192358,1.2944070306565731,47.499197478925716
Granular_StoneColumn,83.665929388404,8.89915045106968,7.434920160526325,22.865919828618686,8.403923491782837,10.688800841368945,18.228541372786296,0.6627883306484061,4.767616148542716,34.539037037160526,5.588267555811195,1.460624724229501,101.86596634330373,24.83633651903739,1.0,0.6611626154466206,1.040393001063819,2.9652349574941197,0.09668664762911898,115.3294935948976,4.643579116690418,7.168133841971612,3.7963891158230134,43.392175906588456,-0.1724121400548274,1.0979469079369844,41.50556701615984
Granular_StoneColumn,65.36412374945601,21.580940732232573,13.054935518311414,20.520590996342698,9.63771175005728,15.081167413655082,18.399463905283927,0.8191172405116877,9.069185308017666,37.89493899076437,8.169899284434896,0.9886369835103446,150.32176699376484,21.93731296611664,1.0,0.5089228397162042,1.223624590374901,2.411853185712488,0.20215502345525033,91.56742614914634,4.174049314543543,12.40428103149417,6.111709036855113,70.64175102516256,-0.2606305146863211,1.710341612838156,54.446979748534886
Granular_StoneColumn,79.65931691296275,8.70276150715747,11.637921579879778,24.7408301783736,3.810634225431854,16.17646825339566,18.957595876045655,0.5551366257391486,8.468728808162956,32.94022608677569,5.05741617823396,1.385791399242271,95.8764520839347,26.719319662382002,1.0,0.4470287525976588,1.1394851805117046,2.5664526981154494,0.1548248669935151,87.95292674629246,3.291735263384006,11.485775494979883,5.6089952476764156,77.61612570784574,-0.22738958879988824,1.4067465639086156,58.710941817087274
Granular_StoneColumn,84.32616445522076,14.413993023941853,1.2598425208373842,35.4838098342865,5.342655069891814,11.453382417462521,18.388850228751217,0.7596461743732846,14.965953771353483,35.244872424788454,7.022922427436415,1.3939259653083815,129.14346868626617,26.829941192485645,1.0,0.6707445213351497,1.3552129442594707,2.491570583866868,0.23235850523597287,104.33151328747661,3.888622510909457,16.864494932874994,6.103007827411196,67.145052262539,-0.2251469578840869,1.5719143192580858,53.47228494412824
Granular_StoneColumn,92.54575319689202,-5.900391163510486,13.354637966618464,24.800768375282995,5.236843440148846,13.538513000474325,20.409217914891627,0.8364332657275646,10.33450383378651,32.593226930321904,5.908919961059995,1.3252231203294018,120.5964351269264,28.381534536647585,1.0,0.4857772764876042,0.8152645406794636,2.381112515335935,0.09207191004940761,93.63324164599463,3.299090171642796,11.827281427878503,5.233784857918816,65.06092349568989,-0.22380425479037416,1.1313591575833954,42.127300085437525
Granular_StoneColumn,76.44007451366852,16.483418219084125,7.076507267247354,34.582065671897524,4.05828043536078,10.774626958341349,20.366974441812896,0.7618684509873921,12.43733787833308,33.91097787958327,3.8243479459363297,0.9787573266557226,77.89039687148488,27.239718814120373,1.0,0.5261914380955616,1.2249175627835218,2.815151238507615,0.1486962929803098,94.65741767222987,3.474977782192153,14.16103617543892,5.374746809518605,67.89942289732203,-0.2135160095142123,1.6114425874917178,49.251369744856625
Granular_StoneColumn,87.95570608943089,0.8863617372791328,11.157932173289977,25.03816530734843,8.672121961334295,24.94363147925531,18.84027411555151,0.8481735964695346,7.008176049091851,35.16515554204759,5.312009087444771,1.3004391747364845,100.07970731176012,31.617012879117418,1.0,0.465101221385737,0.9981966136199326,2.5734301628044323,0.11816729438653964,133.55068926671177,4.224013501127429,9.726832599680488,5.196186260492807,63.34168344094087,-0.21425920260931544,1.2346175032221753,56.47529149051562
Granular_StoneColumn,82.93061089830502,14.9688006327297,2.100588468965282,27.905849959013434,8.31915092827153,21.04835804454767,19.599369280094198,0.7562634716584993,12.978543976113558,37.679790475792025,8.074093539998467,1.4334519499961194,158.24714089245296,34.26925607647865,1.0,0.5819931601017554,0.9081401910910767,2.7615747178265675,0.08493409783063227,111.8455506311495,3.263728584639945,13.015263940735492,4.322372792204589,47.48641046715871,-0.17898327028591715,0.9848913215198413,39.19827854652692
Granular_StoneColumn,92.81036338775242,-2.871156273358139,10.060792885605721,39.66324579822817,6.390978295840793,11.311752347541304,19.334383301484465,0.5603089087650583,10.381019597852202,34.347369327700896,7.284027281320119,1.15531898688053,140.832175435513,29.276315775132403,1.0,0.6982609287521124,1.1062373735120594,2.743636723922896,0.1276830711615254,109.00814385940106,3.7234242415158563,11.306759287303807,3.5866408513595296,52.27938090909932,-0.18920570355777389,1.180910014635579,40.2590030334238
Granular_StoneColumn,76.95133026978291,19.503779466075216,3.544890264141869,24.896234625682713,6.7643954445622665,10.303740696851381,20.038967451289423,0.798102964494077,11.363907979181262,32.389440177288016,3.8384486591849267,1.1481101126271593,76.91854774485228,33.66015931272143,1.0,0.35892974210266937,1.1030382705079975,2.0292541927863543,0.2320588517591095,121.36877562371583,3.6057100768933688,15.53075389659754,6.2807694785855395,86.79233327418034,-0.27811261509500984,1.8193158115468875,60.0
Granular_StoneColumn,74.57286019618964,18.85142634669639,6.575713457113973,27.527412545965355,3.4168089660174736,20.789317002284204,19.568614024542356,0.6353889735817957,6.533169335393453,34.3289686877619,4.14325686800016,1.1657149857476514,81.07779445442937,31.359349916199168,1.0,0.6649468021024855,0.882206617213057,2.5801962390211726,0.09181740781787866,137.09288682060438,4.371675024735984,8.268823162605115,4.130327043422328,55.03032895011925,-0.154418600592047,1.0692596064991065,37.722153101709324
Granular_StoneColumn,91.61425996082431,8.13279698794412,0.25294305123156613,26.021743609304274,6.88855146628932,16.587882485240005,18.000631136226406,0.6838171676993323,9.583660700346925,32.87444705524386,7.4851335151521186,0.9493631344057238,134.73712741165903,34.081034138613965,1.0,0.35137411994624285,0.9211376336797339,2.039577623017601,0.16019850411069747,86.73191386823385,2.544873301540055,12.871937451934366,6.131896969173755,69.68601753064806,-0.24975937067771573,1.6114044324239143,55.832372081881985
Granular_StoneColumn,66.47733204224868,31.248508388794185,2.27415956895714,22.192499726600047,8.539390668137454,21.801950635968637,19.907935964024347,0.6436275747721246,10.608443680963305,33.37993767974867,8.693907900246082,1.435215341417984,173.07776175522437,26.926819748397026,1.0,0.47747975840117385,1.0448987989409328,2.499984573892525,0.13720302403280238,130.01207402655544,4.828348659120621,12.799580700622128,5.385315324838504,64.23396934513502,-0.20861153029527907,1.258677250502226,51.57912837925323
Granular_StoneColumn,69.09156178801031,29.527230815135393,1.3812073968542964,29.7978828426165,7.016793015087,23.852140567275754,19.867120303240295,0.6305662318629038,10.069136109798972,35.708543738989945,5.446321471707185,1.421509718388306,108.20272388852737,28.568283173955624,1.0,0.40901238220132996,1.0452868474353891,2.612921621335561,0.1256921305550766,115.04115079207075,4.026883592954176,12.527005105813071,5.140528819950676,67.63607318701983,-0.23090782511651997,1.6160835645691498,55.566358085803195
Granular_StoneColumn,67.47213303752133,28.93170436840479,3.596162594073877,27.573813266660046,4.857144590842932,18.989505835245588,19.2743067639162,0.6794217111009356,13.982324537094797,32.40454319722209,7.167175262904151,1.4987455930741718,138.14233464796635,30.977156291416527,1.0,0.6150696232353929,0.9905348837718109,2.996682085905104,0.08581201253637914,88.76992122871023,2.8656575314276838,13.570857900860121,4.498912304300705,54.476684423214955,-0.16564953888843365,1.17253219057465,40.38451415833457
Granular_StoneColumn,90.29329869729207,8.206429952343093,1.5002713503648342,33.8977417161456,7.6728379063403604,12.806626343758795,20.257297433082634,0.6636254345322021,13.779271973910642,34.78834253750023,4.194505121264736,1.251109884899048,84.9693378260481,36.7234074678903,1.0,0.3677137942650107,0.8891270909059886,1.836650373779686,0.18406218970372873,97.8289591213395,2.663940137006018,16.750841499784578,6.570909642063445,72.08671344855493,-0.2527407928369911,1.8009269241831702,56.783415465534794
Granular_StoneColumn,65.31822270110958,24.303126899596997,10.378650399293429,36.35189093903092,5.530419009756733,21.73291054069679,20.271115514226004,0.7400015745527768,14.651808694522447,35.656769516064585,5.1796343583372675,1.3507149818708315,104.99696639930863,30.53559719380535,1.0,0.5437197337545148,0.8026242074605877,1.9094908729364652,0.13876476861066978,108.94168498788437,3.567694592525768,15.549114817315914,5.3311483606128425,54.38872721678712,-0.20438606340066723,1.2515257374643811,47.42260332422448
Granular_StoneColumn,90.84971466491145,8.714686801950265,0.43559853313829056,30.88499428991277,6.8141129900001465,24.337176147615615,19.309779191760992,0.7939453602962532,11.009136072083873,34.53115035420498,3.141891439711368,1.0216031437843829,60.669229945310555,32.23499880165377,1.0,0.4532241468458594,1.3821410374568122,1.8924320356454778,0.41894211661258457,121.47062867464538,3.76828395192661,16.399044711363036,7.796879798877141,101.0437909102603,-0.30992846743902513,2.0999828253658204,60.0
Granular_StoneColumn,78.538033861138,12.195858629487027,9.266107509374969,20.643928441746738,6.412957542952473,18.70346930589934,19.519970577991344,0.6391265959561723,14.662969561508216,32.11475810374238,8.377931634596658,1.3005172909345017,163.5369790117497,30.054752030581405,1.0,0.39678458710264575,1.3660995378223562,2.2780335435200882,0.28244529253486667,94.55642101720713,3.146138784342449,19.350476314063847,6.966306266191112,82.70835372267018,-0.2883368312413244,1.9639064171414655,60.0
Granular_StoneColumn,65.12075836561912,32.76862417199726,2.1106174623836136,32.37844712469443,5.668225006756261,20.229961709211004,20.491305179811683,0.6141163458466052,12.989736000382907,37.91311614141719,5.807068738410767,1.2898397092544345,118.99441771891905,31.95484035916077,1.0,0.6201363742359243,1.0901902275056812,2.785906033782976,0.12027116640107335,112.0927289280554,3.5078481903891223,13.459892044164324,4.887056583998798,63.12045987374426,-0.2133540323121942,1.3046432193007487,47.18768210922967
Granular_StoneColumn,77.04935531636126,8.773222825970288,14.177421857668454,21.107814600418784,8.032145862758945,15.062120425550095,18.747050587028543,0.7500685812611027,6.249985684079512,34.20269460404321,8.712879015577677,1.4407252415049676,163.34078366369417,24.57547832234551,1.0,0.42609589198933984,1.3970310519650033,2.812867599344563,0.19373291758058903,121.08029764495171,4.926874507051128,10.212263965654717,6.155281803089443,76.39479474172714,-0.26634634527170675,1.7726960392068982,59.51185556759144
Granular_StoneColumn,70.60402523135107,15.399563672001113,13.996411096647813,32.3271264719805,9.187132783901173,15.722915419904668,18.811543105778693,0.7510960197492345,8.129228034615565,36.6714631215996,7.958610972159084,1.3984756337034445,149.71375336489388,24.700296157085273,1.0,0.4282863242192286,1.204192598469346,2.684375514865382,0.15805027315277773,106.92444505085038,4.328872996940935,11.352381871350136,5.870826620239238,62.46074629685734,-0.23155252675669008,1.538374084859765,55.42360164495073
Granular_StoneColumn,83.73201462416489,12.88543883802067,3.3825465378144393,33.70059898538377,3.036487629338475,21.01981746779596,18.45693475665874,0.8203393717858516,5.8607093062681175,33.95387895312472,8.801209860099338,1.463079877570658,162.44335616751508,30.086098828451135,1.0,0.44627687479827305,0.841314522564525,2.876253890195937,0.06719736052709877,131.78155766721056,4.380147735956727,8.354297164425267,4.740618556052913,53.473156228990284,-0.21089325867252484,1.0071425651404597,49.251981991184536
Granular_StoneColumn,85.3807636976494,5.402916829005157,9.216319473345443,23.95535255235037,9.535315634612571,23.91656647610229,20.23966734789467,0.5547837059359932,3.0503659299667825,34.850100541960515,4.99961068708018,1.4213000836209644,101.19045717548195,33.273890304167395,1.0,0.5553683673398095,0.8706309194495765,2.187431933003343,0.12441964527850315,132.16754617042426,3.9721098122954053,6.453680937927226,4.7959057376711405,61.48305994687833,-0.20415379811077475,1.4632649872415018,48.72909655913367
Granular_StoneColumn,79.62582711214999,19.95409309576313,0.4200797920868765,36.38692297443542,6.580605952582575,19.434825808365282,19.861220974873167,0.805912198634953,5.256585037762903,34.330781855665975,4.295761112994917,1.4212163369393112,85.31906072045915,33.23925321933525,1.0,0.5808830760917618,1.3496665063217825,1.905785573102759,0.3939079557086432,108.24147305842675,3.2564351655007333,10.704019187385276,7.241999257463309,93.80379347467013,-0.3105434084103665,2.1167184920428164,60.0
Granular_StoneColumn,66.2155857631901,19.807586091042282,13.97682814576761,38.22170263148097,7.905123162542856,21.847718627280212,18.264107122175606,0.7063006518845071,3.048727035442508,34.05523537705765,9.803339778561693,0.938233996013231,179.04924787073602,23.773844727949534,1.0,0.3561608832954707,1.178031321289777,1.8697836335878202,0.3117603270608534,138.37554262453398,5.82049492658854,8.518239765088083,7.4753590009337865,97.12017849294608,-0.318281401376129,1.976987555033063,60.0
Granular_StoneColumn,84.68386413101607,7.47132624610829,7.844809622875645,36.261739282276395,8.98937196323114,12.574525261230596,20.454418377994912,0.7363906267516297,11.63806153620588,32.131108263246674,8.021294509286086,1.4075771716175736,164.070913826051,23.353471935691708,1.0,0.4346543726398266,1.3059101759944105,2.8225592635432637,0.16812424800094136,84.53510554432684,3.6198088993838073,14.411692576059384,6.10936358263395,77.54605074057736,-0.2466379097514837,1.5927855858087343,58.197230652763984
Granular_StoneColumn,90.26116350816564,9.090489220567678,0.6483472712666849,26.102183804241644,6.26972584619989,13.179386353869603,19.82740427040279,0.5774114321684245,8.106411572654395,34.16012562712702,8.838295875486693,1.2644870367018708,175.24046538470824,32.85063820625822,1.0,0.5008397948768489,1.3389617897803063,2.6765235532244294,0.1965550061989026,80.2017426993762,2.4414059232522716,11.448457833041962,5.678448277250683,71.85781408797216,-0.23690463711698723,1.361936079839064,50.74173794488345
Granular_StoneColumn,86.60972831979204,8.252771785085898,5.137499895122061,31.732860248912687,8.844818513554232,17.98052030250085,20.126305274012438,0.6797844798616137,6.750896724934299,37.33693994239718,3.091933615969536,1.1282666710595768,62.22919984198402,27.14205848881122,1.0,0.46619193325643155,1.0687652067694318,2.638338367213345,0.12888236870856487,102.84009582823515,3.788957122416819,9.688643275936018,5.515577362445706,59.46827404309942,-0.20605593309483783,1.500914323195504,53.096706763326424
Granular_StoneColumn,89.89873756865956,8.948520503421932,1.152741927918513,38.29630298382455,4.243338736186415,12.648312883642607,18.120376972933002,0.6181907221715571,12.140650693142256,36.142360031562106,5.481231342071206,0.9339087746328374,99.32197819418575,25.993676780423076,1.0,0.6594597304788101,0.8291155709460158,2.207611606254803,0.11078339924330619,116.06582368235055,4.465156070947399,12.526184907409588,4.586074307436118,50.79293168765553,-0.18895753990633213,0.9329405225617469,36.260966613027904
Granular_StoneColumn,71.01528570652663,23.090547702872975,5.894166590600398,26.413294524456997,4.1141727413587015,19.524926053313855,19.26240229735542,0.6262675090247527,12.98984129543574,32.87253715457264,8.199716834041322,1.306604264860828,157.94624438170146,21.687397748365655,1.0,0.6256980558102465,0.9129682093383933,2.2558862263418713,0.12863726755263655,117.75200944697966,5.4295130662162245,13.705887646788852,4.621932786432896,65.98690589722253,-0.1995678321926589,1.1869840626172035,46.1485011657515
Granular_StoneColumn,91.66663818969448,-1.715533322114327,10.048895132419846,36.400556445308496,7.6022995819930745,14.374797780920485,19.7464957168176,0.7012285344028082,14.70359446379856,35.54693002773644,3.5458798309298833,1.0969210503225706,70.01870089380685,32.33097071790463,1.0,0.5690615754385896,0.8399431683814611,2.9497362346791833,0.06368297145254755,108.58674417762971,3.3585983274388744,13.919565478702348,4.550812170810179,59.42782471809343,-0.17706978222178318,1.0695861758699579,33.395634124625595
Granular_StoneColumn,74.66580351943888,18.285847859939523,7.048348620621594,20.18950262523393,9.09100103886216,21.87298928000338,19.357366461429603,0.7937367851209337,10.704163016102894,37.35338515969323,6.971379506982549,1.180665758991621,134.94754785836165,33.366263630283946,1.0,0.46831484559896386,0.9132439074191044,1.876565692917522,0.18600983339404917,87.49299879443878,2.6221994696172164,13.624348590861084,5.7035617779151195,60.94197482937104,-0.2638065383217866,1.6677284992195507,55.29354637758382
Granular_StoneColumn,65.40214442755973,28.84202295164845,5.755832620791817,20.072934055693526,9.246983242752275,22.12165519921515,19.666618664248194,0.7731342790434568,8.53834750248062,36.20020424578913,6.003509372185023,1.3090370622330805,118.06872947000292,26.082257781591956,1.0,0.5952353206961559,1.046319755873526,2.728478084325351,0.11549888526302446,90.22985130727365,3.4594340744134144,10.333341750181221,5.0992879317563515,63.1205056555935,-0.18968387680401502,1.2067125230638938,42.994905035039814
Granular_StoneColumn,90.30174938987213,7.9108949270209,1.7873556831069721,35.194233206779344,7.506183208640726,16.956811836330296,20.044685158976183,0.7272999877257862,6.663171619289231,32.89210635414018,3.123315549987751,1.4470647282144857,62.60587685163901,32.40873045121757,1.0,0.6452733044960279,0.8709180863089913,2.171559988450072,0.12632835427212405,131.12887903112056,4.046097369611531,8.836848842561967,4.666034946031399,56.50800836010782,-0.17714435802376122,1.2369346003042383,40.57744190363674
Granular_StoneColumn,93.2546380689418,3.0712762456533538,3.6740856854048447,35.22895164254243,6.678424611465222,12.71215952556453,18.935842657400492,0.7118254578260401,5.667818510570715,37.20699498040698,4.6518290398361595,1.395262149362999,88.08630276746392,37.198067532371056,1.0,0.5581906320756453,0.900039948683206,1.8468655420950673,0.1865275117223172,132.0746679043557,3.550578744162441,9.054089810464706,5.458765569099865,73.6938384570631,-0.21498045728667114,1.4356775743768295,51.89163524198219
Granular_StoneColumn,84.66674592252046,13.831104761404271,1.502149316075267,35.77954375704587,5.319751613875614,19.701624416228988,20.121671689046774,0.678191812970347,5.555111405791214,33.80926407973319,4.993543923467,1.17035827746216,100.47845139283748,24.29567525193773,1.0,0.6245615134126827,1.0674930692430076,2.691084132890947,0.12358491359532507,120.43391227164321,4.957010291864099,8.141252606956648,4.375237640053023,53.202759538913746,-0.19960674935417072,1.188611102132982,47.13144741442012
Granular_StoneColumn,71.94309891390274,15.944420111247345,12.11248097484991,38.60053675776325,9.86000290919532,24.891805273953796,18.407290261913225,0.8418129920684159,7.910272496637585,34.72445686587405,3.783019624424257,1.1326698944678273,69.63514029329126,28.379374934885586,1.0,0.6121867364899116,1.0041025702330937,2.1970942628140495,0.16403958383405431,119.85307833673295,4.223245882325708,10.413352335002758,5.065931872991952,52.28289312178431,-0.2222007280698874,1.3379802526515348,46.77591563553969
Granular_StoneColumn,72.55233392847592,25.419068651753243,2.0285974197708385,22.358126236405685,5.2378698066637535,19.33886346913785,18.677215137565938,0.71805776627027,14.901436263455157,35.156856558134876,7.420758368198623,1.0438678433064286,138.59910052673843,27.849973475197682,1.0,0.5501080589061127,1.0805948745128244,2.666577022491356,0.12897556017569134,115.86092768166844,4.1601808987304985,15.5412892251445,4.880044382723152,64.25687275281405,-0.20316612105622806,1.2596647205291585,48.9147885368893
Granular_StoneColumn,78.99778620306859,12.071613298698011,8.930600498233403,24.639699699673766,8.209302750621152,10.536620360710117,18.108364049818313,0.6261899194936666,3.010244369248839,37.10303962626917,4.696785133763223,1.123456050705581,85.05109506595905,30.845823485402985,1.0,0.4592641258875288,1.0575032166554372,2.6491852597417442,0.1251493549868873,92.1755531421193,2.988266894081757,6.710427663435632,4.826929588947486,58.83339857970943,-0.20605803415611687,1.158937122187055,47.23425154684131
Granular_StoneColumn,91.93493238804258,2.923961408124729,5.141106203832688,38.074498407476156,6.723872599335005,10.25940963650624,18.911067028338127,0.6190272376120118,5.366470766772009,37.58964497088596,4.943336497335719,0.966627832375139,93.483767844746,30.08275201972384,1.0,0.6110237553004452,1.18668681558793,2.441744250519738,0.185507626293523,105.6950420155942,3.5134764913228334,8.665654280156343,5.250391577925217,57.72565831158154,-0.21743800404775102,1.3025040421785596,50.767993488845875
Granular_StoneColumn,69.48792968442675,27.1223945457455,3.389675769827752,23.54472395544707,7.259586397677427,14.805429557384592,18.9497738620603,0.7334059092325426,5.2607157888428855,37.577917266743334,9.287670187401032,1.4826633050188527,175.99924975664877,24.050390833101265,1.0,0.4223787282251622,1.3623137293255128,2.7328477550526586,0.19517009430305243,121.75367908780272,5.06244076999487,9.388476042482031,5.903254711584996,69.88519696802594,-0.25062343970851747,1.6726916806176404,60.0
Granular_StoneColumn,89.77921008750461,0.6287633201138352,9.592026592381556,33.64458535153168,5.754363854120383,12.936757102906073,20.01317649301813,0.7068482581932787,11.605433826387507,32.047725087671246,6.269861648851976,1.2443504663757474,125.47984776528025,30.816305123980563,1.0,0.6228209212650369,0.8647186030665455,2.497245989005492,0.09417092522106525,112.23513632020033,3.6420698675150853,12.01808377568529,4.457065918097152,55.00678484937517,-0.16446787353111755,1.054485995802409,37.1408222803491
Granular_StoneColumn,73.73908426115452,19.405881098191372,6.855034640654109,30.609260000816306,9.753761878305735,22.195768107149622,19.63282667572414,0.5523093408864139,7.229816731176742,37.53133091351275,5.744897028784907,0.9766835056771278,112.78856763601667,34.363418690721794,1.0,0.6315913422498864,0.859556089585517,2.143964223417913,0.12624182271099338,81.11482004330595,2.360499133493,9.285391315804132,4.961341355717185,56.320691980323765,-0.19528541613392053,1.1521400740377883,39.317291842087435
Granular_StoneColumn,89.25758508287294,4.740232907858677,6.002182009268387,21.663873537030145,7.001776282694897,22.672085005540005,19.091806395389167,0.7990196116587338,8.487129655101848,32.32632179600943,8.067097268203021,1.1116836055595436,154.0154592173049,34.11916227062145,1.0,0.6377507078496305,1.3116836666545413,2.680938361277303,0.18800718403610023,137.2134084032059,4.0215937107387445,11.015873149328305,4.848106619412979,69.3406981971867,-0.21704058929596162,1.3260519563578197,51.73426544333681
Granular_StoneColumn,92.60813592804615,-1.5009160014294753,8.892780073383323,25.705273238830657,9.564513413211529,13.879281569657142,19.63028494655937,0.7612367062697304,4.78348956563886,33.59464194090461,9.367296578180385,1.2282234861723935,183.88270100861152,29.129386646084672,1.0,0.5155205898424602,1.1038380227914755,2.5069677790532685,0.15226604813700603,130.6889631543286,4.486498968967982,8.195622438491172,5.82132111511125,69.95585947882815,-0.20230514474077016,1.2886568318525335,54.61855316120129
Granular_StoneColumn,77.82481615982961,14.806169412820381,7.36901442735001,30.40744432881936,3.053139913217399,14.88467165424839,18.131958376289226,0.7485487869034311,7.8599644665233726,35.089927128366995,3.175254353662107,1.2197313819845217,57.57357977473247,22.93670064681243,1.0,0.41736826871964755,1.2598430141410653,1.8152727380279048,0.3783022939973388,95.63270084658427,4.169418362264522,13.28136482185814,7.461434689684461,94.47439861249741,-0.3119681112309763,1.9908280646828445,60.0
Granular_StoneColumn,75.95151962316592,19.49621724856067,4.552263128273411,37.04700233367668,7.008694082337847,13.54370451572672,18.45067884004594,0.5706341973092978,4.238397742870033,34.879554134026364,6.137671925887775,0.9213020212311794,113.24421353012158,21.529294840430246,1.0,0.384903260023124,0.9292531421643688,2.8819730133243713,0.08165412670715279,116.98753610997777,5.433876816545092,7.556053391128917,4.779736705569222,62.1839361049546,-0.22151683303678138,1.2848531269886014,47.327361758379965
Granular_StoneColumn,89.06663956913906,2.5474411143821687,8.385919316478775,34.150769792293474,8.0203082280769,23.62573821056896,19.56736963810439,0.6586167550517474,9.396519454662997,35.628258763324354,7.275469492545631,1.4705046205374668,142.36180085139213,35.96042085990442,1.0,0.6101764376707735,1.297317543900531,2.4547723419891763,0.21936130488355343,135.39436302369126,3.7650939501282337,12.299931842655996,5.867590194740765,67.58511143691415,-0.23920455099076585,1.4926963050685147,55.319883570413516
Granular_StoneColumn,80.88448647138182,9.073034880357762,10.042478648260419,32.43766322909866,8.215561198135525,17.539740019334232,19.603417048063257,0.8306146782198358,4.175260384594271,34.87667737242204,5.2299416868819275,1.0652254088849669,102.52472802499788,24.753512145094877,1.0,0.6601914845854346,1.3543079745156175,2.8423527185754383,0.1783071721268973,85.76066072681908,3.464585559581423,7.532419392505718,4.966940429898201,61.75045431894884,-0.21941833073615885,1.3774684333487799,49.17593813452222
Granular_StoneColumn,85.53347145389591,14.066131167301272,0.40039737880281423,29.920657798828294,9.33483817247177,19.842055661230297,19.93533664676857,0.8087767724024091,12.486100574077875,37.60625407784252,8.406854054862691,0.9097108013591347,167.59346572393915,29.972004924186063,1.0,0.5777934255929174,1.181289809327893,2.8592842067786934,0.13405658299092618,110.18176884780203,3.676156103887808,13.60777165337844,4.8559437244266555,54.08638854129175,-0.1972810711111583,1.2424733832645427,47.35040883385822
Granular_StoneColumn,83.6848771088354,9.327046957549475,6.98807593361513,25.973679676282686,3.030811263026504,16.23223130049405,19.007499397634007,0.63566288136086,9.799220610485873,33.44329308928752,9.800339491891917,0.9458664053701695,186.27994698874437,34.730382008262474,1.0,0.4004560211359293,0.8635274128842814,2.333959988082106,0.10751160025618413,107.37458155077766,3.0916614025504496,12.017960918027976,5.07522226835185,66.71007043613189,-0.22298054260319922,1.235393091801552,42.46074356655983
Granular_StoneColumn,69.58666536934389,29.548085361902952,0.8652492687531566,22.384898226385225,3.002311114816335,19.465212902567966,19.80638524154039,0.5971176652297416,11.687614485282204,33.64414816423091,9.603991563751983,1.248116941948786,190.2203567681757,20.769623441421956,1.0,0.6772137569811509,1.3371768884938033,2.409191995741477,0.24194952932698235,104.61230031701194,5.036793305957493,14.365512388450535,5.511791836229131,78.75557838422905,-0.23465687479591263,1.3592741199463265,52.908163630878626
Granular_StoneColumn,90.34371080868685,6.8602079802914835,2.796081211021666,28.18152069132191,6.305844225566507,15.787830650826042,19.709950831400473,0.6847263871505731,8.022196639832206,37.524427614158334,4.861877775659593,0.9826713124050581,95.82737190652928,37.95615435996731,1.0,0.6961857050887619,1.2754926364220427,2.2989052652107222,0.24177068608049757,130.1353165335755,3.4285695884625857,11.068468643532627,5.774882823370647,64.58417443111682,-0.23643080692082633,1.7789975789800496,51.422549914898596
Granular_StoneColumn,70.87325334239408,20.719115646436325,8.407631011169595,20.57036987822585,3.2050559350375947,15.095176565938381,20.408483445924624,0.6567491136002983,7.577895518906727,32.460437082471536,4.584367949062402,0.925034875712102,93.55999739846746,25.29573802808953,1.0,0.5016825134772227,1.2505266659086938,2.3393241303696546,0.22443727856747467,102.83876880184744,4.065458326918575,11.424897798296307,6.079757103931797,85.78429114040881,-0.2756357655839845,1.5141164538082683,60.0
Granular_StoneColumn,92.96846432212342,-5.961298051107136,12.992833728983712,24.22111778533701,9.821727875636622,19.517201097602204,18.5378255660617,0.7546679130117973,4.178506668586364,35.65736493142886,9.702433717148548,1.127775879847627,179.8620238147754,26.318615959625944,1.0,0.5581888512458199,0.8220369133435493,2.8741765907660737,0.06424593076023523,83.81979999446045,3.1848103305676925,6.767156961246318,3.79349103037462,51.278022025936565,-0.17045407579803054,1.0051109702567922,40.072904804507736
Granular_StoneColumn,72.51713874266443,14.240776069508298,13.242085187827273,28.649667517453196,4.554456221789744,18.86593117073484,19.3791989093816,0.8399304430252958,9.286267284513873,36.090415712393664,6.210399412020261,1.2736567154041132,120.35256551224718,25.441324773981943,1.0,0.6220299820005801,1.2793775151541826,2.745772816761493,0.1705132399587951,83.95026452985815,3.299759948652968,11.552923295658003,5.314243157812814,65.13957973286536,-0.2105539098740325,1.4067175724660823,51.43856360532247
Granular_StoneColumn,87.01642919821225,11.93441064970828,1.049160152079469,28.3721037134383,6.308653105553913,14.402919312519245,19.504411105276173,0.6589004349947685,9.174025978285105,35.033250340578434,4.458084061592842,0.9671038829049674,86.95230427918614,28.31033491757907,1.0,0.6077364265175156,0.8827706062810142,1.9518308115786935,0.1606575983049521,82.56467639147654,2.916414681488232,11.3641388661827,4.710748709041457,52.41275458562649,-0.20367339744076923,1.3650302974524569,49.4739989030743
Granular_StoneColumn,73.53966180480776,20.173761900891638,6.286576294300599,20.885908619939848,3.427963410085565,12.2402267547921,20.49661971233555,0.5686672517956727,8.617224533395264,36.16539127293882,7.948978745412927,1.0879966992907892,162.92719444616694,29.40173106423115,1.0,0.6887255171767072,0.933431705718133,2.532369337848115,0.10670895954235592,104.54872531244223,3.5558697235902414,9.809021812879978,3.8440538664369863,39.265211650999426,-0.1788145354516344,1.1195134585792579,35.23980723643327
Granular_StoneColumn,74.53356225760592,16.72134049732581,8.74509724506827,31.781203070505825,6.65433891319881,15.528650407572064,18.50296035541663,0.8192842025027156,11.88622037618939,33.0365278760718,4.990942267326541,1.1506564029747253,92.34720690851617,24.54492369194125,1.0,0.3902090818775761,1.1462809009215544,2.9950879684636105,0.11504104789455621,123.1043766619016,5.015471965077652,13.956897458774433,5.748885556305569,67.98866718652006,-0.229924765370776,1.364205060099851,56.49463721322257
Granular_StoneColumn,74.30005558346916,23.493895848275688,2.2060485682551514,30.993685117064725,5.65969287603186,16.22796458712864,19.30804504991823,0.5613849190719613,12.990052800388254,37.11579339662924,4.870728825497366,0.9956760586720603,94.04425158863846,20.84449179272683,1.0,0.553253703149982,0.9589884637501298,2.514660841478983,0.11422411689044745,92.22334771583093,4.4243509812031006,13.892081434631978,4.464171472868383,63.8152665184042,-0.19444672485816147,1.2755490012661796,49.815717205441096
Granular_StoneColumn,87.43676762078249,1.081749128045935,11.481483251171575,21.562086080418258,3.3126202021405664,19.430265001369072,18.865463269284096,0.8358297691459999,12.009476099382098,32.840154136819315,9.154743301544492,1.203644339080026,172.70847349501224,28.687249580190485,1.0,0.5921759968855822,1.1968089237871518,2.7430459507117266,0.1495110712489181,118.78811122589298,4.14079819307321,13.44551961978048,4.310298151770544,57.629165130154824,-0.1908611213100565,1.308930722363541,44.198750559114465
Granular_StoneColumn,81.7044535390818,7.132017584359621,11.163528876558582,38.86326104920879,5.345869866873573,23.717931454552957,19.3147324214475,0.7493738284027119,4.7263889136821255,34.404874665894496,4.137354073638324,0.9511284521410626,79.91188686511002,23.114490486640975,1.0,0.6615344484656844,1.1648422686194488,2.722873768057405,0.1437371761115995,121.22530832622225,5.244558965999464,7.620443533641867,4.9218372543674525,67.84942986261775,-0.19467910360822854,1.1830378785587468,46.04371964597842
Granular_StoneColumn,91.48857367542492,-5.038688881026836,13.55011520560192,21.9876555790172,5.740052141559989,10.542771962993877,18.580321505257764,0.8325067625325847,10.464714111385296,32.45154560784923,3.450750625263655,0.9279110978070412,64.11605605186796,30.9419350887044,1.0,0.6559383697013528,0.8648897588079576,2.220381031046794,0.1191671008446923,95.31212744093588,3.080354449962321,11.435197743599439,4.3399030161881855,57.93299481681998,-0.17788173424921702,1.1587677825223182,39.96689899878996
Granular_StoneColumn,74.22118157612135,25.651528242627002,0.12729018125164526,37.096683024746724,9.92945043892458,13.654915188127674,18.11903094606872,0.6098979059946935,3.9638772682744006,35.2712664729044,4.884305081201811,1.2119012202930808,88.4988749163363,23.7948699689867,1.0,0.6922999277464514,1.1936087477549038,2.2462191632447506,0.22177347998573266,116.03345936363775,4.876406532789261,7.678109006603603,5.396615782849852,62.67704367829532,-0.2282955568105607,1.565217561367471,53.3373087588406
Granular_StoneColumn,85.75977566170234,10.989960678462625,3.25026365983504,20.00619463830012,4.455201103435629,12.905739134193405,19.43141363474422,0.5622099385761423,11.335467449285717,36.018474844553836,7.248617889867426,1.0487381836505254,140.8508924982208,28.78227950185573,1.0,0.5292274588781876,1.354372945894958,2.668891706148484,0.20225744521917,121.09210040161085,4.207175473846798,14.138993987059749,5.7064443421365825,73.11301352099431,-0.2546360743913053,1.537574311230254,59.7518708237934
Granular_StoneColumn,87.58845798989333,0.0037412964268455084,12.407800713679826,37.64562190090766,6.8134573075906975,17.534416130406754,18.839635789652082,0.6964629934829476,7.58206915873352,37.64732981057174,3.8616149738228938,0.9572242847388165,72.75141966669018,30.780399451987307,1.0,0.6407663033846293,0.8966659431114999,2.399980237925802,0.10963163720398375,107.99681736812754,3.508622996806327,9.321826570095382,4.453410975434072,67.71696638016024,-0.17048862221381167,1.1133073396813074,47.63267106435446
Granular_StoneColumn,69.54446339089874,20.39683584669723,10.058700762404031,20.39439464408625,9.911208844390401,16.445512105647396,18.454853504371084,0.6851870243710376,4.589987475195439,36.43601717537601,6.301162705937556,1.1543475524925793,116.28703464528408,25.4140510001692,1.0,0.4995485978445646,1.1582372125657323,2.484684850956466,0.17066414343067393,100.20299583680571,3.942818712220991,8.301614095055719,5.365876641738657,62.51025851925411,-0.22140304153870408,1.605687048477991,56.58050093711491
Granular_StoneColumn,77.01768071959434,9.5664714749283,13.415847805477362,35.156240637842316,8.544134455580945,20.935564357302827,18.809838915195083,0.6494476819764649,13.344610283713534,35.24661749872491,7.391359772977239,1.4490844437104369,139.03028669395476,28.29698629739509,1.0,0.49780985724961124,1.0051192231620165,2.655486948437805,0.11252180676633061,117.14909309445963,4.139984797789011,14.370841959973454,5.391227092117036,64.02184855491082,-0.19657528598771917,1.3998810321024497,48.2423910275929
Granular_StoneColumn,79.48452483051233,19.657780351533674,0.8576948179539978,27.23381622600506,9.953572506174623,13.636238688172957,18.123200503619362,0.8372969423166092,10.368100068467248,37.595702103022006,8.941158948152218,1.3345154679924929,162.04241635209303,32.599151103432824,1.0,0.43867192756550066,1.0757670030641624,2.73309003244686,0.12167978758286079,138.6708252396834,4.253817064122287,12.508248404778499,4.785059989290528,62.875862073257366,-0.21714983494106366,1.5584511129306222,49.36643544006137
Granular_StoneColumn,75.67062169683123,15.374918817422124,8.954459485746643,34.764336002726395,9.778088202621184,18.917475486246378,20.376105585225257,0.7967751196484296,7.25669961537033,34.87062102824526,4.609087138415781,1.3893695492082165,93.91524618386369,22.94665216976255,1.0,0.6363830504567304,0.972200107447382,2.1258198932796857,0.16426622516292633,105.61048456213868,4.602435413271509,9.857296500949488,5.181958833845293,66.51174282910829,-0.2018834539543711,1.1038012795150975,48.98844850049022
Granular_StoneColumn,74.66337787907415,16.800923497520742,8.535698623405112,28.034904108499568,6.42677679465908,23.25785895399939,19.45286978743315,0.7484746064126779,3.3687261558059944,35.367233918593215,8.721424263679527,1.4231483932551818,169.65673056231788,27.21742323385195,1.0,0.6950352870347305,1.0124783818086172,1.9761525113243557,0.20616763175672737,103.50410577710727,3.8028620449408663,7.034179033690777,5.450489016556712,72.83988867932156,-0.20763957850086073,1.4859701165984478,54.789386763417085
Granular_StoneColumn,85.59259681992926,13.872286934662759,0.5351162454079855,21.418158446636834,7.8746309490939606,23.66016609877457,20.03692170336756,0.5988574874913484,9.447723108043327,35.57659116602058,4.64434382791867,1.4835766448378513,93.05835364352477,17.70663077591727,1.0,0.4397196049215402,0.8173470939599344,2.1501535760684702,0.11349166449026923,107.8560141455668,6.0912782059171535,11.811597737923732,5.01952413970797,62.77102276380324,-0.19994089931534892,1.4464155058356567,50.4629201325994
Granular_StoneColumn,71.47599192978466,20.821176916528092,7.702831153687253,35.35013390790728,3.773101888588058,24.381769070875468,19.057795493869325,0.7702970224655574,14.078710541834791,34.459878355319404,7.737365788677484,1.3579479441085038,147.45713486187643,27.77084047240483,1.0,0.3696460558073753,1.3889310427503323,2.409045990110491,0.26107246422178026,84.57310360670289,3.0453922952292714,18.586322404110895,6.710955175562294,96.88621000980626,-0.28003455183459386,1.7991443650132999,60.0
Granular_StoneColumn,86.28172235753387,4.57547297281727,9.142804669648864,21.4250537064273,6.088041775327613,21.598917281199828,20.258286668915463,0.7681037364099172,10.15655799242839,37.03089614339495,6.014715000377185,1.265044753163688,121.847820709467,28.942437280614634,1.0,0.6354398530966525,1.174879953243649,2.210569580756447,0.22185462637301542,113.1897967802834,3.9108591886315267,12.909057395875122,5.934030478327053,83.81966173170854,-0.23139838000283058,1.5188540143826637,49.87044438927354
Granular_StoneColumn,93.05132589172192,4.079276495246475,2.8693976130316083,38.44240871922436,8.663129795866883,23.589818593883727,19.20829555388063,0.6775204520848023,14.659807255433918,33.11105563307036,3.8027686966506913,1.1192555281813483,73.04470504831191,28.10910365241095,1.0,0.5670805183871646,1.100423354296331,2.4820353106171127,0.15438089974122554,99.72184323303581,3.547670692960092,15.74221854553234,4.855247347413347,64.14147738365887,-0.2252702647883421,1.4718862818164684,51.10795398309634
Granular_StoneColumn,81.95592563533253,13.944130617797523,4.099943746869944,21.01948071583323,6.537347246840004,13.517963079779113,19.434863305501672,0.8274357729142041,4.637413419245503,35.32905314222965,7.999844239752941,1.0089859419346296,155.47587926490334,30.958675581465023,1.0,0.6858945801928515,1.030229209700196,1.8641588689507542,0.23987873877398708,87.28532733987575,2.81941412868881,8.372608521998103,5.444780640978637,75.17204628701906,-0.23039257632344123,1.3885348762628944,55.44864579492447
Granular_StoneColumn,83.34302710218422,7.051762703349722,9.605210194466055,29.586505555430307,7.918893229720624,12.963714165257155,19.229484950156642,0.6000933646687032,9.819661255138042,36.333399537123164,4.524338329843125,1.3119959243899766,87.0006958231352,34.041534788450335,1.0,0.43828372667693327,1.1236247352944164,2.4117004939365208,0.17048482140008173,107.97540446704241,3.1718723946511505,12.793783759852731,6.0117958329084695,68.60339992119641,-0.234334357048613,1.5767884347339005,54.05630954206069
Granular_StoneColumn,67.06798106372267,25.907504722277956,7.024514213999375,34.46068861701591,8.22025930988994,10.097321256707897,19.83319573966913,0.6302012687234994,12.577500576077153,37.423857031259466,4.23636398217214,1.4969699916731651,84.02063608290423,24.358315697414437,1.0,0.37485968030044836,1.0280635992294824,2.2415818883252494,0.1652040265070827,80.20303919443865,3.2926348517172705,15.48666196573663,5.999943639525979,75.71710717159777,-0.23997308847449492,1.7014188219270034,60.0
Granular_StoneColumn,90.93430710853485,-3.804511972059755,12.870204863524902,27.864929295840753,4.774283988700257,20.602665361436475,19.416640194005154,0.5689673017751902,9.306488773508594,37.30351037860567,5.508260500125682,1.1804152107713515,106.95191222579125,26.90088216744998,1.0,0.5223547913032756,1.015944756496204,2.441600105871459,0.13598186633498877,104.10711470976554,3.8700260482808617,11.53515083039367,4.58472719118148,62.27811190624521,-0.19745567688469123,1.2086387399372849,47.99326423109773
Granular_StoneColumn,73.56343361599596,21.30083989386621,5.1357264901378255,24.344669491848695,9.12989561059796,24.062007817206165,18.678997308950994,0.7886352874532763,4.0927962718496715,35.05244173658085,7.573031713316384,1.3342076208556846,141.45663899363726,28.331347745044365,1.0,0.3799131080378016,1.0783679250332079,2.3070400258619723,0.1715985232747725,86.34411607558702,3.0476529691634626,8.258538179945376,6.534709497709679,80.68166540715293,-0.24889282821821881,1.5861032432096696,58.46081172991488
Granular_StoneColumn,83.45153496585695,12.548570158320032,3.9998948758230175,35.18181922792054,6.218757016364252,12.804030175625147,18.363848828306615,0.7365278158286191,9.994632018566612,35.85896870698005,4.637975351534394,1.1970554699958937,85.17107822498986,24.76000198812547,1.0,0.4416265003859476,0.9655898202027144,2.141071020765051,0.15973978357450497,81.45756220398681,3.2898851237189985,12.857549471880603,5.528131018670311,78.54579077051915,-0.21345405503121476,1.5422564790883797,55.31062860173609
Granular_StoneColumn,94.37336509234407,-9.146354197516715,14.772989105172641,35.68589409577453,4.4712957253508065,19.55415363140318,19.515310972207445,0.6444820917043749,10.34085487010966,34.365426416775804,4.2856307714732,1.159160054018086,83.6354172173608,28.17624753346247,1.0,0.3940922512867089,0.9080299399800713,2.884929486549163,0.07780720471133498,129.46850277467013,4.594951922569238,12.086020920124119,4.8269366627773715,60.185392110076954,-0.22124969727329313,1.1887933742596344,46.29791681253645
Granular_StoneColumn,82.86507801718423,3.467885430864518,13.66703655195125,38.45389967908734,9.057911172519105,21.196896388326664,19.22294990386759,0.5991440990782947,11.74451098170423,34.8090665772812,3.0696753799935506,1.146183368135949,59.008216050751734,33.383628682383105,1.0,0.4284462628810275,1.1339635389081761,2.0217179861056285,0.2470853026250909,134.9749281969581,4.043147300766193,15.746371359823227,6.689972782559319,93.63926842160083,-0.2688581440612758,1.6784728681671972,60.0
Granular_StoneColumn,86.74128462393134,12.823824201083967,0.43489117498469787,27.523302208621555,5.924731642743776,23.91421352722085,18.23993924174028,0.5620443310086222,12.134538181985686,37.4375947554383,6.301501679712065,1.2027748097590185,114.9390077696724,31.76342614266878,1.0,0.3871506284874871,1.3056592616901805,2.6176386906966718,0.1954025317510535,92.4604789015464,2.910910129349724,15.468733534560394,6.40340242338763,87.98857592676055,-0.2644801782671073,1.6485584630623895,60.0
Granular_StoneColumn,78.35958854671256,10.079482223688954,11.560929229598488,30.12503468994654,8.252187068658039,19.702903360258325,18.98904366448317,0.600023670587781,12.249272258527286,37.58422395915484,6.000518985206279,1.120137397119225,113.94411701964226,20.612818407446888,1.0,0.6838670997995498,0.8916969066355354,2.909573655098897,0.07376760610229013,112.35789583005567,5.450874965718595,11.886334265525768,4.506003735957942,51.331482147161516,-0.17980857202065892,1.0714985005995936,32.764005831825166
Granular_StoneColumn,66.81097530545172,31.534003087170234,1.6550216073780444,27.26256885692144,6.836231505551151,24.554405991231285,19.286941055001133,0.6859853939012974,10.961332723667592,37.37248434840212,4.637074205461634,1.3492639930930848,89.43497686840475,19.763443074857104,1.0,0.4474969497074074,0.8196406043625313,2.4464039516225196,0.08816180474517471,96.6774894278591,4.891733138890735,12.5320062791708,4.432412204418083,57.501636673900016,-0.20495243748131622,1.3563778749149906,48.62858078218643
Granular_StoneColumn,88.92798048469365,10.659741592865787,0.41227792244056427,25.141636437027366,5.6731022656415035,15.170097115188216,20.067233084563973,0.6241530907031818,5.589734237023897,32.83022517088183,3.3755651480678353,1.42456321595491,67.73825261840796,32.094406588583844,1.0,0.5053641550973978,0.9480870470924216,2.8516901862953787,0.0868123725877096,109.61464632033093,3.4153816185316686,8.140017184196475,4.862840278860037,52.45896749547583,-0.20436566932513675,1.0811468573523149,44.26290101746039
Granular_StoneColumn,66.04996523791957,29.8446020225852,4.1054327394952335,35.02065923075217,8.669134905269985,15.248928006571115,18.190252639583406,0.6276946532295901,7.850829070073752,37.10050412798382,6.004791122170858,1.4297311839871105,109.22866756021546,29.857854567841777,1.0,0.6645141326719778,1.3878323860722865,1.9498217741199413,0.39790013377932043,106.19787925364962,3.5567819855358733,13.174149836144005,7.6415395661537495,90.97306452599173,-0.3082241397277751,2.1038511435955005,60.0
Granular_StoneColumn,86.01973486663562,9.94007694744782,4.0401881859165645,26.79303690033911,7.091289521512291,18.145187650215185,18.871238370615007,0.8126729100003143,12.313559671372783,37.69018238612888,8.517435777501419,1.0366192280554956,160.73456086363385,24.41105137646238,1.0,0.587062555786516,1.2972548442460035,2.39254652430769,0.23089774971694046,96.14306330482914,3.938505631000072,15.173056804252008,5.893538137525797,80.51973757425942,-0.24443095796855674,1.4800935100964283,60.0
Granular_StoneColumn,65.6876471944891,22.02257137030643,12.28978143520447,28.56298883984704,5.733934716989221,15.752528216738607,20.056640306775964,0.7045413020383302,14.441123800809759,34.16749816744163,8.00697491929024,1.4375454832388945,160.59301590158086,26.629663191938008,1.0,0.566313118196621,1.157519632117158,2.3484303365771275,0.1908056580190387,122.02361477811786,4.58224401482704,16.304844954359062,5.795933515603114,62.24253568980565,-0.21797089453823415,1.274705046388262,54.12853251986583
Granular_StoneColumn,90.86915709730012,-1.5291657864426451,10.660008689142527,28.073473152480556,3.767185092345889,10.02138592431299,19.621059829428948,0.7687755919385244,3.947363578039464,35.11187773653002,9.025564229021192,1.1049307391130632,177.09113573197857,36.033612703268545,1.0,0.596947116626293,1.3575493491458814,1.809742568444394,0.4419442922047425,87.58945755921525,2.4307709104968587,9.40788994225907,7.780282205290964,101.06102592466604,-0.3250758513476394,2.005942771474332,60.0
Granular_StoneColumn,69.72908107498942,15.546777515030362,14.724141409980215,34.25322451293492,9.268117196366955,20.97658037630481,18.724895804509465,0.560713284708443,9.426440133566338,36.67457153487798,3.0670788139920893,1.0855845992911786,57.43073121622034,33.231402575120356,1.0,0.6400877899868835,1.0671674701023468,2.3319088096312015,0.16448712579206332,83.18436693028202,2.5031855559584595,11.407843537957142,4.545820559791999,54.53581034630341,-0.19509927314721312,1.4228791431767183,49.635362337667864
Granular_StoneColumn,80.42814486327653,8.899161632046194,10.672693504677277,38.3559125222136,3.2482870973916658,21.27575562217725,20.113337805056606,0.6595490067034087,6.750267255891677,35.372468825393895,9.764935217632189,1.3360536344389415,196.40544067673017,29.76960207775279,1.0,0.6571842437481163,1.3899683615451042,2.2428357076591174,0.30165101273669337,126.06052598223675,4.234538495106168,10.971349950285022,6.931125596244173,86.44571501585077,-0.2634440140171989,1.800573959600942,60.0
Granular_StoneColumn,82.91452113449442,10.81164556666486,6.273833298840719,33.33512122614755,9.042311438576395,21.204619070301558,19.23323395140673,0.6937508042186326,5.704726731801957,37.960901130237495,5.389885768392139,1.0828178040517737,103.66493395484365,31.94537650158947,1.0,0.5749238847327592,0.9777812270715704,2.6037584733295382,0.11075717713262928,119.95580187324079,3.7550285834719235,8.233434050770281,4.156732528291099,56.36510122301104,-0.1798932253069266,1.1871197443849792,44.74479676162726
Granular_StoneColumn,78.72636222120236,10.789722864619382,10.483914914178253,29.43165192188465,5.519730674182089,15.175309999157,19.24587972827615,0.6059250565630554,9.06972820223658,34.73428019094097,9.932784572643754,0.9317798433658261,191.16517725197852,19.487427513079908,1.0,0.6615025461429201,0.9441834497095635,2.9259957342918224,0.0817815375204549,109.91156744878387,5.640127070389949,9.994711474293426,3.75258084838667,56.7384875852349,-0.1723665006152405,0.9779480617965636,37.3403742832497
Granular_StoneColumn,75.22290468046661,9.785209311737356,14.991886007796031,35.584102294777665,7.475371344509841,17.83434209966758,20.44146834800096,0.5860574624336616,10.273072086678441,36.28365626724427,4.7683362242124225,1.1241706633861848,97.47179399986464,35.20322393266448,1.0,0.5373891345989169,1.1828289206882066,1.9029493059144438,0.3034445297727739,108.06738622835249,3.0698150383913725,14.696039112959351,6.737539555407645,94.15980211777166,-0.2948256065965876,1.7980513009144903,60.0
Granular_StoneColumn,79.03442888542915,10.313442876132928,10.652128238437921,32.81942648244275,9.455398066849796,15.399602772650042,20.367791258090946,0.8110911335499528,3.117266777033775,36.75554684117927,6.300754713047714,1.3328793602150093,128.33245676378854,26.00498116997013,1.0,0.44705179969394815,1.0268923807702162,2.1929716640575476,0.17221608187048087,109.84468276948557,4.2239862452325605,7.253696100054811,6.3704920004843215,81.42803196449557,-0.2510504035341672,1.5509571426617568,55.54142248128721
Granular_StoneColumn,74.34247261643476,14.232307043860464,11.425220339704774,21.21220714235627,4.061946308527289,10.240546000459686,18.89633170842461,0.831829488129939,12.36247886641429,34.96460249455064,5.477493736027125,1.0961750521621059,103.50453856678656,23.21768079370289,1.0,0.6580268481093454,1.1758193251857547,2.332877684873102,0.19952031927644265,106.22144456592036,4.575023901385094,14.270569759548344,5.256813200113149,75.29652332112286,-0.23330516574663637,1.2765745584102501,53.11388492688162
Granular_StoneColumn,78.14367041242589,7.780854359720218,14.075475227853891,21.913271728376834,6.968653329471671,18.436734119071282,18.351447821657707,0.5736420094136223,12.838585575113372,37.14190283426825,5.490325004960118,1.2777354335970879,100.7554128524682,26.65724476118784,1.0,0.5395154895945804,0.9829973109816115,2.34622245364126,0.1378656800885807,103.57353774987075,3.8853804538971244,14.211015125120003,5.074684079692029,63.63886183228221,-0.20456620208359647,1.2835063925880261,49.07446346638355
Granular_StoneColumn,75.76738972994092,22.527841350383834,1.7047689196752502,20.758338881472667,8.351030036591343,11.856409991260165,18.814166830695235,0.654705613762733,14.586129894815196,35.276927547243176,8.89597469123751,1.2960716665578782,167.37035196258506,34.71008305424337,1.0,0.6671481556485319,1.1707509541027945,2.7297716650107047,0.14446620991039447,109.98143617316722,3.1685731204184426,14.747960574523516,5.065299664962089,49.469319455154235,-0.17588394993579967,1.1648344897740437,45.153456344016156
Granular_StoneColumn,81.98614470521436,7.442090893069739,10.571764401715903,29.136326524126396,8.3030868290334,11.200619861371608,18.07620815077847,0.8374856884433421,5.167724798696339,34.46990478080979,8.224932578161372,1.3402416070358136,148.67559330896395,37.5254775827783,1.0,0.3640587348827034,0.9654477563510219,2.332074799000129,0.13460540058238146,111.71091026958563,2.9769350709304097,8.781580828476102,5.509090356071508,63.75666048693203,-0.2364489235516001,1.3176268046381654,54.35529406542521
Granular_StoneColumn,72.1377248673495,15.10018576313876,12.762089369511735,36.5170686867793,6.679423402196528,21.332486030451808,18.051919716775977,0.5749485199397395,10.134630748331375,32.64694204311168,9.945060046610337,1.4382782797865619,179.52742553992616,26.502874722162026,1.0,0.4891305130394324,0.830583241291334,1.832593561744384,0.16133325519995487,121.51413884501726,4.584941826835323,12.737657212899549,5.166726734922138,56.43256026545671,-0.2212193865508114,1.3554635345326935,48.74042924127022
Granular_StoneColumn,94.65969664742038,-8.97537565073377,14.315679003313395,26.261663387027042,7.373176219345207,10.142593036271585,18.98880534062855,0.7430924118636179,8.119504481716735,34.36048145810255,7.294602779022588,1.1595386995610588,138.51579220806798,34.936532667355536,1.0,0.6817317564268639,1.3472815411539099,2.652124913511398,0.20268361899604584,122.67242964404136,3.5112937741147294,10.720156196436472,5.085054316443924,58.05952253214986,-0.22982711920699866,1.4123282450829915,50.28820689096616
Granular_StoneColumn,80.02609860146497,16.809362052859544,3.1645393456754904,27.68320366184963,8.302688958929911,24.385126654130893,20.352549556743085,0.8416664112901017,7.017934218664208,36.40361872839971,6.242796230761519,0.9998592459974742,127.05681965922275,29.703956626077705,1.0,0.43737753246540595,1.3299231211240774,2.861795634174806,0.16961557173715153,102.65774480840868,3.4560293128856565,10.492336364941043,6.183246933331926,72.93307487475562,-0.23619717847448504,1.532744235749977,56.47071551669754
Granular_StoneColumn,70.8248623224353,21.616202561701044,7.5589351158636635,38.189542167357814,8.887193464301882,17.728830461688652,20.17839335308052,0.8434671005744123,9.787601417250055,37.52771847008064,3.630517040628238,1.0913554292591336,73.2580009208584,22.87536311905179,1.0,0.6795376861134723,1.382478889563603,2.4166856550596076,0.2570197931120221,104.81243136460932,4.581891479454422,12.97397650703514,5.9166723713249905,70.91042393800205,-0.23645657684531413,1.5315724467193288,58.34476059371858
Granular_StoneColumn,79.31200248701818,10.479674798314596,10.208322714667228,36.7380689063331,8.332691678131045,24.745246460592227,19.278607084794057,0.691366999271123,12.388597118682604,33.51007642316186,9.975929936596998,1.1593003531043915,192.322033553088,33.94765922102317,1.0,0.6838658613952374,1.2299163057328428,2.4973302260382066,0.19049740001823584,102.42183018417339,3.017051323548853,13.85380574909503,5.657544852733297,61.61244085294015,-0.22357905504511946,1.21413292000037,46.98424231495398
Granular_StoneColumn,90.99245388574472,5.295530171735216,3.7120159425200616,33.3009622476512,5.478034602268698,10.869963587090627,19.413065952927077,0.5988247323347142,3.2766334013425213,34.131413103983014,6.86071457052598,1.3283348815968679,133.18750444182862,29.105917273963435,1.0,0.6587498099790513,1.2096327066411816,1.9955237267628554,0.2885912315496965,112.19214641754263,3.854616412240806,7.761765143311063,6.485872083136058,82.45325692458172,-0.26055931824219064,1.8685694606479295,58.028916573625416
Granular_StoneColumn,65.65420379373187,25.338703257514023,9.00709294875411,25.336075641845028,9.977084807404133,18.7529432329887,18.01483374186514,0.6106252944932317,14.63280135079424,32.923765964626554,7.903342287830992,0.9078732753369801,142.3773973203274,31.275906831038153,1.0,0.5472838157826545,1.1354018420448984,2.0647751336147486,0.23748902675440484,107.20121227485171,3.4275972509441495,17.438362331731916,5.904147769979185,75.30813983931621,-0.24440709738252894,1.5287196295076508,60.0
Granular_StoneColumn,85.38662357321866,10.749694689311353,3.8636817374699906,22.34082965376887,6.041518856035131,15.239905539638668,18.538752889584416,0.8168804185373184,12.718579028468529,36.144337365373815,5.84719671033918,1.0894712300639273,108.39973490976895,35.7756275457835,1.0,0.5764288071782234,0.8755654498115136,2.0822042869495343,0.1388738387264389,133.3757877881716,3.7281187483709486,13.805174671184284,4.909199437150083,53.34894492984076,-0.23074922921440144,1.2983541006145765,45.94617624334523
Granular_StoneColumn,81.43903390381784,13.559110788207448,5.001855307974709,20.321176453602273,3.171252919312534,22.65223739221429,18.06193531733596,0.8235049012989208,12.01384444374694,37.76113058005955,6.834009957254651,1.36790554861159,123.43544580596338,32.203808441159445,1.0,0.6543659494574542,0.9135411865695621,2.3168903698575543,0.12210548605148008,121.78167601498836,3.7815923615835487,12.585126268553017,4.20302783255789,53.5996692912925,-0.16993685554966814,1.0791536898312808,42.569492546393235
Granular_StoneColumn,70.08673983110407,23.290479721232956,6.622780447662976,22.140213452088418,5.538318661098234,15.418341028514295,19.88634883173847,0.7323638931620664,12.124648586166042,35.84571331908905,9.59804412325021,1.3025146219984172,190.8700535373711,34.10927812347818,1.0,0.6215639788362145,0.9736818132035218,2.91377426507477,0.08770254401238378,133.91938302526674,3.926186374876314,12.23843852360141,3.9907076564026553,44.73492259199115,-0.16859810480764312,1.0617247847957862,38.31069338763905
Granular_StoneColumn,89.52429317914762,2.537855339653876,7.937851481198504,25.851928872478855,3.8944806820169027,13.907313685860236,18.364114490066246,0.7798529198409734,7.668728515423831,35.70245918003736,4.1649360655212195,1.339043984151363,76.48536275103773,39.79772452639212,1.0,0.570532847309394,1.3340938175440367,2.4261417200578634,0.23748177834338377,122.54821949356554,3.079277042894673,11.247136990184192,7.2936272971545115,73.41555966095507,-0.2382453077664426,1.63988377558688,58.18908642601939
Granular_StoneColumn,76.06653867122017,17.192973254402567,6.740488074377259,31.035801271589914,3.850098310098625,22.863296906498697,20.172617756192043,0.7719793754411224,12.019446610137765,35.320939583002605,5.046608090311782,1.3870864616635168,101.80329597116587,27.328509475358693,1.0,0.6937907927547459,0.9037817147618451,2.030517174241623,0.15559787016862164,138.25952891142884,5.059168303199754,12.994625647423193,5.0209336758489815,65.60740136008823,-0.1980999562435659,1.0501731061467052,43.485062453613324
Granular_StoneColumn,73.81406086446522,18.788006338715842,7.397932796818938,21.280001655047737,4.97074528074826,15.619796374798915,19.60831078418947,0.7485464793967321,7.641242503235492,32.53073444411322,4.064418094446227,1.3699414313267773,79.69637315278476,23.87189445825556,1.0,0.5899868227167929,1.3537239046927343,2.1193052830427397,0.3204520364113443,118.14420669531614,4.949092201371501,12.34672789640343,7.1537196197271475,86.81166300161252,-0.3020351507750346,1.8678231176091253,60.0
Granular_StoneColumn,89.84375575570704,5.677412899968575,4.478831344324389,22.72455556636898,3.373628459240826,10.252499797908422,18.573546691289284,0.7981830864615818,13.784481954897517,36.377022958576305,8.545511326633424,1.3093098996916668,158.7204536261673,24.046753284053402,1.0,0.6914186973567163,1.1136714398308503,2.2608180356726213,0.1905780275470805,137.81300828978328,5.731044297825185,15.0149403357342,4.939330642801471,73.99811243316658,-0.20575456782824256,1.4807728590957485,50.70594630407311
Granular_StoneColumn,84.15575138574994,13.459772203910603,2.3844764103394587,23.62161404615882,7.819585318866942,15.854336512590006,18.394300792708123,0.7556219869120964,5.126668599677636,35.612297261296106,3.434316822952807,1.1637969194223543,63.17185665885166,39.432643300494014,1.0,0.37008596611248173,1.2293417812838432,2.5479107708313595,0.18283811540615963,89.49019342456556,2.269444448413237,9.214152853518726,6.554972563512208,85.53119495635617,-0.25182995923866025,1.8366094303074056,57.851694291290386
Granular_StoneColumn,91.94777251024473,7.341977829852676,0.7102496599025915,32.63964185966613,3.5179221894133357,19.81783403516413,19.569061752307633,0.7102006917242498,6.508169090581818,35.96886061313772,3.571421548959368,1.4901589973268923,69.88936883510806,30.686610237770203,1.0,0.39863612975977436,0.8661466920083399,2.3280397836048063,0.10871563032206033,83.14866084976423,2.7096072262625412,9.496262746543056,5.576213844097669,61.5980146322894,-0.2157783939273346,1.3583150722773207,51.07773704791547
Granular_StoneColumn,83.89651111013598,13.16380805248901,2.9396808373750156,32.315795979602484,4.423026888051693,13.815393082095728,20.25209245070581,0.621086908776447,9.616050512388913,37.39286655816453,5.089458789511581,1.2414439173540441,103.07218992924582,35.07296854238412,1.0,0.5080105961001716,0.9614201292655465,2.27093381301231,0.140769104950928,114.74751111223156,3.2716794694342544,11.832834461977113,5.7304073102488555,57.26713715026027,-0.2018706352914073,1.3547780218984864,50.94552400298941
Granular_StoneColumn,87.22452973796345,4.046315639449803,8.729154622586746,31.01531452744306,3.6502980014588355,16.479813886377357,19.795900547285953,0.7731664432355857,6.830532430647271,36.70376472236611,6.599317266447079,1.0216615256213035,130.63942828657338,27.406745191835817,1.0,0.48470781130951024,1.3751111649088557,2.4776743204787937,0.24192294380980953,139.00959234798648,5.072094164227717,11.035746982011064,6.949703328012473,81.09807037796212,-0.25653640640691305,1.9852906884800652,60.0
Granular_StoneColumn,90.09337688778838,-1.8851086048353665,11.791731717046986,25.010028493918792,3.4421741163212176,10.850727074233383,18.871366629008445,0.6920313603514824,8.09084694354328,36.68549151292716,5.843923603917106,1.0756877130628706,110.28282488143604,36.72502202012626,1.0,0.6239571944749597,0.9596899681578388,2.0902019939453584,0.1655675704944186,105.0563148381438,2.860619519317653,10.444344536013606,4.560219409649663,68.55920435816603,-0.18678538399905883,1.4373747726155797,44.347760221069336
Granular_StoneColumn,66.64218907729811,30.81909696105847,2.538713961643418,27.42239382437464,4.874261658776792,18.821391872709356,19.46845898817162,0.6384375052022528,8.909072272783137,37.56310261327609,3.313714174695651,1.316137473582282,64.51290850858524,24.01296358870698,1.0,0.40621490926422127,0.9779130322346876,1.8946839271014986,0.20922655637325532,92.72260173157758,3.8613560291735065,12.828979744765492,6.0217240617836865,77.83342993396053,-0.2607396205681258,1.6323286242587713,60.0
Granular_StoneColumn,88.28146876608142,10.090200867328855,1.628330366589727,21.93379432675486,7.00329277362259,21.34442385790591,18.776904238431054,0.7905838827225327,13.276240185762104,37.93960970877799,9.702440905096662,1.4548437391196782,182.18180375403634,26.979833507799338,1.0,0.691633312689021,0.9185584309046477,1.8292971777866667,0.1980317967994134,111.29248695161084,4.125024971686292,14.718203242259817,4.882878383805603,69.63875044253933,-0.22041273806310677,1.2809264044270736,48.32684393031458
Granular_StoneColumn,83.4111944554873,5.349450136273941,11.239355408238755,24.529212075161098,9.752798895127892,16.199688421016653,20.49787391694665,0.7590140801059084,9.278307043304313,35.487696391766356,9.670086642506586,1.0072320775235386,198.21621676404993,28.201450866250738,1.0,0.4602730563413199,0.8774441991840978,2.1015109961605525,0.13691958121948236,118.9279174747333,4.217085072635636,11.812151138672395,5.064555399845046,73.76025583345087,-0.22220656817095297,1.5191072132679053,53.55407539828856
Granular_StoneColumn,67.0852338954558,28.337391146484855,4.5773749580593455,37.95410452945161,9.128896580447243,16.303489492021903,19.872097971154627,0.83120186893741,7.349518183374726,32.653289696186995,4.955494262685319,0.9494078974474718,98.47606748357731,23.90921092256786,1.0,0.5001232977090557,0.9399545848723988,1.9099104409733625,0.19022939065569705,98.91072173095334,4.136929572928386,10.815733291396048,5.909250174687785,68.44555102446132,-0.2355189690000168,1.4223398840174126,60.0
Granular_StoneColumn,80.25733765606145,5.470170755528262,14.272491588410286,39.59383492871657,9.131537478117274,11.324237478773746,19.535954099391883,0.5996324920056634,5.972833968421389,34.75477944665262,8.12067930688007,1.4289186288252038,158.64521819509056,30.214238137399242,1.0,0.446160761354008,1.185396135170479,2.20360876622492,0.2272730354945989,122.88616150995557,4.067160686002764,10.229528451567257,6.189222220807999,76.78325626978904,-0.2523107371616013,1.838306187091686,60.0
Granular_StoneColumn,67.47374233951862,21.811488101325782,10.714769559155595,32.95319171280589,4.232469252263604,13.029112967679739,19.058147856914573,0.7447567853909479,7.904111745506366,36.72560687876987,7.050027879682567,1.4491667873477008,134.3604737263603,25.545648693094606,1.0,0.5527772660642916,1.073220640102138,2.7275202484317065,0.12159954430929765,138.50687042274353,5.42193592680949,10.13817957285245,5.4909641177395105,64.00608672916441,-0.2150530293273353,1.3008713623033474,45.59817092488386
Granular_StoneColumn,87.07841605169668,8.020243239657859,4.9013407086454635,38.336465840468406,4.85435035448474,12.32012954691869,19.545380725648894,0.6232718404264528,9.188833252972438,32.1663519485711,4.662336865039368,1.0658276071895396,91.12714909842275,32.84183564419912,1.0,0.3705200451479044,1.132253501802739,2.659553196584206,0.14235078399466053,133.81778730263702,4.0746135128495276,12.201324226955224,6.266106501902876,72.33603790929321,-0.2346938962348077,1.5705372528667643,55.241261657910506
Granular_StoneColumn,81.3950514169365,14.26180736615793,4.343141216905574,32.8548380080285,3.5347532175671397,17.22531652992307,18.854040156168338,0.8210748955904925,11.953378286438836,32.341324630136896,4.835200862191308,1.1263714346227438,91.1630712188947,28.015744604634502,1.0,0.40238712694965706,0.8734188972596146,2.5331131473456345,0.0933739801771048,97.49512241073171,3.480011821445702,13.531787433689146,5.085288766135495,58.70268346916003,-0.19337238527791661,1.2953601168901558,46.363806821341534
Granular_StoneColumn,93.60720612236892,-1.4626819164385578,7.855475794069636,20.663929722109398,8.449278379406294,17.93883311426125,18.072162098645077,0.5798498242769847,4.452585314068064,32.40294669429693,6.4380722201731535,1.296112798498715,116.34988476575303,28.721742854991827,1.0,0.6110291961965535,1.28126986829774,2.8230002926553746,0.16178910066239285,99.60342098867591,3.4678752432102105,7.719012534438541,5.656301974278748,60.45772552826146,-0.211139759936434,1.2453322563205742,51.316883799739514
Granular_StoneColumn,70.49406114715309,28.318768828673768,1.1871700241731413,39.935251699728184,3.4887141103989334,24.2341019692639,18.987721305891583,0.7468485419334632,5.6593102588698105,36.386214549969864,5.93465859048152,1.0979580125054849,112.68564336167847,25.374593203401528,1.0,0.41527520419168135,1.2704568203479087,2.138481149453132,0.2772035876854876,102.29247346697531,4.0312951087335165,10.64447628857175,7.4924389510597615,90.14519565787792,-0.28177315490496313,2.089238708570509,60.0
Granular_StoneColumn,83.18100357561136,15.05384873470916,1.7651476896794849,21.979046033730697,6.8968696957459725,11.09847256415851,20.326202048949668,0.787325716458409,7.555848190424078,35.00699977137903,5.038605297618849,1.4262952249620318,102.4157093243089,38.43329527476896,1.0,0.432430058044832,0.8129539466856053,2.862064503635959,0.06336696897991992,103.67316670361872,2.697483157830576,9.530913824442402,4.441653373707795,46.19979912096435,-0.1832715472887138,1.143451128771875,41.78943041104198
Granular_StoneColumn,71.34746403711475,26.014667743142365,2.6378682197428875,33.65283602890121,4.735129006267655,18.998019597325708,19.565752736934666,0.6564753521094122,7.324780861434175,34.21338766112356,8.652581174136042,0.9645472216283176,169.29426378940164,28.333430785643813,1.0,0.6275437825036931,1.030109056706183,2.279087003603015,0.16044806474655063,86.01916995159677,3.03596026200899,9.851928046026732,4.395916148149454,66.15850261645541,-0.1962197585746303,1.2502920162182736,44.7758503850735
Granular_StoneColumn,83.42194954182195,4.9571965586096525,11.620853899568402,25.0567240614958,4.7041194382012135,17.89747790992362,18.209889257677254,0.8362414238151428,7.700977051262541,32.633702271570414,6.370240423461695,0.9227893325761172,116.00137265601653,20.706904788037523,1.0,0.38265541242503875,0.8412623611826887,2.281071981919952,0.10682547148524885,125.71777033335735,6.071297068308591,10.568795064851189,5.292963305912047,63.78785933620197,-0.22886234797434377,1.3978896982745028,47.83513185217848
Granular_StoneColumn,86.67949107082569,5.612648540137473,7.707860389036837,27.8396222581392,9.935075386733235,17.74349646903744,20.212484033487563,0.8052192053758112,12.522255175683895,36.39344150123534,7.583936436723895,1.0250917240456738,153.2901941382663,28.276764507448416,1.0,0.5031158379697943,1.275263467648975,2.2864219363506257,0.2443300941693243,101.92035581664203,3.60438535285022,16.030815099705833,6.159585627208037,64.0481430997421,-0.27026119447280494,1.729054335885627,60.0
Granular_StoneColumn,86.66912987988616,13.1723632784972,0.15850684161664408,32.91868369601876,8.297458648849762,23.097389310742397,18.672187123353787,0.6383854899054711,6.889852835546078,33.9261188633054,4.324914501175128,1.0716526669229813,80.75561285844829,31.503616009248777,1.0,0.3580721854490294,1.2423618098754226,1.9177132394891778,0.3296239305632496,132.78919860232713,4.215046252574407,12.320954307190618,7.561951687543749,96.85677419014328,-0.30979728107877713,1.926300984793666,60.0
Granular_StoneColumn,89.4522197204783,0.4450323674400689,10.102747912081634,28.72974698615414,8.858575508037351,13.083077060432297,18.60942373270682,0.5522623278147997,9.022778164831976,33.591944420388,6.734553637615408,0.9677559547733251,125.32616229302721,37.677735686261876,1.0,0.4713825897612663,1.3411928565758937,2.970588597997267,0.16009852291884397,135.61643738720653,3.599378649408999,11.791398526484135,5.513772192798417,64.03312495873217,-0.24144737231973612,1.378316532715968,53.837493765304835
Granular_StoneColumn,90.6065068387495,3.0381404813430475,6.3553526799074564,25.010921178622567,7.003878797408088,10.611599115120573,18.742727421950804,0.6389971528354182,10.486884394294758,35.9139152093213,5.22583234612635,0.939414257604388,97.94635121625984,35.468146818015995,1.0,0.594643490913764,0.9418423753718688,1.966208133390191,0.1802135149885532,81.46587855846128,2.2968744032908086,12.672517631205025,5.295983591121473,75.64154231104854,-0.2200756682932709,1.3089596391667844,48.44950230147306
Granular_StoneColumn,67.31815178801531,25.01906273752772,7.662785474456969,26.688923737566494,9.097100011756243,20.084072614512888,19.443005590314893,0.6343931411412228,5.786142602203261,35.35406535558105,6.684895272764147,1.353364628101079,129.9744561590229,22.29281992368146,1.0,0.3815361479010299,1.0737775298766794,2.2090628693630214,0.18556768617145775,139.3101841956924,6.249105526919205,9.902225996190248,6.358010151194174,75.08348019886955,-0.25334226379069436,1.7617050551869495,56.53595858520805
Granular_StoneColumn,75.29801471217212,21.490241636633847,3.211743651194033,26.83096233846353,7.51843377416447,15.177361962039702,19.36172023358494,0.8169893822502727,11.624344645770467,34.17446385087981,8.465780833876497,0.9985659395413544,163.91208006436216,37.89027780190609,1.0,0.660917119372566,0.9106927262986386,2.183160384392109,0.13666658203717855,122.60136389001107,3.2356945106336368,12.446869196017573,4.1862637886208915,48.62276176576326,-0.16923782612825206,1.0586906036638117,45.92972809554984
Granular_StoneColumn,85.61367561079417,6.10959096329427,8.276733425911555,39.18647809016427,9.623215933574418,10.263848743187868,19.228534386557204,0.8401363534764242,9.565335836859372,35.84892482483353,8.382392470638832,1.4483533194397824,161.181121863297,29.853495474521214,1.0,0.6683246650292506,1.0227409606844717,1.8896153193800516,0.23007762121349842,111.22353355957773,3.7256452482927047,12.37376030735441,5.7158763822124845,73.0242302547777,-0.22649233056320062,1.267048346751505,54.46119034952539
Granular_StoneColumn,79.95758862173636,5.355112781991307,14.68729859627233,35.97226031846902,4.969370102319457,13.770610109356207,19.79384215878157,0.5711319957910781,8.361373956376536,33.62732912230471,5.479544746239931,1.1207997968688577,108.461243809054,32.555046432280214,1.0,0.38674663129379727,1.1133459509401304,1.982712156134252,0.24764571100165034,103.3716565023532,3.1752882526948025,12.8704608356883,6.64373811201295,82.77530769579357,-0.2735653385378545,1.5966355398266772,60.0
Granular_StoneColumn,70.72027840264374,28.178051232269837,1.101670365086422,29.170975429588,7.167236820480265,14.639901613252178,18.7913443283374,0.691388448559995,12.717408320859766,36.768981569625964,7.859939819557474,1.3023634858328073,147.69883554931462,23.196471196225026,1.0,0.6967563527315218,0.8319984739031534,1.853830003422463,0.15819586490382445,111.11108795658278,4.789999608848475,13.5902373861153,4.823713597115244,53.55928106886523,-0.18434353057767236,1.0526700649857552,44.19915577297814
Granular_StoneColumn,81.58128710500094,14.1599519000326,4.25876099496646,23.99641840682728,7.830919435558245,19.252575651763628,19.955161303931078,0.7144995995589387,5.921943110222184,33.375913701845924,9.589029652759939,1.0352412688612802,191.3506334690028,19.764113887022823,1.0,0.4541353436884211,1.228922246406431,2.1508853922726163,0.2563918129953956,99.47748343870667,5.033237715960738,10.56052932108887,7.010636442488941,89.0553660566363,-0.28728880459392075,1.9804086310175588,60.0
Granular_StoneColumn,77.22306958298431,19.131966524103245,3.644963892912447,36.22032220525312,5.750561135194647,12.588786910739081,18.438304195946497,0.577873498398911,13.598111647371878,32.95302617229209,7.379685309474345,1.0441936610951201,136.06888260644553,22.799417542450414,1.0,0.3794355848960621,1.125976016222645,2.8399883088346876,0.12345681164384786,117.36126882179289,5.147555572561318,15.572856262571372,5.166549896593046,62.90368539058679,-0.2297287361470163,1.4621057405058926,55.84015100592158
Granular_StoneColumn,76.70114832962915,19.570612009103158,3.728239661267694,23.14364943216747,9.157955876828373,16.195815219300968,19.956551972692523,0.6632493127412568,9.732584824400444,36.69463645699325,4.03887086367846,1.2448255217205453,80.60193630199272,15.754321549997302,1.0,0.3517734900740418,1.297375410326404,2.2073306468848615,0.2713228808879941,85.57881658668748,5.432085178349183,14.837018887495558,7.198857041897935,85.18566416820305,-0.276714421486078,2.0451234317265063,60.0
Granular_StoneColumn,89.29261152306992,5.026793113449418,5.680595363480659,24.20924434284007,9.85862214172908,17.237131666267487,19.65952526312571,0.6451247252178852,10.310098552555898,36.2473521841876,7.757960404953666,1.2363857550875916,152.51781857151553,39.647130755302236,1.0,0.49298301351735185,0.9630683007147184,1.9484301984808552,0.19188205191023106,117.26735617470861,2.9577766143651085,13.190642073923106,5.702173561094602,82.39055062269557,-0.23736346519481433,1.585698676645538,58.301480040509865
Granular_StoneColumn,77.22795001496544,10.500403213872044,12.271646771162512,27.320267836803023,6.456386439608631,16.88856087046136,19.708020773868967,0.7108169062981262,13.500707570027313,33.09583385421079,3.7343307044451794,1.361237536807249,73.59626709970233,28.101750193380607,1.0,0.5704334949971411,1.3419926631615526,2.5748326420607017,0.21334975671780693,96.52069100830664,3.4346861083065985,15.911252327917207,5.62307297264106,76.07283600052745,-0.22705876185018842,1.539948169440754,55.452394268574636
Granular_StoneColumn,65.79363516441272,20.51348448612147,13.69288034946581,37.606963917039806,5.7344845836303735,24.609111500001724,19.20388349281815,0.7483572699195814,12.810992254192032,32.69747451613963,9.10477286155119,1.3546879834165595,174.84699726180156,20.782717355390215,1.0,0.4662627374661596,1.3992165518182658,2.995921094465893,0.1713164267386106,81.05808974314078,3.9002642607809666,15.295607856483104,6.02325002257328,70.66984425125688,-0.2275835034671603,1.517016596521861,57.92107109506436
Granular_StoneColumn,66.74190016673273,30.224873521382666,3.0332263118846,22.635733372682203,6.30356549989521,10.68256356685444,19.667503831702163,0.7610455331489699,10.218744825862803,37.030394530920155,6.6166234706135825,1.3024126587981968,130.1324674612231,28.512709816648265,1.0,0.6428510779161178,1.3515790630266045,2.078788547438313,0.332010762091366,113.16234596977266,3.9688386932517505,14.61582996248626,6.5789905188237245,86.99315295002648,-0.29541059657987134,1.9638752795173366,60.0
Granular_StoneColumn,90.68732125074861,1.168429680029698,8.144249069221692,22.44468385709052,8.96915722012352,24.26452279678599,18.199492616398643,0.5910265070840163,12.03825244617809,36.65959089318013,5.695985154181057,1.1694783395360946,103.66403975663442,31.967502857375937,1.0,0.6008121964477675,1.2667354854998925,2.135485206444683,0.276355823380601,114.70686535116178,3.58823352148994,15.548556750118168,6.152842594035507,83.31090792849656,-0.25770615364111604,1.7133583238779793,60.0
Granular_StoneColumn,93.81802430037564,-3.371508882857844,9.553484582482204,29.87949976610532,7.5182789786271735,18.729058209910498,20.128877792623417,0.7938843105833864,8.199833882794762,33.96354424219798,3.3990461625478465,1.4343842317683704,68.41898481741119,33.861836396054855,1.0,0.47255653618881144,1.2874212817242685,2.966216465136946,0.14795361016646913,105.59414028269217,3.1183819757334437,10.993594063611827,5.167255946662115,72.80997359044008,-0.22020884555077,1.58196120347593,50.49537817961162
Granular_StoneColumn,85.65228009367122,6.520307790871104,7.8274121154576735,25.528210821873493,3.3134066076266655,21.935915724547574,18.138868083719114,0.7535626089372277,9.568533041996956,35.9491844492802,5.6654861421447675,1.2735470941327793,102.76550576250266,34.89969166290229,1.0,0.6070083833130115,1.1442465455267519,2.0145315450605845,0.25338503207644636,84.337173953019,2.4165592856130536,12.967956831673579,6.354697102458652,71.59778837165925,-0.2453287654143878,1.6826237371428874,60.0
Granular_StoneColumn,75.93104882300241,17.557805264043793,6.511145912953793,31.374558832963196,6.795189373120004,16.45588927024113,18.371853774678744,0.8167224750240158,3.7448416405021336,32.74496111928686,9.322446675410525,1.4941190942774143,171.27062714288218,26.562981035461362,1.0,0.6791707079392374,0.9140923177475663,2.4134568809509966,0.11266549037345636,133.6005771682515,5.029577704019584,6.53729136707754,4.162317155962448,54.00592634301404,-0.1846265577014987,1.0188795640881108,38.47887535427897
Granular_StoneColumn,93.15800947384182,3.962357938269617,2.8796325878885676,29.03273369366447,3.1211008591867886,16.807568218854705,19.44197427124309,0.6848008178306302,4.0782950160005615,35.04228595428607,3.146880974004122,1.3916218907606153,61.18157893125254,28.77733061205118,1.0,0.38258359949005594,1.2062244110886304,2.087582559619314,0.2622157584589888,116.68584843367333,4.054783607511129,9.083439139690018,7.114312870867559,86.54068103544056,-0.2993483306858921,1.8332336932163555,60.0
Granular_StoneColumn,84.88409259127208,7.792617020739343,7.323290387988578,28.699182127024336,8.449747597023837,23.189897485237353,19.848528638641728,0.8181669288166575,12.953104850235984,32.112381752362516,6.322537104472635,0.9265858867429958,125.49305878700004,32.81382638353263,1.0,0.4571363860551659,1.2276518012359587,2.9188222774814925,0.13893926194357717,86.94279797413817,2.649578167384032,14.73590024310298,5.938960871684563,65.35464486822775,-0.2250204892216894,1.316579025620149,51.49243426602545
Granular_StoneColumn,90.33000647598013,3.65177110834994,6.018222415669933,22.239459409739865,5.298185914797246,23.439017444378532,18.190628910865634,0.8097322367068226,3.71605986818996,34.349611285529335,9.518106637774356,1.0923563442481907,173.14034578180028,34.36133475232322,1.0,0.5121640786908426,1.3912310841607434,2.977825217491553,0.17143126096482234,110.65583459564886,3.2203590283455807,7.499541981722014,5.465011398385448,69.45313030173993,-0.22712198849128468,1.592342839981273,47.67275316586141
Granular_StoneColumn,87.97556912111028,0.09098044135567207,11.933450437534045,22.820993804996803,6.304052374821305,13.580333221469465,20.3019120353058,0.6815227997077808,5.032789507591287,32.44905692882843,5.763886998355147,1.243125429882571,117.01792682204899,29.980772209334287,1.0,0.524296544714169,1.1247807897537931,2.777637415344018,0.12878774973437307,109.83525895690829,3.6635233472309268,8.115411566464552,5.349702548600161,61.771123443378656,-0.1946536698819224,1.2562191890235976,51.47669593549639
Granular_StoneColumn,76.37417947317778,12.171755139377296,11.454065387444928,36.421571548937,8.590746741353424,12.988628178769272,20.434019122001747,0.6643429945878936,12.549991907405298,34.850883080941294,5.997229812235053,1.3328817227228922,122.54750866225002,36.09107305429287,1.0,0.5397684757101258,0.9628214090150339,2.1777405789753725,0.15352145267936204,83.62411212757561,2.317030363762734,14.146794705187371,5.683088353701399,68.5705648765228,-0.19523031382247147,1.2586879029260825,41.611328836487054
Granular_StoneColumn,79.36106602552357,18.62895375639137,2.0099802180850608,37.71765475143489,3.325141721000331,17.443527608049266,19.51487543251928,0.8298436044910771,3.0137514075390754,34.53008988111736,7.04992038639384,1.2302018986571648,137.57831814965397,27.570359589370753,1.0,0.455219417288527,1.2102035130437039,2.284184970336606,0.22046728847355976,116.41158221617685,4.222345444527941,7.5372892192766985,6.5811365843675915,82.53972350306269,-0.24490815138591274,1.7202670998418588,55.75488956024474
Granular_StoneColumn,70.58396463104299,28.088249580510997,1.3277857884460138,24.693670657705006,4.109790749141273,23.504155406915373,19.203108638442092,0.7645494203615313,6.388851946150371,34.666310159828335,6.240561335040285,1.371678253477309,119.83817728163982,23.903107541085344,1.0,0.5835408760938221,1.3876254917998727,2.090766820399706,0.3459578756927321,128.49958393529386,5.375852646540836,11.4958258864346,7.188784202192285,83.6134998677297,-0.28864083943324853,1.9464873263309816,60.0
Granular_StoneColumn,73.76042301322202,12.617267838365432,13.622309148412544,22.26921003049538,5.785722635115803,14.835326401092644,19.853487430699374,0.8284736039314227,10.008463893919462,32.27198781228797,4.180211838662867,1.0695933916544067,82.99178319655395,27.86517402963205,1.0,0.5757795762354403,0.9063283449614564,2.8689095604107897,0.07838397632863281,124.94048325490868,4.4837503301449315,10.929095699289224,4.494883992378993,43.5516260072323,-0.1868038886513046,1.1260237209128425,41.9389399633946
Granular_StoneColumn,88.34376983859565,3.6236043269368867,8.032625834467465,21.06833343869021,4.609476144818924,19.78021923008697,18.820893380818013,0.7890924336687439,10.145399177631559,34.16969804769099,3.129888773489023,1.010347230739695,58.90730289965616,27.711674085734522,1.0,0.5522375271950648,0.9955987511213615,2.89746993322579,0.09273009220761264,92.178164849851,3.3263297108889818,11.365580590312383,4.156878764356371,52.89217474065138,-0.19088447601226888,1.3897053711563534,41.054094134584616
Granular_StoneColumn,91.81935175649325,-4.686365815732108,12.86701405923886,32.165952274837935,5.365309980425442,20.622275316109018,19.233161085262765,0.7327892317874243,12.325834898753683,36.5389030945995,7.268681605850912,0.9323500102738621,139.799724202817,32.76560988606659,1.0,0.3898166025988068,1.1251285722636086,2.3026447946952566,0.18751684639504168,131.73755177325268,4.0206042930784385,15.471408331453462,5.879587150120261,88.33108629015861,-0.25013407687442196,1.7436485259810373,60.0
Granular_StoneColumn,86.73381269754236,12.393920493961621,0.8722668084960172,34.30706425000411,9.987223165247254,21.68011997341234,20.290377567036003,0.5847558331011293,9.071115053906045,34.21348624012172,9.445646109054685,1.2439882467429133,191.6557259173241,27.732906765726725,1.0,0.5169387618835806,0.9021287809292029,2.5878396838836024,0.09544478886574596,100.55252993956105,3.6257479531077252,10.79359746760817,4.51792482173664,52.21425350152845,-0.19962969772352074,1.2130394793840935,37.06508977178333
Granular_StoneColumn,78.95521089969915,13.147054852476392,7.897734247824454,27.45619978406411,8.777901063016674,18.458866868814447,20.389138563103835,0.6374442017737296,9.112822434371644,36.29103171565748,3.7445489311901596,1.3131597124052972,76.34812701435852,27.018418277389745,1.0,0.47467941062128144,0.813332383711963,1.9986638157296326,0.1300608268077356,136.79050269751647,5.062861241288468,11.525832937080027,5.902856550258791,63.601863360249,-0.20967264823332496,1.2001910681572312,52.53654963064896
Granular_StoneColumn,67.59527806819243,24.313324213164027,8.091397718643545,33.59351734981279,9.18731270472076,16.036827674184543,20.31767279012796,0.8406527221295175,11.703726906488406,34.2168723418024,4.476669034769274,1.095689830271617,90.95549663814008,33.40755185556519,1.0,0.5218634644433429,1.0021898734647503,2.3219230804360906,0.14631681690194695,84.30487785354282,2.5235275610145886,13.496087258403945,4.944681157351674,61.03505775299446,-0.2064808269019677,1.2965414538234399,50.707455337133545
Granular_StoneColumn,66.70843846095345,20.381031050914306,12.910530488132249,34.25917631119052,9.559382434960426,24.505239831984593,18.6561201674096,0.6458266296142614,8.983493559195402,34.53943664894112,5.591606400774815,1.268150510913526,104.31768094171163,23.39076516395346,1.0,0.6726532524302591,1.3192224809006348,2.5577989280081974,0.20892632560554134,109.17252131119056,4.6673343324155905,11.641750562194522,5.148678843682714,63.882126840506075,-0.21700884391856456,1.5044020930238151,52.07972502149562
Granular_StoneColumn,76.22976693838561,22.30608308816878,1.4641499734456125,38.70684562793811,5.386551162199369,19.16996129954279,18.58117260054191,0.5779764609356113,10.301893038763403,35.3833526769756,8.661195603147839,0.9312943385119976,160.93517042914468,25.616163875330333,1.0,0.5181859701054429,0.826081039594229,2.2624837422216233,0.10470423681834294,115.82746263065295,4.521655279626028,11.860806282162532,4.497538742118837,59.97123480950537,-0.18769511379582135,1.1026895860986416,45.928604005176574
Granular_StoneColumn,78.91465156302989,17.478664981831468,3.6066834551386395,21.297472756702145,5.079538704575309,20.928478174499062,18.744161264823287,0.7622660067757959,13.773288819060612,37.7040916208425,4.884822215296843,0.9595760077780822,91.56189535351537,34.06349380947427,1.0,0.3548932771438291,1.0573574354101505,2.229119430823752,0.17671233012278134,94.85900590847629,2.7847703009869362,16.722564352941742,6.280844692616426,85.75409681436753,-0.2612501273053473,1.8907867847708015,60.0
Granular_StoneColumn,83.2736186663989,10.6283066252959,6.098074708305196,23.845834464621596,4.638437448004524,15.174742685438176,19.10327778097115,0.7702012763631052,7.817412091348464,32.653162679879934,9.174380829951378,1.321052863355099,175.26074546297784,25.180677367883852,1.0,0.5035928583294458,1.2573204637556494,1.8011987907203313,0.3827000826684879,126.28281132321366,5.015068080903905,13.23923797043498,7.542786417800665,99.73581039928354,-0.300671712959078,2.0517299875162656,60.0
Granular_StoneColumn,65.19468564160992,21.817692227090944,12.987622131299133,21.370519751939764,8.810818379156858,20.049237715046203,18.785418531979907,0.6356373160861453,7.6215008510306665,32.19748261196704,3.3847051225504647,1.1208418231303794,63.58310233444682,21.616488735620077,1.0,0.6372268630172837,1.371909558146531,2.7651521565325368,0.1933315697101206,117.61374078864301,5.4409271656981355,10.5184621006506,5.6953682735979,61.9944724550448,-0.2281789786882824,1.4166639813321174,46.295689780447255
Granular_StoneColumn,94.69168671398918,-8.77493644004769,14.083249726058504,37.35987866672221,7.756863035996295,13.866964932461888,18.935531989347645,0.6393015938038912,3.0425879023772557,35.64774310286027,9.586696348812545,1.3028004186618034,181.5291953851022,33.44448976980864,1.0,0.6230213231263588,1.3912852394026594,2.867205134425738,0.1849288654068527,81.08656623727734,2.424511983749163,6.76408996719646,5.442399209688758,81.51717895458123,-0.2252852474374935,1.292308969804708,57.11672756044438
Granular_StoneColumn,75.9181665021213,9.190964203974286,14.89086929390442,35.85174320067137,4.653203877380141,13.676453762929542,19.551592380301898,0.6906678956526352,10.361115138254783,37.69458253357056,6.925229545116354,1.399032672167951,135.39926520613847,30.894270528841698,1.0,0.5296865257348633,1.053181628365245,2.9633562354549987,0.09920389074731711,116.50211544177415,3.7709942150280673,11.703991372818802,4.2562065444419845,57.38435555393882,-0.18677565109393637,1.2607055803508476,47.947573691593405
Granular_StoneColumn,90.44283991403364,-4.830742210911463,14.387902296877822,31.492841412436782,5.638956804473184,20.720833027141396,19.90631419273494,0.5565366849286767,3.3572628888855838,37.93833879532829,7.611443749413931,1.4115734624856702,151.5157907361622,35.3176246792882,1.0,0.4374191545007603,1.3702305766274705,2.6631256620830586,0.2079188533626158,109.48869406510678,3.1001148876616194,7.735514654796362,5.9012491440157415,74.31863432447439,-0.24131761750379574,1.504069525722988,56.44901782683975
Granular_StoneColumn,81.04900116996214,18.861872492372544,0.08912633766531619,21.673268201023664,6.546982347529588,17.820921043944026,19.838895495669792,0.786796903108349,9.049781876739795,34.90498548435201,5.573826657754472,1.0033005872786707,110.5785645741694,27.018013499358826,1.0,0.5127810320200907,0.8212513839685183,2.4585507748438618,0.08763624209049187,91.76175210221047,3.396317501447251,10.693724478832426,5.044923222542541,64.88967672057929,-0.185758390055398,1.450384490110113,42.93060478755133
Granular_StoneColumn,68.9131836360004,30.37119124219152,0.7156251218080806,25.466247173074393,6.696980400916276,20.249149156335847,20.03605891769788,0.6451266361822376,12.65080546838672,34.808489726510594,8.473959998577422,1.191771343410808,169.78476179771226,29.621766341992704,1.0,0.5472957767963671,1.2475501627991337,2.123141423770451,0.27117401310208716,139.74489362357178,4.717642155777363,16.34271451962874,6.4127618240976325,79.64705300650498,-0.267031597156886,1.9002075457994436,60.0
Granular_StoneColumn,88.92696657603565,8.858931136600518,2.21410228736383,25.95439696117034,9.221094099862004,14.041577361221375,18.080461008038505,0.8061289306005932,9.599052846235956,35.86978262447118,4.1659637505908425,1.340356034179492,75.32254515345957,29.69389944325673,1.0,0.6999550033959467,1.1856476207801676,2.999159371156198,0.1227445057002191,133.8297316896569,4.50697733200712,10.666629564561749,4.676875948917936,61.93595931301887,-0.17442339521867378,1.2142950944774054,43.793031404245994
Granular_StoneColumn,86.29481224759628,8.472256300849619,5.232931451554097,31.214863920308343,5.663962930630515,18.980850115850956,18.11933447419689,0.7907891264800101,6.2356339826001115,35.33380854322982,3.3423827769494094,1.3643883577601463,60.56175147634137,28.069682782398658,1.0,0.5754623315592821,0.9497131145516914,2.507703425438527,0.11264771984779191,97.55046170174381,3.475296192620805,8.672086832374976,4.627004075500152,51.711511685758914,-0.19079857914744164,1.034721027267647,37.884533759350454
Granular_StoneColumn,80.82308254787684,6.728146987318782,12.448770464804381,25.16087788073431,9.359668213503586,16.65900474554669,19.973457401721575,0.748420609935635,12.434021057392455,35.80452834568471,5.7686186017529,1.3708055884373265,115.21925790889023,33.147644826111595,1.0,0.5929927255219147,1.1043911004077893,2.6173848867965352,0.1398300449054139,112.46425524791698,3.3928279320564227,13.542292431147084,4.573986408417184,68.24086293966454,-0.21143798133234312,1.2839345935260522,44.94937802316782
Granular_StoneColumn,80.4365927400134,6.173564329954397,13.389842930032207,21.459197278259097,6.089572922238528,18.954404302682917,19.33269705581158,0.6474624601297866,6.236604048990467,37.24399655322736,8.975869997867276,1.0369004006283506,173.52777548111618,26.092534395547375,1.0,0.5220089502488181,0.8777322426562975,2.6188873943463813,0.08822269797121185,98.99012839461744,3.793810401626216,8.612805901407146,4.524400675926725,57.34082053306894,-0.2022336560005632,1.3297040405297018,38.46802885327715
Granular_StoneColumn,67.62438817252784,29.57309573305341,2.8025160944187455,34.61524603706599,8.224608723546478,14.36319598366329,19.4453516844053,0.704894968498351,11.796381371350785,36.477837016925655,8.284487856463862,1.015520890634264,161.0947798941248,27.975171970852497,1.0,0.4740713427738854,1.3229582905709365,2.814302154908618,0.17355644244104343,126.52974509816468,4.522930019161162,14.360280907982887,5.405024015930979,79.18169858632301,-0.23559821523622987,1.579804334301695,54.59530212730377
Granular_StoneColumn,84.67546845721623,6.029569268488144,9.29496227429563,25.98160423310823,9.511780239895392,20.731764454736858,18.131467150535943,0.6834487772793877,10.323101462282775,34.981264350120775,6.620091793422706,1.2540074809642174,120.03197688597636,30.147377941123228,1.0,0.6345335442765221,1.0147388513273887,1.811607046616303,0.24641688078708512,135.81988599178732,4.505197309598161,13.416732533585852,5.718710389825888,85.5792573482863,-0.24205044074841592,1.4462597730079316,56.12323968833362
Granular_StoneColumn,92.33735467262899,-6.097784448608138,13.760429775979148,29.04748354046601,9.353029927742865,22.088940492391984,18.638284502928176,0.6516645658746023,5.039955560976015,34.771186754001015,7.004964230157475,1.3446514786429318,130.56051625451025,26.277282764467408,1.0,0.5232263135187326,1.17562668227943,2.064296328517646,0.2547326829435491,101.52971641486302,3.863782923253893,9.448151575283907,6.468196338358961,74.73320346405546,-0.26438328564921376,1.6443643372797774,60.0
Granular_StoneColumn,67.79734757664075,25.246676384389442,6.955976038969812,22.553332699646106,3.398670071069768,13.898747107865855,19.595885762213694,0.8044408867909534,13.861606498130229,35.8376104910787,3.909249784091288,1.091483709320516,76.60521218501142,30.106464501759916,1.0,0.6981415454875837,0.8952657717723573,2.598640800204017,0.0932183340079417,128.33505494861765,4.2627075969387125,13.115584170541299,4.158631486877976,55.14425535458626,-0.1576202321871371,0.9473126513694621,35.32450136711787
Granular_StoneColumn,72.90534351946715,25.54150290124109,1.5531535792917595,36.05096606789159,4.439930064835989,14.50930839783463,20.14795472527669,0.6950521223732996,5.407724195486349,34.73423770652178,8.884770560323076,0.9628230941174529,179.00995499386056,30.230966172680354,1.0,0.5099922009938154,0.9236989067787242,2.8741748841894816,0.0811193310502074,109.9044525627923,3.6354925586901246,7.943769015580592,4.073827208493113,46.76744181759743,-0.1892749590562018,1.0928528415021876,40.79817971841362
Granular_StoneColumn,92.06923920326297,1.0635560454676591,6.867204751269374,31.310637538481153,6.338337978725926,19.917314045786394,20.292458492953507,0.799816929339144,14.875044889688038,34.74667610759384,8.508717780749379,1.3300478297460465,172.66280239411225,23.518262644969717,1.0,0.37380009927665203,1.3951738224818913,2.6224065383056274,0.2223035926435165,103.79471367869463,4.413366550309154,18.60140859218714,6.611101071064028,78.19797307383136,-0.267549852902483,1.9683469022802644,60.0
Granular_StoneColumn,73.5303172945938,20.832759171085343,5.636923534320858,38.03171252419726,6.020880029671751,20.433777614553165,19.251048739587706,0.5815655422425473,3.0877258638592893,32.09783541071903,7.595292757208599,1.0798186988280027,146.21735106046023,28.34892520424137,1.0,0.588902347981529,1.2518518366647975,2.296189549792416,0.23344268562221368,136.30531112592618,4.808129766610451,7.332453504590819,5.750030892286667,69.88143109143546,-0.24586318487970588,1.3472831072275873,59.3125206965025
Granular_StoneColumn,84.61831016539779,6.716819893612108,8.664869940990105,29.909431261306665,7.486241653860449,20.561495265961753,19.363685581845495,0.5923074365801008,6.1618005257148365,33.04438482444385,6.263337254302569,0.9998176345870331,121.2812932853744,26.27637888691568,1.0,0.36632450782403386,1.3771831218644424,2.233866595044314,0.29850993980970314,110.62428132314189,4.210027637340366,11.542778785384854,7.251041837438762,99.25067545219123,-0.28949833871823555,2.112380180796982,60.0
Granular_StoneColumn,81.04454494829432,12.37557478559913,6.579880266106555,38.828513436357596,9.612963355777886,20.240477571637552,20.082624077672477,0.843196091533893,5.398323567290387,34.93108183997452,9.751214877956588,0.988634117038279,195.82998269460907,33.48864769781728,1.0,0.43767555890964616,0.9775106991272264,2.6855376099399844,0.10405679438891034,108.0446300154479,3.2263061497849024,8.413745599620222,5.074321895331799,62.2704124808274,-0.20646438396573036,1.1552785478861487,47.75989524910613
Granular_StoneColumn,82.88982815011586,16.84998294707837,0.2601889028057691,37.83736408762652,3.786832978945642,15.892115754288081,19.344061501868385,0.7263305387818269,3.1679209220455515,36.93592075430222,9.153223803135297,1.0889457285160298,177.06052418821483,24.850046890025915,1.0,0.47380838847296614,0.8987377259718923,2.6894852365646322,0.08770361540529155,120.34606411774058,4.842890826336589,6.510637689473868,4.627477934392512,57.642541357846056,-0.17378500289304638,1.1224338703656547,43.95476379548325
Granular_StoneColumn,77.47366704731759,7.616366951477342,14.909966001205067,31.52919712918468,6.163010655939683,15.922805116055176,19.292146313843293,0.7029309020497148,11.788414801767786,33.67236204036274,7.51101345460233,1.2556068395482474,144.90357053143373,25.571587080566513,1.0,0.6088192549674647,1.1018410780872985,2.5284695910068287,0.14914624727637746,95.67405206109706,3.741420184819342,13.213103040303869,5.379384648051757,61.96127437676903,-0.2008441861556645,1.0482549708550806,47.17816109124671
Granular_StoneColumn,73.99974411661134,17.847152317430098,8.153103565958563,38.677868762997264,4.346877265209975,13.822264354665721,20.262710094402383,0.7069468189432335,11.321109625195156,35.13586059878689,5.6026069840210155,1.11504134321629,113.52400109009193,28.802910682228585,1.0,0.5229825742426645,1.096800969336406,2.1497604289168044,0.20443977938364574,99.48757224729894,3.4540805040472122,14.196686980801024,6.2031090828283855,77.12585323509596,-0.24324887670392667,1.4881206242468565,58.59263350969693
Granular_StoneColumn,66.45600352189007,26.43953514584079,7.104461332269143,26.461774945891044,9.258753188785633,12.352505498445446,19.9748318026397,0.6145806322098579,12.508211572259166,34.069772508555396,7.326155950770587,0.912397110956059,146.33873287655038,25.931430065892282,1.0,0.3600260759585898,0.9049679082547928,2.9101857820686523,0.07594773203793294,135.92275017431737,5.241621839942299,13.927959832760687,5.421704395247172,66.54419742706271,-0.21762597589028673,1.5014345703040737,42.11384989028385
Granular_StoneColumn,87.32842817882492,-1.6476887513857328,14.319260572560811,27.31284325408423,9.752061300611569,20.388660690953586,20.272681315903235,0.7656111848505919,6.080382557574783,32.628823937237534,7.028086485714658,0.9581450608066867,142.47815758549956,32.17484961850736,1.0,0.5658974479465727,1.239931741748846,2.462255930542367,0.19916776637272865,120.71179072621655,3.7517437426275237,9.540273919457189,5.461496633431911,76.78957165147665,-0.24567762291053535,1.514769816719474,55.70700745530176
Granular_StoneColumn,87.3828038658268,10.279290620367043,2.337905513806157,20.90955902612074,6.3509117732324505,11.397831789584693,18.545617636952883,0.5754341871189264,8.33202200499564,37.749790898427804,5.759693914844415,1.0743019483191714,106.81708105058878,25.353197042323213,1.0,0.4940026830993318,1.0170665206632403,2.7485908274979964,0.1075395990547735,129.59822886626034,5.111711499339365,10.536966342657774,4.641619382340738,71.51710350817221,-0.21284646587798386,1.1353073242050689,48.08974575085019
Granular_StoneColumn,85.1217722023617,12.039663759459579,2.8385640381787236,31.784018135277062,3.7280720840969854,24.066884301801725,19.310938716638393,0.7219971139309069,10.90936225945857,37.12804322150181,5.146717801816532,1.2958226892882552,99.38795206271091,37.39241345322428,1.0,0.6726420784884874,0.9118191385583104,2.057169914594198,0.15430036730993724,96.26670571612578,2.574498322675796,12.154057300689695,4.72659836230602,57.233342031453596,-0.20221228740370595,1.3326545359723931,44.87467103939435
Granular_StoneColumn,84.30901364358861,3.570765120469634,12.120221235941752,34.438479398578664,8.497062667058714,22.40029455507177,20.106180321483393,0.7212306389757704,8.277222046657723,32.47095454680144,5.849075545661257,0.9591090440811203,117.6025676350441,30.84824520932691,1.0,0.5248468088990823,0.9991900367259731,2.2128489463376733,0.16013362422941188,112.62741139579232,3.651015175467408,11.012992877845347,5.30102828068512,63.36034742697034,-0.2163073327363366,1.5515963487995423,51.21849829890415
Granular_StoneColumn,72.31151396502578,23.776019834599087,3.9124662003751314,35.470383804842065,7.879989453446793,22.862586099358843,18.27786956866777,0.8242565272400533,11.367909243814989,36.31872357480971,7.017379842233785,1.2363941121004092,128.26275347014754,33.157907485233906,1.0,0.5981413010787686,1.138195219781009,2.849495419664811,0.12531050193396945,138.2837760193699,4.170461482858993,12.472550212381744,4.506213482137039,60.85673954568515,-0.19813083832993725,1.2191437069839048,36.84762984322995
Granular_StoneColumn,65.67034801298874,22.341245392638356,11.988406594372904,22.996325720922066,5.482695786272173,23.600032219227852,19.986655385734906,0.7078548430314582,10.607680901285306,34.085479426145,5.996943912977661,0.9719315224944026,119.85885135626513,28.356317847715687,1.0,0.42660397231534136,1.2358825593082658,1.8601284359279622,0.346703658657895,99.12223394169305,3.495596095163607,16.001604092272455,7.147279665999911,90.13447110241228,-0.308130729474455,2.2941698989783106,60.0
Granular_StoneColumn,89.2614619065632,6.665535849809263,4.073002243627538,28.883181446250006,9.211852317782744,16.1290745608486,18.457433458537174,0.5911188087922539,4.375773636266118,37.969098842370755,4.845021417409686,1.0269691964096288,89.42666041702675,31.577152708600366,1.0,0.6163407475860786,1.0891345316344907,2.4147783735079944,0.15977115751295334,89.6285885790225,2.838399947143152,7.6040571109025885,4.9949177737350885,57.61556170463339,-0.19332076489771272,1.400799644309607,53.364858748816815
Granular_StoneColumn,79.7341560708748,19.768029475750176,0.4978144533750223,23.53726424187831,9.83082322847895,22.700510850256016,20.020296887463303,0.7218259777744488,12.372517452923617,33.814391118973866,8.32674322432566,1.0033131165334577,166.70387145667317,24.392754402752175,1.0,0.6023343586692853,1.115356993897024,2.378046575812811,0.1727734312889636,110.65316049347985,4.536312655244671,14.121751884047002,5.130882873614997,71.1510882181422,-0.21721573804512934,1.4575494134823324,50.68649406418792
Granular_StoneColumn,74.20514392107854,18.039635220620717,7.75522085830074,33.24254697708498,6.904976943911368,12.37091950437474,19.53000234389217,0.5773982933095998,11.648116309110218,33.4324306721756,6.7202724717018905,0.9403371813424863,131.24693712393196,24.997079698141444,1.0,0.6664285979894577,0.8833675615656491,2.7014762266896986,0.08397895689541818,103.26926532349258,4.131253193194833,11.702052033558566,4.264355795083813,47.49146194070288,-0.14578558651418227,0.9209500603317674,36.788190393676935
Granular_StoneColumn,68.0579572034171,28.991746284679976,2.9502965119029207,23.158927448435364,6.960095379410046,10.324626919123535,18.48308997871217,0.6111381505899766,10.870012651408864,35.40734328983243,3.4737261425791996,1.3027978904319542,64.20519285469608,33.166843599315555,1.0,0.3618375746017197,1.3488145548249393,2.138272524719199,0.3125131220324879,89.57463396720281,2.700728325231748,16.261312524894777,7.699531815456444,89.75084524985176,-0.321758109803392,2.1252878182745607,60.0
Granular_StoneColumn,66.88164772704165,21.750657878971282,11.367694393987065,38.0832736791215,5.082594535796445,21.773370919957753,19.183385448332004,0.5593325752562249,4.861123275252028,37.01075698005923,5.578215539382878,1.1780421284316207,107.00905880585697,31.10552724902361,1.0,0.5066252441661079,1.3572345187952266,2.0628801862315194,0.3399786660285576,133.3130829622021,4.285832607656143,10.173881186621305,7.682367201369572,85.96631778749801,-0.3053444713063641,2.031653131235366,60.0
Granular_StoneColumn,75.46600165385532,14.916003847662463,9.617994498482222,24.612692913228265,7.091542251883199,11.12194971995409,19.704762916151928,0.7039880747378495,6.215957385544364,33.155113230918786,9.194394200483956,1.398632064538403,181.1733578781786,24.75621480135615,1.0,0.5877043909588705,1.210055954250802,2.9113594065278807,0.13567790930767995,139.44343463322667,5.63266378774464,8.900761828391751,4.523625336496827,60.47899843889139,-0.2071187126553114,1.3328036809387749,48.825112423060816
Granular_StoneColumn,89.14211194300822,-2.9961519626769846,13.854040019668767,25.828045325764897,6.0774962436739255,24.827870009888823,19.584632252208856,0.5753597845880718,7.718124379051205,36.25641661831599,8.286655718399665,0.9593345039893902,162.291104845521,18.749251874097382,1.0,0.3833073650280752,0.8105788453604149,2.4860515823501577,0.08349493692776129,114.11493084139987,6.086372491430064,10.296191067272275,5.23903690797111,70.11657094370085,-0.2014149095920558,1.2534655504019465,48.5161531802089
Granular_StoneColumn,92.56171248001492,-4.306537839000956,11.744825358986038,37.018126443019995,5.115337188496364,20.121946444023337,19.06811799057926,0.6908183135593987,6.3591554598773214,32.36843949884673,5.26272748760805,0.9868397600028433,100.35030868597505,29.75275499798637,1.0,0.4937114235021193,1.1222445295419956,1.9256274819403854,0.26675976409235586,126.48060610240725,4.251055275754037,10.849772713433463,6.399758953234814,91.27625575417343,-0.2956478606830327,1.8007714656545533,60.0
Granular_StoneColumn,91.90254093839194,5.385819738997161,2.7116393226109023,29.169352202914475,3.470296375667309,21.301745653631585,20.24841632230232,0.8298835105972432,5.7337234881135775,37.513608458662986,9.567282064311563,1.0838746388102705,193.72231031107648,31.189750963803796,1.0,0.6797513110731683,1.177531383253168,2.0316433946571855,0.2638395524685559,131.54230217277797,4.217484850245675,9.556764623098328,5.539815051325144,75.08275664041034,-0.2580119576654643,1.4737584143447457,60.0
Granular_StoneColumn,92.60002504248965,-4.6023985924615936,12.002373549971946,20.47991891600146,4.768955017963874,13.687057844167988,19.29815853621961,0.7659284239057996,12.664292041941309,32.48644949688379,3.536220358507471,1.3595195921632848,68.24254109748452,29.59095670381617,1.0,0.5025770718118948,1.396792533774866,2.998591271417098,0.17041944488189148,122.05892036130962,4.124872392029435,14.834851956013216,5.418239699838372,81.38341176931905,-0.229690983679634,1.2063902592809719,56.85930641663049
Granular_StoneColumn,92.23176029388028,-1.8578159660906337,9.626055672210349,29.891725024052917,4.38498254774365,20.107980908795323,19.264668246321722,0.573223502267588,10.658786956322428,37.48538825806497,9.728642927245321,1.0834552938934192,187.41907848030536,33.55574286883761,1.0,0.694891674218221,1.3976401731168782,2.034730795502631,0.370566977892907,82.64936294670387,2.4630467359868313,15.30262744061915,7.3069567565819025,89.09430235702872,-0.2730839420624683,2.0157001269918613,60.0
Granular_StoneColumn,80.81674254801187,9.148982825578752,10.034274626409374,21.69086670760246,6.7942938918776425,10.648299058824358,18.155626474853637,0.617262943662653,9.785665578603004,34.94484349671622,4.719935647392729,1.1450512244992155,85.69338859940888,32.0731164497579,1.0,0.36989367137793683,1.3145667411953343,2.5325706136244146,0.21160797709184187,89.45805390300907,2.789191192042217,13.739030798885816,6.33900505618699,81.30351889160579,-0.2640207717537159,1.5549234908746987,60.0
Granular_StoneColumn,71.58246915670712,15.933587553740649,12.483943289552231,39.70689437374621,7.211690152345157,22.567385798854012,20.30530097449409,0.7520987259680303,5.711432530239046,34.688546676775516,3.0636592621169347,1.0809621397782987,62.208523400580845,30.124214943549415,1.0,0.6012404216493119,0.8382985952156682,2.3041536947947416,0.10395956866186176,84.25935146908319,2.797063811521033,8.081674888565713,4.939502609521697,38.66848920496382,-0.19725990002322416,1.1538222392340791,47.202119147457324
Granular_StoneColumn,88.94139748510462,2.4512414770612807,8.607361037834103,31.762231409112047,7.260002070142115,12.544361395473587,18.442791421695933,0.8184105583072552,14.016918747223695,37.83984247700226,6.036656255628287,0.948134575080618,111.33279220702846,32.685694559207974,1.0,0.5533556826868943,1.3719658344672379,2.862718913819802,0.18039274180382878,80.5927763985234,2.4656895772104495,15.763018257464658,5.613181999270571,65.25316693707104,-0.2364932677858386,1.474515788918226,50.403595563555655
Granular_StoneColumn,71.41138924557737,21.59855803912744,6.990052715295193,25.13065235221957,5.717267007319753,20.46037100250656,19.320861733591386,0.5598755760291861,5.294196469167796,37.94230506618931,5.51279300780906,1.4636601737377124,106.51191146978823,20.081892054137867,1.0,0.5251888869962439,1.1675967482911993,2.706202310754393,0.14620260604397586,98.3597845254342,4.897934131916977,8.568781060779363,5.156966817988255,70.59400466661869,-0.20056985137498495,1.4217457504082949,51.95863302511435
Granular_StoneColumn,73.01621830269707,17.43416616692201,9.549615530380919,31.274353590952355,5.948608135798472,13.367207518490925,20.008919003500775,0.7937353395161781,12.539411193896125,35.90106875576607,6.773623036447557,1.2291233952427132,135.53287469652614,25.669951172258774,1.0,0.6897965905197532,1.2805320622875076,2.516341675514179,0.20339092635633332,103.54135762889359,4.033562702713263,14.263351533607214,5.60634417365727,74.62677132511732,-0.22280841652901856,1.3435294046638142,52.9126674083889
Granular_StoneColumn,71.99762965467646,23.533008910948155,4.4693614343753865,21.537342067635098,8.83966900748448,11.026797541390641,18.53863319238911,0.7185441641014926,14.600072000463516,32.76271575114229,8.577410023988918,1.372699912911298,159.01345817545203,36.3616529475501,1.0,0.39537764017189503,1.0443157098115121,1.812886778157579,0.2606226405892644,94.46178394015554,2.597840754830701,18.786127954883412,6.989771648272892,82.8974209337099,-0.2926026594177729,1.889391162025179,60.0
Granular_StoneColumn,80.44947211087418,16.811570922819328,2.7389569663064894,35.99782608537634,6.333629694620137,17.222405178240916,19.3184332249271,0.7138273975889178,11.725112750690833,35.03702051393122,8.89701561505313,1.2950142553111776,171.87640206053763,31.016739289991072,1.0,0.6635996330883196,0.9918016827407539,2.8557542489921515,0.09473226031005225,83.87627888517926,2.7042261954416875,11.880669885168873,3.8592563710216687,52.15968996613043,-0.15518561554184476,1.0982233046409235,38.853321530942694
Granular_StoneColumn,74.6548252450724,16.096357183858903,9.248817571068695,38.50656107728327,9.914413324959856,12.539293154091842,18.601712273058354,0.8373439548260073,14.914305302215556,35.174978605733976,5.808609997281843,1.208552567437185,108.0500918758471,28.82150280042985,1.0,0.5919341438978136,1.0779464872902849,2.3336009650064593,0.16758343699617917,111.79178545020065,3.8787632353623613,16.028411237270063,5.757917721197536,70.70186404302096,-0.20406723538260432,1.448278857047253,52.81771672135883
Granular_StoneColumn,69.62468148876025,26.86759297495759,3.507725536282165,37.48888776412319,6.0773206100620545,20.941659824898245,19.89923749449978,0.7742933837790319,10.81261340373536,35.086678568811855,6.0089202059444515,0.9538069539956281,119.57293026358717,28.474693539800608,1.0,0.4406486256548714,0.8881247077812962,2.917893183622292,0.07276105829673735,96.3991591974285,3.385432719853024,12.114215669857888,4.801267822624665,57.73242474157395,-0.18156874422144545,1.4250402134357283,42.78961587513376
Granular_StoneColumn,78.59520235681647,20.206071002984427,1.198726640199101,26.835152045971256,7.547066612324873,13.563487650752272,19.410852919682878,0.8050356604168336,5.609524123246739,35.41695103112006,4.037244112306316,1.2856401271621827,78.36635166483356,31.034675402630114,1.0,0.6655842009713027,1.0142396832519835,2.3946468154250415,0.14089258635584365,127.76222929181374,4.116757389413076,8.16976688879748,4.635915601222343,42.64590445621481,-0.1999286164537705,1.2171863212677934,48.91948176793214
Granular_StoneColumn,91.217217163555,8.774470067666186,0.00831276877880871,26.51536239286737,3.3525409929537706,15.137088343537432,20.13993965098786,0.6561986708634,5.445833924598135,32.11234828276634,3.3328332621681445,0.9932222135620993,67.12306076687143,22.387657057941333,1.0,0.5002532212513546,1.314570499860967,2.6330693870192707,0.1957640935757172,80.48315729751687,3.5949790140709674,9.29027722026663,5.626273385206624,75.57529346830488,-0.25787327250090647,1.572565817255617,53.3279863094163
Granular_StoneColumn,82.11658564849917,8.758623330499825,9.124791021001007,20.701752224326,7.573379470931676,18.511588768967094,20.236395007193458,0.716309212248523,6.894771411065716,36.26736368882301,7.488504931645173,1.148629901613766,151.54034381008796,28.182164474744162,1.0,0.6349795648255747,0.8227702917565289,1.8831511793599707,0.1499259164370885,130.5516230772566,4.6324200255893135,9.366961794116168,5.213268710870227,64.16018617769402,-0.19864363638086902,1.1490146933343603,52.21265265955413
Granular_StoneColumn,91.35006817662762,3.2177000711688315,5.432231752203553,33.028007174018335,8.959984760905042,14.274524163659674,19.621833706113495,0.7346217032283312,3.0855602426520727,36.27436581171793,3.451063378868846,1.2774678860882582,67.71619172942265,31.53785512377697,1.0,0.4860927809665899,0.8905268280947627,2.694181984232143,0.08580844682774712,137.28522073675742,4.353029722470111,6.359849968753679,4.83294592904001,51.333776058337165,-0.18905554287058077,1.2556425491174057,47.4297474967413
Granular_StoneColumn,70.87616555237412,17.839169887524044,11.28466456010184,30.6980956837959,9.597204869733073,15.669821743149424,19.813478115397363,0.6464751821087396,11.180381640994014,32.69281865106733,8.136810835950191,1.369337400283274,161.21852342722724,31.062023218249777,1.0,0.6478257896016343,0.8750696957896913,2.2055952375743075,0.12362990601612854,122.96810378921418,3.958792475467828,12.061269396565303,4.6963364223600035,53.08224319859897,-0.18166918897426135,1.232355462858298,42.31277709395718
Granular_StoneColumn,70.00921621017662,24.363137815126844,5.627645974696537,29.186927426546827,9.981244281478393,22.234326565605798,19.37305024971716,0.7210744374842198,6.224013415533931,35.42143665467481,6.773631015155733,1.3110271054251719,131.22589402965465,27.0554211068315,1.0,0.572820191455767,1.0418453256201368,2.221630817198137,0.17272396314872673,124.01864391575398,4.583874094069793,9.36954620860826,5.18559105140652,59.43657185213764,-0.2051285962462871,1.37827875422548,50.36870862298586
Granular_StoneColumn,82.26731377095261,10.442634505473988,7.2900517235734,38.15261906669414,4.975250519544632,12.688147743415385,18.96107183266846,0.6209966138439141,12.782198787513034,35.41016709461465,4.390080847582584,1.3029201174327774,83.24063830223541,22.741376293255296,1.0,0.3993663217543045,1.3981921405345168,1.942387013651268,0.40696031694865686,136.01373869616398,5.980893018181285,18.154376799637905,7.750230171573021,81.57911470851789,-0.3273376709000825,2.115353500502084,60.0
Granular_StoneColumn,78.8998670463882,14.993858361381031,6.106274592230774,23.357578021656927,7.027590453780018,11.233023842229006,19.620294807552085,0.5930127013204719,7.310071806711603,36.0947025211424,6.776660604588548,0.9894253255051245,132.96007887275147,30.554813234517194,1.0,0.5773821072143346,0.9040147581268296,1.9762285783682427,0.16434881290147382,92.54427711802094,3.028795378578044,10.079263694351178,5.478274572176675,70.64570847055292,-0.20576682007474878,1.3263172050057095,49.72719343203783
Granular_StoneColumn,84.80517924940871,5.436198883951098,9.758621866640192,20.193325333803646,6.1550258987250315,14.92536677699529,20.27072155871832,0.6621910777831999,8.759477921559753,32.512386152810485,4.280984016214692,1.1076771240429528,86.7786349900117,25.977120118906562,1.0,0.4169706669456554,0.8872895897595561,2.022910867447452,0.15110093739421598,139.6739340925146,5.376805952822218,11.818664263359036,5.472833850327038,71.10162919164169,-0.24486072218986377,1.582559314839083,55.06707506993507
Granular_StoneColumn,88.83880373080345,5.819108838972029,5.342087430224523,21.46632904241531,6.946722364026197,16.365651505208174,19.041700951078596,0.7717868886239311,14.588266998724432,35.759019843596576,6.071160452572884,0.9257473635961165,115.60522176390785,26.220584397451244,1.0,0.4941729197629569,1.3490334378656925,2.193847402285707,0.296976769197001,126.40887220271252,4.820978445278284,18.980023261761104,6.544075171295784,99.06598966723105,-0.279324822341395,2.0002639416435937,60.0
Granular_StoneColumn,87.53921886956529,-1.9957336186999228,14.456514749134634,24.467428756547378,4.1021707003289265,18.139889232048517,18.78602506593449,0.8248561444221663,5.906065476567325,33.68451170447805,8.596922213695603,1.3316861359058787,161.5019961963746,25.940221304096557,1.0,0.4096034544882118,1.3292303101795793,2.8703638953307262,0.16842883153164476,123.59424249966762,4.764579339966897,9.683541429328328,6.061819202405154,79.29886968331965,-0.247558203903692,1.6740575293887014,60.0
Granular_StoneColumn,93.26783520975684,-7.310040008734791,14.042204798977952,20.66571098526914,8.99304700817159,15.586355442625106,18.971092346381436,0.6873142154494698,11.655049169156875,35.04201794297703,6.233435053874462,1.4715515887904513,118.25507204222356,32.9280741461049,1.0,0.35770564048349146,0.8193442219979327,2.2419122858760967,0.10490240338744454,101.66543473971757,3.087500176555078,13.686166464662284,4.863741009866323,64.2144636056046,-0.22796243024007365,1.4148648475613697,52.15204495506585
Granular_StoneColumn,76.94769227471035,10.33188918543043,12.72041853985922,30.05687421286271,9.366982603412113,21.848675503342076,19.088494075529,0.7428471064826295,12.061413471665006,36.63994131622446,4.040895228082838,1.0584662341074456,77.13460462109265,32.5794716218432,1.0,0.42416028880748513,1.251023576107589,2.669235247875862,0.1725230659540657,112.74664912433664,3.4606653672291188,14.792058855717366,5.875030768784472,72.83445154134301,-0.24649177854587281,1.4240316324358957,54.365229919890794
Granular_StoneColumn,71.19160226744542,15.00389367396336,13.804504058591222,26.28180910467156,6.147631641790458,10.589792315027099,18.18390257244429,0.5809111392925301,5.6519778902836215,36.23387561817808,8.066800772760615,0.9526180254973856,146.68591932319734,28.009306785526935,1.0,0.537730208303444,1.1932794208858577,1.8992970046678457,0.31001907528885436,119.23506729640081,4.256980303347328,10.530404217202467,6.805633930899584,92.46100339437785,-0.30111474627175633,1.8085126723837144,60.0
Granular_StoneColumn,81.52737919843658,11.735525474672558,6.737095326890865,23.609660161362655,4.963009031015038,16.47651307297837,19.246104601087485,0.8213391275656986,9.011962039346347,32.71341810606796,4.307378913890062,1.1853420460521922,82.90026513324673,31.446533145087564,1.0,0.518546338722071,1.2606444859116253,2.509318559126391,0.1982273344420747,117.22057167903296,3.727615096335178,12.16120471448646,6.141338957223471,78.37427524868073,-0.23775151868444844,1.6041406970622059,55.77123774768975
Granular_StoneColumn,68.32229360573557,23.63125044242205,8.046455951842383,35.00168149897324,3.9858339935710863,15.73383871984607,19.23578562012515,0.7205812640709803,7.202423103755621,35.547108722696436,8.169849120590765,1.4140189338765414,157.15346623245193,28.062234898079463,1.0,0.5255239834376223,1.0967014728775533,2.3782694775245274,0.16701082078573,122.29907830865484,4.358137502335026,10.26376498069815,5.321010595144686,69.73659375142908,-0.2318460573388899,1.7255166054012818,49.580657776503855
Granular_StoneColumn,73.66553369994894,15.203077411677395,11.131388888373667,24.0890265246506,7.786353773444631,19.713677362102885,19.47110956910131,0.7841014742875471,12.262874920801071,37.81469918564443,6.355466024510833,1.2311845171630678,123.74797532595113,27.591095579335654,1.0,0.43669040745631044,1.3948275310689773,2.9735495363454056,0.1728146465821854,84.94290434470463,3.0786347030134826,14.953924535441374,6.157061391001009,79.90268511323504,-0.23234033016599168,1.5065773572361103,53.31603703717642
Granular_StoneColumn,71.23664165789434,18.321169468027545,10.442188874078116,33.75210201987586,5.185622877345146,24.494143778460938,18.90705007617833,0.7883323602764181,10.46979982834845,32.94061662401001,6.176192313660112,0.928066290114068,116.77357735447943,28.95075125709805,1.0,0.5898064202149651,0.8263082112265779,2.8154493238547555,0.06765168044709097,101.3389059699018,3.500389508719773,11.001300641948976,3.9734415683175643,47.4457999363282,-0.16308712259077388,1.0930118418945185,44.75817932140587
Granular_StoneColumn,76.89691150391243,9.742909562005503,13.360178934082063,26.985298116952777,9.36676998939372,17.65563109943293,19.532768989888975,0.6269441579104318,8.711796658326564,37.11744252635249,8.960045265002323,1.4845633443167676,175.01449430023894,17.825886714973866,1.0,0.596492150387121,0.9406229518422835,2.34579572692638,0.12628176490197454,106.04000099572863,5.948652243293699,10.683749240090096,5.120274470703268,53.054398616078835,-0.18146331152036313,1.1793568438580873,46.87750991068044
Granular_StoneColumn,68.33649725006646,20.918537341083113,10.74496540885043,30.23655521325109,7.69708732391409,24.803152704125807,20.195540775685508,0.7087523359545549,12.35235918057262,36.21528848332266,7.960224670384681,1.3971899459775603,160.76104191437156,26.31992226099361,1.0,0.4752887389458829,1.037927592184169,2.7301713168544066,0.11351263279969703,95.63775787249799,3.633664147034131,13.788195013788098,5.673100020225147,61.97360987051626,-0.20446162337600995,1.1996232218123373,46.01307413392835
Granular_StoneColumn,65.95525233644294,19.07647704013015,14.968270623426909,38.677340797026396,7.519797276219685,14.533740923697962,20.38867747623791,0.8381439254682932,5.821866840101004,36.64401987745856,3.230375578684575,0.9789564462309062,65.8630858009152,20.632179873543702,1.0,0.658409530965961,1.0698667649394218,2.031646489552533,0.21779755005754634,90.35763621615342,4.3794517481896085,9.281960700374206,5.244283738582591,70.81432931239367,-0.22415563399971852,1.3882514603984553,56.48403774540815
Granular_StoneColumn,84.70382013890095,10.068592863625183,5.227586997473866,20.747032696316257,6.915814811287686,10.463021988136916,19.459030540352625,0.5768903634462483,12.043462567012309,33.69174996285587,5.073220202211217,1.4530786539021054,98.71994685276199,34.59759853663113,1.0,0.5754081258224417,1.3528204416197112,2.474803592870134,0.23468683044175595,88.33564879477177,2.5532306440646173,14.953973472277028,6.028777243304712,67.70731342769136,-0.23104760716444855,1.3324533208313116,54.5775989990884
Granular_StoneColumn,83.30746934869414,4.197564517714589,12.49496613359127,30.00529014954924,3.3204343760010793,12.484947512146192,18.106477384925782,0.754914969408869,13.384491745113891,33.72733357627906,9.09644462594929,1.1704129731631132,164.7045689029805,28.03700680629598,1.0,0.599563746340521,1.1360026184463552,1.8895428666824499,0.283880164626541,101.98300353539511,3.6374426214603566,16.934729764974563,7.259333464866566,73.88789964644552,-0.27188907446416477,1.892821829576994,60.0
Granular_StoneColumn,86.25076808115983,3.2847095763502043,10.464522342489962,37.088459206552365,9.52345704979911,15.92687327161851,20.42308999316777,0.8386792234105516,13.543459161690869,37.43611673465893,3.1282831798163904,1.1231387943449647,63.889208905503175,30.126262211136957,1.0,0.44706897127862877,0.8270665973122364,2.2177068387020196,0.10923519106993991,109.60650203375396,3.6382376700298074,14.75143021290309,5.101821448439638,65.42711911739801,-0.22412611547692868,1.0569378097608746,46.39419146746884
Granular_StoneColumn,84.81159320814032,4.817610113634398,10.370796678225279,31.75948496740697,7.39556245309622,14.745008637828283,19.76465515224064,0.6401731324162067,12.404083116235245,34.15899219255535,6.816774123833793,1.176631998316313,134.73118980829224,23.28543053693076,1.0,0.35021407230445545,1.0447177780553971,2.0710346179466046,0.19985413355147738,83.77858640879964,3.597897246345802,16.09984971090496,6.479049734101829,79.83579664307737,-0.2646871116184217,1.7064945882618046,60.0
Granular_StoneColumn,68.4288404342715,26.68362564305351,4.887533922674984,25.537410339303133,9.958433883681773,11.455811964750666,18.83990912138413,0.8084343764213044,7.8961700039792255,32.37809234415686,8.094779684217606,1.4007431741225682,152.50491360828624,30.322784783715463,1.0,0.6528814642357383,1.0498942474214419,2.6626917783902533,0.12210661696614684,136.78748567543298,4.511046285857402,9.659161626320534,4.715006990313167,53.19976640255603,-0.19832872244663827,1.0021618443903522,41.507980618833386
Granular_StoneColumn,73.73236644126939,14.483606672385271,11.784026886345337,27.953622702900688,6.761494833410209,16.48990161536075,18.367894252409307,0.8300972636224815,14.781696272613924,35.6035802214767,7.352992598392031,1.2956878069720714,135.05899048601316,29.353098960663356,1.0,0.637848534602933,1.3792945630626707,2.388108829457234,0.26199662771031595,125.9145993716455,4.28965267143977,17.481077100153726,6.0629848717243044,74.30953601615333,-0.22507147212474102,1.5090725579052988,51.97370234133122
Granular_StoneColumn,68.88579829701057,17.608561367775444,13.505640335213988,33.60531257457149,7.970776243343492,15.07173657489344,18.358546530590687,0.7741258628184475,7.5551237258692785,32.748906014251055,8.323725414731054,0.9355490714398366,152.81150033420033,27.4217462294845,1.0,0.39311716081499054,1.159518254612665,2.7012845746176124,0.14471194631806517,123.85110639112798,4.516528792683538,10.831458132188862,5.167336346208839,80.333247458796,-0.21959102310337741,1.6690339625426416,58.908159365810164
Granular_StoneColumn,90.2891720614569,6.43260101573466,3.2782269228084444,37.816237886276056,3.3934669050635553,11.839288306861576,18.419361015349008,0.6193984936920875,10.663504789229108,36.77957744844745,8.079842942403221,1.4745626226697026,148.8255441034447,28.566123969465743,1.0,0.4809367972347073,1.1813906426953633,2.418354525157735,0.1874290911132959,90.37163149932361,3.163594458804478,13.59887796747584,6.155801996659338,80.71554057197845,-0.21819839434230318,1.5689627740660639,55.83877690309586
Granular_StoneColumn,87.4071096606657,3.2104377825837425,9.382452556750561,20.821327474932232,7.422153237763876,14.441756959178633,18.11393130403455,0.6502002156479781,4.932890136833624,35.85047865500634,7.844214866071793,0.9886704800869907,142.08956921811105,27.12351882624961,1.0,0.5814687579360038,1.2279518187507623,1.9037813305819662,0.32675211514037217,116.22804608073133,4.28513891671932,9.882987611568241,6.3688243995899745,82.06342094621671,-0.2872800687229326,1.7750651380230558,60.0
Granular_StoneColumn,71.04581008754727,23.072167475911105,5.882022436541628,21.430776437807527,8.352547281132502,23.296540830330855,20.25538547163228,0.5607427883253192,14.765386783636712,37.24835903132725,8.750779026479565,1.3473407710412106,177.25040235841865,28.17079597968746,1.0,0.5782388000265548,1.262023589409274,2.6824411796790324,0.17384588355910258,111.78349680852004,3.968063127826473,16.13459534591471,5.197057397153552,62.949585031863926,-0.21374821791694462,1.325886411848935,50.45597753813953
Granular_StoneColumn,75.2392772146968,9.917500995880046,14.843221789423156,26.50103047219175,8.449600063967901,14.530732982340103,19.35192058206834,0.7994359702736066,11.44783106237596,36.709023498695814,7.5198346791467685,1.2816819182568786,145.52324350113165,24.101679115565346,1.0,0.6511226171829947,1.1810306421214936,2.799875116785367,0.1397445536545217,138.94813074720162,5.765080934027793,12.58206987167717,5.084164888990308,62.74413543459784,-0.19884213616299784,1.1247234028199438,46.46733096911727
Granular_StoneColumn,93.99844976792643,-1.1809420054016542,7.182492237475223,24.65559368874958,8.390781565611999,20.709331348630776,19.74989853178459,0.8048833559533239,12.04053054295642,32.672681890029175,5.8169294597988745,1.0125168287679365,114.88376659757633,33.334403713210136,1.0,0.3990938565724,0.9423166106803613,2.884237471095351,0.08383426194151272,124.86030620480948,3.7456889068433648,13.391585268655447,4.849201388865785,64.57394241994992,-0.19517759017157502,1.2816237545881206,48.653925438733964
